        ; prologue: constants
start:
      0 00001937  lui s2, 0x1
      1 80090913  addi s2, s2, -2048
      2 000019b7  lui s3, 0x1
      3 00002a37  lui s4, 0x2
      4 800a0a13  addi s4, s4, -2048
      5 00002ab7  lui s5, 0x2
      6 00100313  addi t1, x0, 1
      7 03d31313  slli t1, t1, 61
      8 00200393  addi t2, x0, 2
      9 03d39393  slli t2, t2, 61
     10 00300413  addi s0, x0, 3
     11 03d41413  slli s0, s0, 61
     12 00400493  addi s1, x0, 4
     13 03d49493  slli s1, s1, 61
     14 00500693  addi a3, x0, 5
     15 03d69693  slli a3, a3, 61
     16 00600713  addi a4, x0, 6
     17 03d71713  slli a4, a4, 61
     18 00700793  addi a5, x0, 7
     19 03d79793  slli a5, a5, 61
     20 071c7d37  lui s10, 0x71c7
     21 1c7d0d13  addi s10, s10, 455
     22 00cd1d13  slli s10, s10, 12
     23 1c7d0d13  addi s10, s10, 455
     24 00cd1d13  slli s10, s10, 12
     25 1c7d0d13  addi s10, s10, 455
     26 00cd1d13  slli s10, s10, 12
     27 1c7d0d13  addi s10, s10, 455
     28 ff03fdb7  lui s11, 0xff03f
     29 03fd8d93  addi s11, s11, 63
     30 00cd9d93  slli s11, s11, 12
     31 03fd8d93  addi s11, s11, 63
     32 00cd9d93  slli s11, s11, 12
     33 03fd8d93  addi s11, s11, 63
     34 00cd9d93  slli s11, s11, 12
     35 03fd8d93  addi s11, s11, 63
        ; counter range check: every c_lay < 2^20
counters:
     36 630ab183  ld gp, 1584(s5)
     37 638ab203  ld tp, 1592(s5)
     38 0041e1b3  or gp, gp, tp
     39 640ab203  ld tp, 1600(s5)
     40 0041e1b3  or gp, gp, tp
     41 648ae203  lwu tp, 1608(s5)
     42 0041e1b3  or gp, gp, tp
     43 00100237  lui tp, 0x100
     44 fff20213  addi tp, tp, -1
     45 00c21213  slli tp, tp, 12
     46 00120213  addi tp, tp, 1
     47 00821213  slli tp, tp, 8
     48 00c21213  slli tp, tp, 12
     49 fff20213  addi tp, tp, -1
     50 0041e1b3  or gp, gp, tp
     51 04419063  bne gp, tp, +64
        ; message digest
digest:
     52 000011b7  lui gp, 0x1
     53 c0118193  addi gp, gp, -1023
     54 00303023  sd gp, 0(x0)
     55 00093083  ld ra, 0(s2)
     56 00893103  ld sp, 8(s2)
     57 02103023  sd ra, 32(x0)
     58 02203423  sd sp, 40(x0)
     59 00000513  addi a0, x0, 0
     60 08000593  addi a1, x0, 128
     61 16000613  addi a2, x0, 352
     62 00000073  ecall
     63 17003c83  ld s9, 368(x0)
     64 008c9193  slli gp, s9, 8
     65 0361d193  srli gp, gp, 54
     66 00018863  beq gp, x0, +16
reject:
     67 00100293  addi t0, x0, 1
     68 00100513  addi a0, x0, 1
     69 00000073  ecall
admissible:
     70 16003803  ld a6, 352(x0)
     71 16803883  ld a7, 360(x0)
     72 01e81b13  slli s6, a6, 30
     73 01eb5b13  srli s6, s6, 30
        ; FORS setup
     74 0d602423  sw s6, 200(x0)
     75 1d602423  sw s6, 456(x0)
     76 23602423  sw s6, 552(x0)
     77 020b5193  srli gp, s6, 32
     78 01819193  slli gp, gp, 24
     79 00001e37  lui t3, 0x1
     80 901e0e13  addi t3, t3, -1791
     81 01c1eeb3  or t4, gp, t3
     82 00010fb7  lui t6, 0x10
     83 04000593  addi a1, x0, 64
        ; FORS tree 0
fors_0:
     84 02285b93  srli s7, a6, 34
     85 3ffbfb93  andi s7, s7, 1023
     86 0dd02023  sw t4, 192(x0)
     87 0d702623  sw s7, 204(x0)
     88 01093083  ld ra, 16(s2)
     89 01893103  ld sp, 24(s2)
     90 0e103023  sd ra, 224(x0)
     91 0e203423  sd sp, 232(x0)
     92 004b9c13  slli s8, s7, 4
     93 010c7193  andi gp, s8, 16
     94 1e018613  addi a2, gp, 480
     95 0c000513  addi a0, x0, 192
     96 00000073  ecall
     97 1c000513  addi a0, x0, 448
     98 100e8193  addi gp, t4, 256
     99 1c302023  sw gp, 448(x0)
        ; fold level 1
    100 01064193  xori gp, a2, 16
    101 02093083  ld ra, 32(s2)
    102 02893103  ld sp, 40(s2)
    103 0011b023  sd ra, 0(gp)
    104 0021b423  sd sp, 8(gp)
    105 00100213  addi tp, x0, 1
    106 1c402223  sw tp, 452(x0)
    107 001bd213  srli tp, s7, 1
    108 1c402623  sw tp, 460(x0)
    109 001c5193  srli gp, s8, 1
    110 0101f193  andi gp, gp, 16
    111 1e018613  addi a2, gp, 480
    112 00000073  ecall
        ; fold level 2
    113 01064193  xori gp, a2, 16
    114 03093083  ld ra, 48(s2)
    115 03893103  ld sp, 56(s2)
    116 0011b023  sd ra, 0(gp)
    117 0021b423  sd sp, 8(gp)
    118 00200213  addi tp, x0, 2
    119 1c402223  sw tp, 452(x0)
    120 002bd213  srli tp, s7, 2
    121 1c402623  sw tp, 460(x0)
    122 002c5193  srli gp, s8, 2
    123 0101f193  andi gp, gp, 16
    124 1e018613  addi a2, gp, 480
    125 00000073  ecall
        ; fold level 3
    126 01064193  xori gp, a2, 16
    127 04093083  ld ra, 64(s2)
    128 04893103  ld sp, 72(s2)
    129 0011b023  sd ra, 0(gp)
    130 0021b423  sd sp, 8(gp)
    131 00300213  addi tp, x0, 3
    132 1c402223  sw tp, 452(x0)
    133 003bd213  srli tp, s7, 3
    134 1c402623  sw tp, 460(x0)
    135 003c5193  srli gp, s8, 3
    136 0101f193  andi gp, gp, 16
    137 1e018613  addi a2, gp, 480
    138 00000073  ecall
        ; fold level 4
    139 01064193  xori gp, a2, 16
    140 05093083  ld ra, 80(s2)
    141 05893103  ld sp, 88(s2)
    142 0011b023  sd ra, 0(gp)
    143 0021b423  sd sp, 8(gp)
    144 00400213  addi tp, x0, 4
    145 1c402223  sw tp, 452(x0)
    146 004bd213  srli tp, s7, 4
    147 1c402623  sw tp, 460(x0)
    148 010bf193  andi gp, s7, 16
    149 1e018613  addi a2, gp, 480
    150 00000073  ecall
        ; fold level 5
    151 01064193  xori gp, a2, 16
    152 06093083  ld ra, 96(s2)
    153 06893103  ld sp, 104(s2)
    154 0011b023  sd ra, 0(gp)
    155 0021b423  sd sp, 8(gp)
    156 00500213  addi tp, x0, 5
    157 1c402223  sw tp, 452(x0)
    158 005bd213  srli tp, s7, 5
    159 1c402623  sw tp, 460(x0)
    160 005c5193  srli gp, s8, 5
    161 0101f193  andi gp, gp, 16
    162 1e018613  addi a2, gp, 480
    163 00000073  ecall
        ; fold level 6
    164 01064193  xori gp, a2, 16
    165 07093083  ld ra, 112(s2)
    166 07893103  ld sp, 120(s2)
    167 0011b023  sd ra, 0(gp)
    168 0021b423  sd sp, 8(gp)
    169 00600213  addi tp, x0, 6
    170 1c402223  sw tp, 452(x0)
    171 006bd213  srli tp, s7, 6
    172 1c402623  sw tp, 460(x0)
    173 006c5193  srli gp, s8, 6
    174 0101f193  andi gp, gp, 16
    175 1e018613  addi a2, gp, 480
    176 00000073  ecall
        ; fold level 7
    177 01064193  xori gp, a2, 16
    178 08093083  ld ra, 128(s2)
    179 08893103  ld sp, 136(s2)
    180 0011b023  sd ra, 0(gp)
    181 0021b423  sd sp, 8(gp)
    182 00700213  addi tp, x0, 7
    183 1c402223  sw tp, 452(x0)
    184 007bd213  srli tp, s7, 7
    185 1c402623  sw tp, 460(x0)
    186 007c5193  srli gp, s8, 7
    187 0101f193  andi gp, gp, 16
    188 1e018613  addi a2, gp, 480
    189 00000073  ecall
        ; fold level 8
    190 01064193  xori gp, a2, 16
    191 09093083  ld ra, 144(s2)
    192 09893103  ld sp, 152(s2)
    193 0011b023  sd ra, 0(gp)
    194 0021b423  sd sp, 8(gp)
    195 00800213  addi tp, x0, 8
    196 1c402223  sw tp, 452(x0)
    197 008bd213  srli tp, s7, 8
    198 1c402623  sw tp, 460(x0)
    199 008c5193  srli gp, s8, 8
    200 0101f193  andi gp, gp, 16
    201 1e018613  addi a2, gp, 480
    202 00000073  ecall
        ; fold level 9
    203 01064193  xori gp, a2, 16
    204 0a093083  ld ra, 160(s2)
    205 0a893103  ld sp, 168(s2)
    206 0011b023  sd ra, 0(gp)
    207 0021b423  sd sp, 8(gp)
    208 00900213  addi tp, x0, 9
    209 1c402223  sw tp, 452(x0)
    210 009bd213  srli tp, s7, 9
    211 1c402623  sw tp, 460(x0)
    212 009c5193  srli gp, s8, 9
    213 0101f193  andi gp, gp, 16
    214 1e018613  addi a2, gp, 480
    215 00000073  ecall
        ; fold level 10
    216 01064193  xori gp, a2, 16
    217 0b093083  ld ra, 176(s2)
    218 0b893103  ld sp, 184(s2)
    219 0011b023  sd ra, 0(gp)
    220 0021b423  sd sp, 8(gp)
    221 00a00213  addi tp, x0, 10
    222 1c402223  sw tp, 452(x0)
    223 1c002623  sw x0, 460(x0)
    224 24000613  addi a2, x0, 576
    225 00000073  ecall
    226 01fe8eb3  add t4, t4, t6
        ; FORS tree 1
fors_1:
    227 02c85b93  srli s7, a6, 44
    228 3ffbfb93  andi s7, s7, 1023
    229 0dd02023  sw t4, 192(x0)
    230 0d702623  sw s7, 204(x0)
    231 0c093083  ld ra, 192(s2)
    232 0c893103  ld sp, 200(s2)
    233 0e103023  sd ra, 224(x0)
    234 0e203423  sd sp, 232(x0)
    235 004b9c13  slli s8, s7, 4
    236 010c7193  andi gp, s8, 16
    237 1e018613  addi a2, gp, 480
    238 0c000513  addi a0, x0, 192
    239 00000073  ecall
    240 1c000513  addi a0, x0, 448
    241 100e8193  addi gp, t4, 256
    242 1c302023  sw gp, 448(x0)
        ; fold level 1
    243 01064193  xori gp, a2, 16
    244 0d093083  ld ra, 208(s2)
    245 0d893103  ld sp, 216(s2)
    246 0011b023  sd ra, 0(gp)
    247 0021b423  sd sp, 8(gp)
    248 00100213  addi tp, x0, 1
    249 1c402223  sw tp, 452(x0)
    250 001bd213  srli tp, s7, 1
    251 1c402623  sw tp, 460(x0)
    252 001c5193  srli gp, s8, 1
    253 0101f193  andi gp, gp, 16
    254 1e018613  addi a2, gp, 480
    255 00000073  ecall
        ; fold level 2
    256 01064193  xori gp, a2, 16
    257 0e093083  ld ra, 224(s2)
    258 0e893103  ld sp, 232(s2)
    259 0011b023  sd ra, 0(gp)
    260 0021b423  sd sp, 8(gp)
    261 00200213  addi tp, x0, 2
    262 1c402223  sw tp, 452(x0)
    263 002bd213  srli tp, s7, 2
    264 1c402623  sw tp, 460(x0)
    265 002c5193  srli gp, s8, 2
    266 0101f193  andi gp, gp, 16
    267 1e018613  addi a2, gp, 480
    268 00000073  ecall
        ; fold level 3
    269 01064193  xori gp, a2, 16
    270 0f093083  ld ra, 240(s2)
    271 0f893103  ld sp, 248(s2)
    272 0011b023  sd ra, 0(gp)
    273 0021b423  sd sp, 8(gp)
    274 00300213  addi tp, x0, 3
    275 1c402223  sw tp, 452(x0)
    276 003bd213  srli tp, s7, 3
    277 1c402623  sw tp, 460(x0)
    278 003c5193  srli gp, s8, 3
    279 0101f193  andi gp, gp, 16
    280 1e018613  addi a2, gp, 480
    281 00000073  ecall
        ; fold level 4
    282 01064193  xori gp, a2, 16
    283 10093083  ld ra, 256(s2)
    284 10893103  ld sp, 264(s2)
    285 0011b023  sd ra, 0(gp)
    286 0021b423  sd sp, 8(gp)
    287 00400213  addi tp, x0, 4
    288 1c402223  sw tp, 452(x0)
    289 004bd213  srli tp, s7, 4
    290 1c402623  sw tp, 460(x0)
    291 010bf193  andi gp, s7, 16
    292 1e018613  addi a2, gp, 480
    293 00000073  ecall
        ; fold level 5
    294 01064193  xori gp, a2, 16
    295 11093083  ld ra, 272(s2)
    296 11893103  ld sp, 280(s2)
    297 0011b023  sd ra, 0(gp)
    298 0021b423  sd sp, 8(gp)
    299 00500213  addi tp, x0, 5
    300 1c402223  sw tp, 452(x0)
    301 005bd213  srli tp, s7, 5
    302 1c402623  sw tp, 460(x0)
    303 005c5193  srli gp, s8, 5
    304 0101f193  andi gp, gp, 16
    305 1e018613  addi a2, gp, 480
    306 00000073  ecall
        ; fold level 6
    307 01064193  xori gp, a2, 16
    308 12093083  ld ra, 288(s2)
    309 12893103  ld sp, 296(s2)
    310 0011b023  sd ra, 0(gp)
    311 0021b423  sd sp, 8(gp)
    312 00600213  addi tp, x0, 6
    313 1c402223  sw tp, 452(x0)
    314 006bd213  srli tp, s7, 6
    315 1c402623  sw tp, 460(x0)
    316 006c5193  srli gp, s8, 6
    317 0101f193  andi gp, gp, 16
    318 1e018613  addi a2, gp, 480
    319 00000073  ecall
        ; fold level 7
    320 01064193  xori gp, a2, 16
    321 13093083  ld ra, 304(s2)
    322 13893103  ld sp, 312(s2)
    323 0011b023  sd ra, 0(gp)
    324 0021b423  sd sp, 8(gp)
    325 00700213  addi tp, x0, 7
    326 1c402223  sw tp, 452(x0)
    327 007bd213  srli tp, s7, 7
    328 1c402623  sw tp, 460(x0)
    329 007c5193  srli gp, s8, 7
    330 0101f193  andi gp, gp, 16
    331 1e018613  addi a2, gp, 480
    332 00000073  ecall
        ; fold level 8
    333 01064193  xori gp, a2, 16
    334 14093083  ld ra, 320(s2)
    335 14893103  ld sp, 328(s2)
    336 0011b023  sd ra, 0(gp)
    337 0021b423  sd sp, 8(gp)
    338 00800213  addi tp, x0, 8
    339 1c402223  sw tp, 452(x0)
    340 008bd213  srli tp, s7, 8
    341 1c402623  sw tp, 460(x0)
    342 008c5193  srli gp, s8, 8
    343 0101f193  andi gp, gp, 16
    344 1e018613  addi a2, gp, 480
    345 00000073  ecall
        ; fold level 9
    346 01064193  xori gp, a2, 16
    347 15093083  ld ra, 336(s2)
    348 15893103  ld sp, 344(s2)
    349 0011b023  sd ra, 0(gp)
    350 0021b423  sd sp, 8(gp)
    351 00900213  addi tp, x0, 9
    352 1c402223  sw tp, 452(x0)
    353 009bd213  srli tp, s7, 9
    354 1c402623  sw tp, 460(x0)
    355 009c5193  srli gp, s8, 9
    356 0101f193  andi gp, gp, 16
    357 1e018613  addi a2, gp, 480
    358 00000073  ecall
        ; fold level 10
    359 01064193  xori gp, a2, 16
    360 16093083  ld ra, 352(s2)
    361 16893103  ld sp, 360(s2)
    362 0011b023  sd ra, 0(gp)
    363 0021b423  sd sp, 8(gp)
    364 00a00213  addi tp, x0, 10
    365 1c402223  sw tp, 452(x0)
    366 1c002623  sw x0, 460(x0)
    367 25000613  addi a2, x0, 592
    368 00000073  ecall
    369 01fe8eb3  add t4, t4, t6
        ; FORS tree 2
fors_2:
    370 03685b93  srli s7, a6, 54
    371 0dd02023  sw t4, 192(x0)
    372 0d702623  sw s7, 204(x0)
    373 17093083  ld ra, 368(s2)
    374 17893103  ld sp, 376(s2)
    375 0e103023  sd ra, 224(x0)
    376 0e203423  sd sp, 232(x0)
    377 004b9c13  slli s8, s7, 4
    378 010c7193  andi gp, s8, 16
    379 1e018613  addi a2, gp, 480
    380 0c000513  addi a0, x0, 192
    381 00000073  ecall
    382 1c000513  addi a0, x0, 448
    383 100e8193  addi gp, t4, 256
    384 1c302023  sw gp, 448(x0)
        ; fold level 1
    385 01064193  xori gp, a2, 16
    386 18093083  ld ra, 384(s2)
    387 18893103  ld sp, 392(s2)
    388 0011b023  sd ra, 0(gp)
    389 0021b423  sd sp, 8(gp)
    390 00100213  addi tp, x0, 1
    391 1c402223  sw tp, 452(x0)
    392 001bd213  srli tp, s7, 1
    393 1c402623  sw tp, 460(x0)
    394 001c5193  srli gp, s8, 1
    395 0101f193  andi gp, gp, 16
    396 1e018613  addi a2, gp, 480
    397 00000073  ecall
        ; fold level 2
    398 01064193  xori gp, a2, 16
    399 19093083  ld ra, 400(s2)
    400 19893103  ld sp, 408(s2)
    401 0011b023  sd ra, 0(gp)
    402 0021b423  sd sp, 8(gp)
    403 00200213  addi tp, x0, 2
    404 1c402223  sw tp, 452(x0)
    405 002bd213  srli tp, s7, 2
    406 1c402623  sw tp, 460(x0)
    407 002c5193  srli gp, s8, 2
    408 0101f193  andi gp, gp, 16
    409 1e018613  addi a2, gp, 480
    410 00000073  ecall
        ; fold level 3
    411 01064193  xori gp, a2, 16
    412 1a093083  ld ra, 416(s2)
    413 1a893103  ld sp, 424(s2)
    414 0011b023  sd ra, 0(gp)
    415 0021b423  sd sp, 8(gp)
    416 00300213  addi tp, x0, 3
    417 1c402223  sw tp, 452(x0)
    418 003bd213  srli tp, s7, 3
    419 1c402623  sw tp, 460(x0)
    420 003c5193  srli gp, s8, 3
    421 0101f193  andi gp, gp, 16
    422 1e018613  addi a2, gp, 480
    423 00000073  ecall
        ; fold level 4
    424 01064193  xori gp, a2, 16
    425 1b093083  ld ra, 432(s2)
    426 1b893103  ld sp, 440(s2)
    427 0011b023  sd ra, 0(gp)
    428 0021b423  sd sp, 8(gp)
    429 00400213  addi tp, x0, 4
    430 1c402223  sw tp, 452(x0)
    431 004bd213  srli tp, s7, 4
    432 1c402623  sw tp, 460(x0)
    433 010bf193  andi gp, s7, 16
    434 1e018613  addi a2, gp, 480
    435 00000073  ecall
        ; fold level 5
    436 01064193  xori gp, a2, 16
    437 1c093083  ld ra, 448(s2)
    438 1c893103  ld sp, 456(s2)
    439 0011b023  sd ra, 0(gp)
    440 0021b423  sd sp, 8(gp)
    441 00500213  addi tp, x0, 5
    442 1c402223  sw tp, 452(x0)
    443 005bd213  srli tp, s7, 5
    444 1c402623  sw tp, 460(x0)
    445 005c5193  srli gp, s8, 5
    446 0101f193  andi gp, gp, 16
    447 1e018613  addi a2, gp, 480
    448 00000073  ecall
        ; fold level 6
    449 01064193  xori gp, a2, 16
    450 1d093083  ld ra, 464(s2)
    451 1d893103  ld sp, 472(s2)
    452 0011b023  sd ra, 0(gp)
    453 0021b423  sd sp, 8(gp)
    454 00600213  addi tp, x0, 6
    455 1c402223  sw tp, 452(x0)
    456 006bd213  srli tp, s7, 6
    457 1c402623  sw tp, 460(x0)
    458 006c5193  srli gp, s8, 6
    459 0101f193  andi gp, gp, 16
    460 1e018613  addi a2, gp, 480
    461 00000073  ecall
        ; fold level 7
    462 01064193  xori gp, a2, 16
    463 1e093083  ld ra, 480(s2)
    464 1e893103  ld sp, 488(s2)
    465 0011b023  sd ra, 0(gp)
    466 0021b423  sd sp, 8(gp)
    467 00700213  addi tp, x0, 7
    468 1c402223  sw tp, 452(x0)
    469 007bd213  srli tp, s7, 7
    470 1c402623  sw tp, 460(x0)
    471 007c5193  srli gp, s8, 7
    472 0101f193  andi gp, gp, 16
    473 1e018613  addi a2, gp, 480
    474 00000073  ecall
        ; fold level 8
    475 01064193  xori gp, a2, 16
    476 1f093083  ld ra, 496(s2)
    477 1f893103  ld sp, 504(s2)
    478 0011b023  sd ra, 0(gp)
    479 0021b423  sd sp, 8(gp)
    480 00800213  addi tp, x0, 8
    481 1c402223  sw tp, 452(x0)
    482 008bd213  srli tp, s7, 8
    483 1c402623  sw tp, 460(x0)
    484 008c5193  srli gp, s8, 8
    485 0101f193  andi gp, gp, 16
    486 1e018613  addi a2, gp, 480
    487 00000073  ecall
        ; fold level 9
    488 01064193  xori gp, a2, 16
    489 20093083  ld ra, 512(s2)
    490 20893103  ld sp, 520(s2)
    491 0011b023  sd ra, 0(gp)
    492 0021b423  sd sp, 8(gp)
    493 00900213  addi tp, x0, 9
    494 1c402223  sw tp, 452(x0)
    495 009bd213  srli tp, s7, 9
    496 1c402623  sw tp, 460(x0)
    497 009c5193  srli gp, s8, 9
    498 0101f193  andi gp, gp, 16
    499 1e018613  addi a2, gp, 480
    500 00000073  ecall
        ; fold level 10
    501 01064193  xori gp, a2, 16
    502 21093083  ld ra, 528(s2)
    503 21893103  ld sp, 536(s2)
    504 0011b023  sd ra, 0(gp)
    505 0021b423  sd sp, 8(gp)
    506 00a00213  addi tp, x0, 10
    507 1c402223  sw tp, 452(x0)
    508 1c002623  sw x0, 460(x0)
    509 26000613  addi a2, x0, 608
    510 00000073  ecall
    511 01fe8eb3  add t4, t4, t6
        ; FORS tree 3
fors_3:
    512 3ff8fb93  andi s7, a7, 1023
    513 0dd02023  sw t4, 192(x0)
    514 0d702623  sw s7, 204(x0)
    515 22093083  ld ra, 544(s2)
    516 22893103  ld sp, 552(s2)
    517 0e103023  sd ra, 224(x0)
    518 0e203423  sd sp, 232(x0)
    519 004b9c13  slli s8, s7, 4
    520 010c7193  andi gp, s8, 16
    521 1e018613  addi a2, gp, 480
    522 0c000513  addi a0, x0, 192
    523 00000073  ecall
    524 1c000513  addi a0, x0, 448
    525 100e8193  addi gp, t4, 256
    526 1c302023  sw gp, 448(x0)
        ; fold level 1
    527 01064193  xori gp, a2, 16
    528 23093083  ld ra, 560(s2)
    529 23893103  ld sp, 568(s2)
    530 0011b023  sd ra, 0(gp)
    531 0021b423  sd sp, 8(gp)
    532 00100213  addi tp, x0, 1
    533 1c402223  sw tp, 452(x0)
    534 001bd213  srli tp, s7, 1
    535 1c402623  sw tp, 460(x0)
    536 001c5193  srli gp, s8, 1
    537 0101f193  andi gp, gp, 16
    538 1e018613  addi a2, gp, 480
    539 00000073  ecall
        ; fold level 2
    540 01064193  xori gp, a2, 16
    541 24093083  ld ra, 576(s2)
    542 24893103  ld sp, 584(s2)
    543 0011b023  sd ra, 0(gp)
    544 0021b423  sd sp, 8(gp)
    545 00200213  addi tp, x0, 2
    546 1c402223  sw tp, 452(x0)
    547 002bd213  srli tp, s7, 2
    548 1c402623  sw tp, 460(x0)
    549 002c5193  srli gp, s8, 2
    550 0101f193  andi gp, gp, 16
    551 1e018613  addi a2, gp, 480
    552 00000073  ecall
        ; fold level 3
    553 01064193  xori gp, a2, 16
    554 25093083  ld ra, 592(s2)
    555 25893103  ld sp, 600(s2)
    556 0011b023  sd ra, 0(gp)
    557 0021b423  sd sp, 8(gp)
    558 00300213  addi tp, x0, 3
    559 1c402223  sw tp, 452(x0)
    560 003bd213  srli tp, s7, 3
    561 1c402623  sw tp, 460(x0)
    562 003c5193  srli gp, s8, 3
    563 0101f193  andi gp, gp, 16
    564 1e018613  addi a2, gp, 480
    565 00000073  ecall
        ; fold level 4
    566 01064193  xori gp, a2, 16
    567 26093083  ld ra, 608(s2)
    568 26893103  ld sp, 616(s2)
    569 0011b023  sd ra, 0(gp)
    570 0021b423  sd sp, 8(gp)
    571 00400213  addi tp, x0, 4
    572 1c402223  sw tp, 452(x0)
    573 004bd213  srli tp, s7, 4
    574 1c402623  sw tp, 460(x0)
    575 010bf193  andi gp, s7, 16
    576 1e018613  addi a2, gp, 480
    577 00000073  ecall
        ; fold level 5
    578 01064193  xori gp, a2, 16
    579 27093083  ld ra, 624(s2)
    580 27893103  ld sp, 632(s2)
    581 0011b023  sd ra, 0(gp)
    582 0021b423  sd sp, 8(gp)
    583 00500213  addi tp, x0, 5
    584 1c402223  sw tp, 452(x0)
    585 005bd213  srli tp, s7, 5
    586 1c402623  sw tp, 460(x0)
    587 005c5193  srli gp, s8, 5
    588 0101f193  andi gp, gp, 16
    589 1e018613  addi a2, gp, 480
    590 00000073  ecall
        ; fold level 6
    591 01064193  xori gp, a2, 16
    592 28093083  ld ra, 640(s2)
    593 28893103  ld sp, 648(s2)
    594 0011b023  sd ra, 0(gp)
    595 0021b423  sd sp, 8(gp)
    596 00600213  addi tp, x0, 6
    597 1c402223  sw tp, 452(x0)
    598 006bd213  srli tp, s7, 6
    599 1c402623  sw tp, 460(x0)
    600 006c5193  srli gp, s8, 6
    601 0101f193  andi gp, gp, 16
    602 1e018613  addi a2, gp, 480
    603 00000073  ecall
        ; fold level 7
    604 01064193  xori gp, a2, 16
    605 29093083  ld ra, 656(s2)
    606 29893103  ld sp, 664(s2)
    607 0011b023  sd ra, 0(gp)
    608 0021b423  sd sp, 8(gp)
    609 00700213  addi tp, x0, 7
    610 1c402223  sw tp, 452(x0)
    611 007bd213  srli tp, s7, 7
    612 1c402623  sw tp, 460(x0)
    613 007c5193  srli gp, s8, 7
    614 0101f193  andi gp, gp, 16
    615 1e018613  addi a2, gp, 480
    616 00000073  ecall
        ; fold level 8
    617 01064193  xori gp, a2, 16
    618 2a093083  ld ra, 672(s2)
    619 2a893103  ld sp, 680(s2)
    620 0011b023  sd ra, 0(gp)
    621 0021b423  sd sp, 8(gp)
    622 00800213  addi tp, x0, 8
    623 1c402223  sw tp, 452(x0)
    624 008bd213  srli tp, s7, 8
    625 1c402623  sw tp, 460(x0)
    626 008c5193  srli gp, s8, 8
    627 0101f193  andi gp, gp, 16
    628 1e018613  addi a2, gp, 480
    629 00000073  ecall
        ; fold level 9
    630 01064193  xori gp, a2, 16
    631 2b093083  ld ra, 688(s2)
    632 2b893103  ld sp, 696(s2)
    633 0011b023  sd ra, 0(gp)
    634 0021b423  sd sp, 8(gp)
    635 00900213  addi tp, x0, 9
    636 1c402223  sw tp, 452(x0)
    637 009bd213  srli tp, s7, 9
    638 1c402623  sw tp, 460(x0)
    639 009c5193  srli gp, s8, 9
    640 0101f193  andi gp, gp, 16
    641 1e018613  addi a2, gp, 480
    642 00000073  ecall
        ; fold level 10
    643 01064193  xori gp, a2, 16
    644 2c093083  ld ra, 704(s2)
    645 2c893103  ld sp, 712(s2)
    646 0011b023  sd ra, 0(gp)
    647 0021b423  sd sp, 8(gp)
    648 00a00213  addi tp, x0, 10
    649 1c402223  sw tp, 452(x0)
    650 1c002623  sw x0, 460(x0)
    651 27000613  addi a2, x0, 624
    652 00000073  ecall
    653 01fe8eb3  add t4, t4, t6
        ; FORS tree 4
fors_4:
    654 00a8db93  srli s7, a7, 10
    655 3ffbfb93  andi s7, s7, 1023
    656 0dd02023  sw t4, 192(x0)
    657 0d702623  sw s7, 204(x0)
    658 2d093083  ld ra, 720(s2)
    659 2d893103  ld sp, 728(s2)
    660 0e103023  sd ra, 224(x0)
    661 0e203423  sd sp, 232(x0)
    662 004b9c13  slli s8, s7, 4
    663 010c7193  andi gp, s8, 16
    664 1e018613  addi a2, gp, 480
    665 0c000513  addi a0, x0, 192
    666 00000073  ecall
    667 1c000513  addi a0, x0, 448
    668 100e8193  addi gp, t4, 256
    669 1c302023  sw gp, 448(x0)
        ; fold level 1
    670 01064193  xori gp, a2, 16
    671 2e093083  ld ra, 736(s2)
    672 2e893103  ld sp, 744(s2)
    673 0011b023  sd ra, 0(gp)
    674 0021b423  sd sp, 8(gp)
    675 00100213  addi tp, x0, 1
    676 1c402223  sw tp, 452(x0)
    677 001bd213  srli tp, s7, 1
    678 1c402623  sw tp, 460(x0)
    679 001c5193  srli gp, s8, 1
    680 0101f193  andi gp, gp, 16
    681 1e018613  addi a2, gp, 480
    682 00000073  ecall
        ; fold level 2
    683 01064193  xori gp, a2, 16
    684 2f093083  ld ra, 752(s2)
    685 2f893103  ld sp, 760(s2)
    686 0011b023  sd ra, 0(gp)
    687 0021b423  sd sp, 8(gp)
    688 00200213  addi tp, x0, 2
    689 1c402223  sw tp, 452(x0)
    690 002bd213  srli tp, s7, 2
    691 1c402623  sw tp, 460(x0)
    692 002c5193  srli gp, s8, 2
    693 0101f193  andi gp, gp, 16
    694 1e018613  addi a2, gp, 480
    695 00000073  ecall
        ; fold level 3
    696 01064193  xori gp, a2, 16
    697 30093083  ld ra, 768(s2)
    698 30893103  ld sp, 776(s2)
    699 0011b023  sd ra, 0(gp)
    700 0021b423  sd sp, 8(gp)
    701 00300213  addi tp, x0, 3
    702 1c402223  sw tp, 452(x0)
    703 003bd213  srli tp, s7, 3
    704 1c402623  sw tp, 460(x0)
    705 003c5193  srli gp, s8, 3
    706 0101f193  andi gp, gp, 16
    707 1e018613  addi a2, gp, 480
    708 00000073  ecall
        ; fold level 4
    709 01064193  xori gp, a2, 16
    710 31093083  ld ra, 784(s2)
    711 31893103  ld sp, 792(s2)
    712 0011b023  sd ra, 0(gp)
    713 0021b423  sd sp, 8(gp)
    714 00400213  addi tp, x0, 4
    715 1c402223  sw tp, 452(x0)
    716 004bd213  srli tp, s7, 4
    717 1c402623  sw tp, 460(x0)
    718 010bf193  andi gp, s7, 16
    719 1e018613  addi a2, gp, 480
    720 00000073  ecall
        ; fold level 5
    721 01064193  xori gp, a2, 16
    722 32093083  ld ra, 800(s2)
    723 32893103  ld sp, 808(s2)
    724 0011b023  sd ra, 0(gp)
    725 0021b423  sd sp, 8(gp)
    726 00500213  addi tp, x0, 5
    727 1c402223  sw tp, 452(x0)
    728 005bd213  srli tp, s7, 5
    729 1c402623  sw tp, 460(x0)
    730 005c5193  srli gp, s8, 5
    731 0101f193  andi gp, gp, 16
    732 1e018613  addi a2, gp, 480
    733 00000073  ecall
        ; fold level 6
    734 01064193  xori gp, a2, 16
    735 33093083  ld ra, 816(s2)
    736 33893103  ld sp, 824(s2)
    737 0011b023  sd ra, 0(gp)
    738 0021b423  sd sp, 8(gp)
    739 00600213  addi tp, x0, 6
    740 1c402223  sw tp, 452(x0)
    741 006bd213  srli tp, s7, 6
    742 1c402623  sw tp, 460(x0)
    743 006c5193  srli gp, s8, 6
    744 0101f193  andi gp, gp, 16
    745 1e018613  addi a2, gp, 480
    746 00000073  ecall
        ; fold level 7
    747 01064193  xori gp, a2, 16
    748 34093083  ld ra, 832(s2)
    749 34893103  ld sp, 840(s2)
    750 0011b023  sd ra, 0(gp)
    751 0021b423  sd sp, 8(gp)
    752 00700213  addi tp, x0, 7
    753 1c402223  sw tp, 452(x0)
    754 007bd213  srli tp, s7, 7
    755 1c402623  sw tp, 460(x0)
    756 007c5193  srli gp, s8, 7
    757 0101f193  andi gp, gp, 16
    758 1e018613  addi a2, gp, 480
    759 00000073  ecall
        ; fold level 8
    760 01064193  xori gp, a2, 16
    761 35093083  ld ra, 848(s2)
    762 35893103  ld sp, 856(s2)
    763 0011b023  sd ra, 0(gp)
    764 0021b423  sd sp, 8(gp)
    765 00800213  addi tp, x0, 8
    766 1c402223  sw tp, 452(x0)
    767 008bd213  srli tp, s7, 8
    768 1c402623  sw tp, 460(x0)
    769 008c5193  srli gp, s8, 8
    770 0101f193  andi gp, gp, 16
    771 1e018613  addi a2, gp, 480
    772 00000073  ecall
        ; fold level 9
    773 01064193  xori gp, a2, 16
    774 36093083  ld ra, 864(s2)
    775 36893103  ld sp, 872(s2)
    776 0011b023  sd ra, 0(gp)
    777 0021b423  sd sp, 8(gp)
    778 00900213  addi tp, x0, 9
    779 1c402223  sw tp, 452(x0)
    780 009bd213  srli tp, s7, 9
    781 1c402623  sw tp, 460(x0)
    782 009c5193  srli gp, s8, 9
    783 0101f193  andi gp, gp, 16
    784 1e018613  addi a2, gp, 480
    785 00000073  ecall
        ; fold level 10
    786 01064193  xori gp, a2, 16
    787 37093083  ld ra, 880(s2)
    788 37893103  ld sp, 888(s2)
    789 0011b023  sd ra, 0(gp)
    790 0021b423  sd sp, 8(gp)
    791 00a00213  addi tp, x0, 10
    792 1c402223  sw tp, 452(x0)
    793 1c002623  sw x0, 460(x0)
    794 28000613  addi a2, x0, 640
    795 00000073  ecall
    796 01fe8eb3  add t4, t4, t6
        ; FORS tree 5
fors_5:
    797 0148db93  srli s7, a7, 20
    798 3ffbfb93  andi s7, s7, 1023
    799 0dd02023  sw t4, 192(x0)
    800 0d702623  sw s7, 204(x0)
    801 38093083  ld ra, 896(s2)
    802 38893103  ld sp, 904(s2)
    803 0e103023  sd ra, 224(x0)
    804 0e203423  sd sp, 232(x0)
    805 004b9c13  slli s8, s7, 4
    806 010c7193  andi gp, s8, 16
    807 1e018613  addi a2, gp, 480
    808 0c000513  addi a0, x0, 192
    809 00000073  ecall
    810 1c000513  addi a0, x0, 448
    811 100e8193  addi gp, t4, 256
    812 1c302023  sw gp, 448(x0)
        ; fold level 1
    813 01064193  xori gp, a2, 16
    814 39093083  ld ra, 912(s2)
    815 39893103  ld sp, 920(s2)
    816 0011b023  sd ra, 0(gp)
    817 0021b423  sd sp, 8(gp)
    818 00100213  addi tp, x0, 1
    819 1c402223  sw tp, 452(x0)
    820 001bd213  srli tp, s7, 1
    821 1c402623  sw tp, 460(x0)
    822 001c5193  srli gp, s8, 1
    823 0101f193  andi gp, gp, 16
    824 1e018613  addi a2, gp, 480
    825 00000073  ecall
        ; fold level 2
    826 01064193  xori gp, a2, 16
    827 3a093083  ld ra, 928(s2)
    828 3a893103  ld sp, 936(s2)
    829 0011b023  sd ra, 0(gp)
    830 0021b423  sd sp, 8(gp)
    831 00200213  addi tp, x0, 2
    832 1c402223  sw tp, 452(x0)
    833 002bd213  srli tp, s7, 2
    834 1c402623  sw tp, 460(x0)
    835 002c5193  srli gp, s8, 2
    836 0101f193  andi gp, gp, 16
    837 1e018613  addi a2, gp, 480
    838 00000073  ecall
        ; fold level 3
    839 01064193  xori gp, a2, 16
    840 3b093083  ld ra, 944(s2)
    841 3b893103  ld sp, 952(s2)
    842 0011b023  sd ra, 0(gp)
    843 0021b423  sd sp, 8(gp)
    844 00300213  addi tp, x0, 3
    845 1c402223  sw tp, 452(x0)
    846 003bd213  srli tp, s7, 3
    847 1c402623  sw tp, 460(x0)
    848 003c5193  srli gp, s8, 3
    849 0101f193  andi gp, gp, 16
    850 1e018613  addi a2, gp, 480
    851 00000073  ecall
        ; fold level 4
    852 01064193  xori gp, a2, 16
    853 3c093083  ld ra, 960(s2)
    854 3c893103  ld sp, 968(s2)
    855 0011b023  sd ra, 0(gp)
    856 0021b423  sd sp, 8(gp)
    857 00400213  addi tp, x0, 4
    858 1c402223  sw tp, 452(x0)
    859 004bd213  srli tp, s7, 4
    860 1c402623  sw tp, 460(x0)
    861 010bf193  andi gp, s7, 16
    862 1e018613  addi a2, gp, 480
    863 00000073  ecall
        ; fold level 5
    864 01064193  xori gp, a2, 16
    865 3d093083  ld ra, 976(s2)
    866 3d893103  ld sp, 984(s2)
    867 0011b023  sd ra, 0(gp)
    868 0021b423  sd sp, 8(gp)
    869 00500213  addi tp, x0, 5
    870 1c402223  sw tp, 452(x0)
    871 005bd213  srli tp, s7, 5
    872 1c402623  sw tp, 460(x0)
    873 005c5193  srli gp, s8, 5
    874 0101f193  andi gp, gp, 16
    875 1e018613  addi a2, gp, 480
    876 00000073  ecall
        ; fold level 6
    877 01064193  xori gp, a2, 16
    878 3e093083  ld ra, 992(s2)
    879 3e893103  ld sp, 1000(s2)
    880 0011b023  sd ra, 0(gp)
    881 0021b423  sd sp, 8(gp)
    882 00600213  addi tp, x0, 6
    883 1c402223  sw tp, 452(x0)
    884 006bd213  srli tp, s7, 6
    885 1c402623  sw tp, 460(x0)
    886 006c5193  srli gp, s8, 6
    887 0101f193  andi gp, gp, 16
    888 1e018613  addi a2, gp, 480
    889 00000073  ecall
        ; fold level 7
    890 01064193  xori gp, a2, 16
    891 3f093083  ld ra, 1008(s2)
    892 3f893103  ld sp, 1016(s2)
    893 0011b023  sd ra, 0(gp)
    894 0021b423  sd sp, 8(gp)
    895 00700213  addi tp, x0, 7
    896 1c402223  sw tp, 452(x0)
    897 007bd213  srli tp, s7, 7
    898 1c402623  sw tp, 460(x0)
    899 007c5193  srli gp, s8, 7
    900 0101f193  andi gp, gp, 16
    901 1e018613  addi a2, gp, 480
    902 00000073  ecall
        ; fold level 8
    903 01064193  xori gp, a2, 16
    904 40093083  ld ra, 1024(s2)
    905 40893103  ld sp, 1032(s2)
    906 0011b023  sd ra, 0(gp)
    907 0021b423  sd sp, 8(gp)
    908 00800213  addi tp, x0, 8
    909 1c402223  sw tp, 452(x0)
    910 008bd213  srli tp, s7, 8
    911 1c402623  sw tp, 460(x0)
    912 008c5193  srli gp, s8, 8
    913 0101f193  andi gp, gp, 16
    914 1e018613  addi a2, gp, 480
    915 00000073  ecall
        ; fold level 9
    916 01064193  xori gp, a2, 16
    917 41093083  ld ra, 1040(s2)
    918 41893103  ld sp, 1048(s2)
    919 0011b023  sd ra, 0(gp)
    920 0021b423  sd sp, 8(gp)
    921 00900213  addi tp, x0, 9
    922 1c402223  sw tp, 452(x0)
    923 009bd213  srli tp, s7, 9
    924 1c402623  sw tp, 460(x0)
    925 009c5193  srli gp, s8, 9
    926 0101f193  andi gp, gp, 16
    927 1e018613  addi a2, gp, 480
    928 00000073  ecall
        ; fold level 10
    929 01064193  xori gp, a2, 16
    930 42093083  ld ra, 1056(s2)
    931 42893103  ld sp, 1064(s2)
    932 0011b023  sd ra, 0(gp)
    933 0021b423  sd sp, 8(gp)
    934 00a00213  addi tp, x0, 10
    935 1c402223  sw tp, 452(x0)
    936 1c002623  sw x0, 460(x0)
    937 29000613  addi a2, x0, 656
    938 00000073  ecall
    939 01fe8eb3  add t4, t4, t6
        ; FORS tree 6
fors_6:
    940 01e8db93  srli s7, a7, 30
    941 3ffbfb93  andi s7, s7, 1023
    942 0dd02023  sw t4, 192(x0)
    943 0d702623  sw s7, 204(x0)
    944 43093083  ld ra, 1072(s2)
    945 43893103  ld sp, 1080(s2)
    946 0e103023  sd ra, 224(x0)
    947 0e203423  sd sp, 232(x0)
    948 004b9c13  slli s8, s7, 4
    949 010c7193  andi gp, s8, 16
    950 1e018613  addi a2, gp, 480
    951 0c000513  addi a0, x0, 192
    952 00000073  ecall
    953 1c000513  addi a0, x0, 448
    954 100e8193  addi gp, t4, 256
    955 1c302023  sw gp, 448(x0)
        ; fold level 1
    956 01064193  xori gp, a2, 16
    957 44093083  ld ra, 1088(s2)
    958 44893103  ld sp, 1096(s2)
    959 0011b023  sd ra, 0(gp)
    960 0021b423  sd sp, 8(gp)
    961 00100213  addi tp, x0, 1
    962 1c402223  sw tp, 452(x0)
    963 001bd213  srli tp, s7, 1
    964 1c402623  sw tp, 460(x0)
    965 001c5193  srli gp, s8, 1
    966 0101f193  andi gp, gp, 16
    967 1e018613  addi a2, gp, 480
    968 00000073  ecall
        ; fold level 2
    969 01064193  xori gp, a2, 16
    970 45093083  ld ra, 1104(s2)
    971 45893103  ld sp, 1112(s2)
    972 0011b023  sd ra, 0(gp)
    973 0021b423  sd sp, 8(gp)
    974 00200213  addi tp, x0, 2
    975 1c402223  sw tp, 452(x0)
    976 002bd213  srli tp, s7, 2
    977 1c402623  sw tp, 460(x0)
    978 002c5193  srli gp, s8, 2
    979 0101f193  andi gp, gp, 16
    980 1e018613  addi a2, gp, 480
    981 00000073  ecall
        ; fold level 3
    982 01064193  xori gp, a2, 16
    983 46093083  ld ra, 1120(s2)
    984 46893103  ld sp, 1128(s2)
    985 0011b023  sd ra, 0(gp)
    986 0021b423  sd sp, 8(gp)
    987 00300213  addi tp, x0, 3
    988 1c402223  sw tp, 452(x0)
    989 003bd213  srli tp, s7, 3
    990 1c402623  sw tp, 460(x0)
    991 003c5193  srli gp, s8, 3
    992 0101f193  andi gp, gp, 16
    993 1e018613  addi a2, gp, 480
    994 00000073  ecall
        ; fold level 4
    995 01064193  xori gp, a2, 16
    996 47093083  ld ra, 1136(s2)
    997 47893103  ld sp, 1144(s2)
    998 0011b023  sd ra, 0(gp)
    999 0021b423  sd sp, 8(gp)
   1000 00400213  addi tp, x0, 4
   1001 1c402223  sw tp, 452(x0)
   1002 004bd213  srli tp, s7, 4
   1003 1c402623  sw tp, 460(x0)
   1004 010bf193  andi gp, s7, 16
   1005 1e018613  addi a2, gp, 480
   1006 00000073  ecall
        ; fold level 5
   1007 01064193  xori gp, a2, 16
   1008 48093083  ld ra, 1152(s2)
   1009 48893103  ld sp, 1160(s2)
   1010 0011b023  sd ra, 0(gp)
   1011 0021b423  sd sp, 8(gp)
   1012 00500213  addi tp, x0, 5
   1013 1c402223  sw tp, 452(x0)
   1014 005bd213  srli tp, s7, 5
   1015 1c402623  sw tp, 460(x0)
   1016 005c5193  srli gp, s8, 5
   1017 0101f193  andi gp, gp, 16
   1018 1e018613  addi a2, gp, 480
   1019 00000073  ecall
        ; fold level 6
   1020 01064193  xori gp, a2, 16
   1021 49093083  ld ra, 1168(s2)
   1022 49893103  ld sp, 1176(s2)
   1023 0011b023  sd ra, 0(gp)
   1024 0021b423  sd sp, 8(gp)
   1025 00600213  addi tp, x0, 6
   1026 1c402223  sw tp, 452(x0)
   1027 006bd213  srli tp, s7, 6
   1028 1c402623  sw tp, 460(x0)
   1029 006c5193  srli gp, s8, 6
   1030 0101f193  andi gp, gp, 16
   1031 1e018613  addi a2, gp, 480
   1032 00000073  ecall
        ; fold level 7
   1033 01064193  xori gp, a2, 16
   1034 4a093083  ld ra, 1184(s2)
   1035 4a893103  ld sp, 1192(s2)
   1036 0011b023  sd ra, 0(gp)
   1037 0021b423  sd sp, 8(gp)
   1038 00700213  addi tp, x0, 7
   1039 1c402223  sw tp, 452(x0)
   1040 007bd213  srli tp, s7, 7
   1041 1c402623  sw tp, 460(x0)
   1042 007c5193  srli gp, s8, 7
   1043 0101f193  andi gp, gp, 16
   1044 1e018613  addi a2, gp, 480
   1045 00000073  ecall
        ; fold level 8
   1046 01064193  xori gp, a2, 16
   1047 4b093083  ld ra, 1200(s2)
   1048 4b893103  ld sp, 1208(s2)
   1049 0011b023  sd ra, 0(gp)
   1050 0021b423  sd sp, 8(gp)
   1051 00800213  addi tp, x0, 8
   1052 1c402223  sw tp, 452(x0)
   1053 008bd213  srli tp, s7, 8
   1054 1c402623  sw tp, 460(x0)
   1055 008c5193  srli gp, s8, 8
   1056 0101f193  andi gp, gp, 16
   1057 1e018613  addi a2, gp, 480
   1058 00000073  ecall
        ; fold level 9
   1059 01064193  xori gp, a2, 16
   1060 4c093083  ld ra, 1216(s2)
   1061 4c893103  ld sp, 1224(s2)
   1062 0011b023  sd ra, 0(gp)
   1063 0021b423  sd sp, 8(gp)
   1064 00900213  addi tp, x0, 9
   1065 1c402223  sw tp, 452(x0)
   1066 009bd213  srli tp, s7, 9
   1067 1c402623  sw tp, 460(x0)
   1068 009c5193  srli gp, s8, 9
   1069 0101f193  andi gp, gp, 16
   1070 1e018613  addi a2, gp, 480
   1071 00000073  ecall
        ; fold level 10
   1072 01064193  xori gp, a2, 16
   1073 4d093083  ld ra, 1232(s2)
   1074 4d893103  ld sp, 1240(s2)
   1075 0011b023  sd ra, 0(gp)
   1076 0021b423  sd sp, 8(gp)
   1077 00a00213  addi tp, x0, 10
   1078 1c402223  sw tp, 452(x0)
   1079 1c002623  sw x0, 460(x0)
   1080 2a000613  addi a2, x0, 672
   1081 00000073  ecall
   1082 01fe8eb3  add t4, t4, t6
        ; FORS tree 7
fors_7:
   1083 0288db93  srli s7, a7, 40
   1084 3ffbfb93  andi s7, s7, 1023
   1085 0dd02023  sw t4, 192(x0)
   1086 0d702623  sw s7, 204(x0)
   1087 4e093083  ld ra, 1248(s2)
   1088 4e893103  ld sp, 1256(s2)
   1089 0e103023  sd ra, 224(x0)
   1090 0e203423  sd sp, 232(x0)
   1091 004b9c13  slli s8, s7, 4
   1092 010c7193  andi gp, s8, 16
   1093 1e018613  addi a2, gp, 480
   1094 0c000513  addi a0, x0, 192
   1095 00000073  ecall
   1096 1c000513  addi a0, x0, 448
   1097 100e8193  addi gp, t4, 256
   1098 1c302023  sw gp, 448(x0)
        ; fold level 1
   1099 01064193  xori gp, a2, 16
   1100 4f093083  ld ra, 1264(s2)
   1101 4f893103  ld sp, 1272(s2)
   1102 0011b023  sd ra, 0(gp)
   1103 0021b423  sd sp, 8(gp)
   1104 00100213  addi tp, x0, 1
   1105 1c402223  sw tp, 452(x0)
   1106 001bd213  srli tp, s7, 1
   1107 1c402623  sw tp, 460(x0)
   1108 001c5193  srli gp, s8, 1
   1109 0101f193  andi gp, gp, 16
   1110 1e018613  addi a2, gp, 480
   1111 00000073  ecall
        ; fold level 2
   1112 01064193  xori gp, a2, 16
   1113 50093083  ld ra, 1280(s2)
   1114 50893103  ld sp, 1288(s2)
   1115 0011b023  sd ra, 0(gp)
   1116 0021b423  sd sp, 8(gp)
   1117 00200213  addi tp, x0, 2
   1118 1c402223  sw tp, 452(x0)
   1119 002bd213  srli tp, s7, 2
   1120 1c402623  sw tp, 460(x0)
   1121 002c5193  srli gp, s8, 2
   1122 0101f193  andi gp, gp, 16
   1123 1e018613  addi a2, gp, 480
   1124 00000073  ecall
        ; fold level 3
   1125 01064193  xori gp, a2, 16
   1126 51093083  ld ra, 1296(s2)
   1127 51893103  ld sp, 1304(s2)
   1128 0011b023  sd ra, 0(gp)
   1129 0021b423  sd sp, 8(gp)
   1130 00300213  addi tp, x0, 3
   1131 1c402223  sw tp, 452(x0)
   1132 003bd213  srli tp, s7, 3
   1133 1c402623  sw tp, 460(x0)
   1134 003c5193  srli gp, s8, 3
   1135 0101f193  andi gp, gp, 16
   1136 1e018613  addi a2, gp, 480
   1137 00000073  ecall
        ; fold level 4
   1138 01064193  xori gp, a2, 16
   1139 52093083  ld ra, 1312(s2)
   1140 52893103  ld sp, 1320(s2)
   1141 0011b023  sd ra, 0(gp)
   1142 0021b423  sd sp, 8(gp)
   1143 00400213  addi tp, x0, 4
   1144 1c402223  sw tp, 452(x0)
   1145 004bd213  srli tp, s7, 4
   1146 1c402623  sw tp, 460(x0)
   1147 010bf193  andi gp, s7, 16
   1148 1e018613  addi a2, gp, 480
   1149 00000073  ecall
        ; fold level 5
   1150 01064193  xori gp, a2, 16
   1151 53093083  ld ra, 1328(s2)
   1152 53893103  ld sp, 1336(s2)
   1153 0011b023  sd ra, 0(gp)
   1154 0021b423  sd sp, 8(gp)
   1155 00500213  addi tp, x0, 5
   1156 1c402223  sw tp, 452(x0)
   1157 005bd213  srli tp, s7, 5
   1158 1c402623  sw tp, 460(x0)
   1159 005c5193  srli gp, s8, 5
   1160 0101f193  andi gp, gp, 16
   1161 1e018613  addi a2, gp, 480
   1162 00000073  ecall
        ; fold level 6
   1163 01064193  xori gp, a2, 16
   1164 54093083  ld ra, 1344(s2)
   1165 54893103  ld sp, 1352(s2)
   1166 0011b023  sd ra, 0(gp)
   1167 0021b423  sd sp, 8(gp)
   1168 00600213  addi tp, x0, 6
   1169 1c402223  sw tp, 452(x0)
   1170 006bd213  srli tp, s7, 6
   1171 1c402623  sw tp, 460(x0)
   1172 006c5193  srli gp, s8, 6
   1173 0101f193  andi gp, gp, 16
   1174 1e018613  addi a2, gp, 480
   1175 00000073  ecall
        ; fold level 7
   1176 01064193  xori gp, a2, 16
   1177 55093083  ld ra, 1360(s2)
   1178 55893103  ld sp, 1368(s2)
   1179 0011b023  sd ra, 0(gp)
   1180 0021b423  sd sp, 8(gp)
   1181 00700213  addi tp, x0, 7
   1182 1c402223  sw tp, 452(x0)
   1183 007bd213  srli tp, s7, 7
   1184 1c402623  sw tp, 460(x0)
   1185 007c5193  srli gp, s8, 7
   1186 0101f193  andi gp, gp, 16
   1187 1e018613  addi a2, gp, 480
   1188 00000073  ecall
        ; fold level 8
   1189 01064193  xori gp, a2, 16
   1190 56093083  ld ra, 1376(s2)
   1191 56893103  ld sp, 1384(s2)
   1192 0011b023  sd ra, 0(gp)
   1193 0021b423  sd sp, 8(gp)
   1194 00800213  addi tp, x0, 8
   1195 1c402223  sw tp, 452(x0)
   1196 008bd213  srli tp, s7, 8
   1197 1c402623  sw tp, 460(x0)
   1198 008c5193  srli gp, s8, 8
   1199 0101f193  andi gp, gp, 16
   1200 1e018613  addi a2, gp, 480
   1201 00000073  ecall
        ; fold level 9
   1202 01064193  xori gp, a2, 16
   1203 57093083  ld ra, 1392(s2)
   1204 57893103  ld sp, 1400(s2)
   1205 0011b023  sd ra, 0(gp)
   1206 0021b423  sd sp, 8(gp)
   1207 00900213  addi tp, x0, 9
   1208 1c402223  sw tp, 452(x0)
   1209 009bd213  srli tp, s7, 9
   1210 1c402623  sw tp, 460(x0)
   1211 009c5193  srli gp, s8, 9
   1212 0101f193  andi gp, gp, 16
   1213 1e018613  addi a2, gp, 480
   1214 00000073  ecall
        ; fold level 10
   1215 01064193  xori gp, a2, 16
   1216 58093083  ld ra, 1408(s2)
   1217 58893103  ld sp, 1416(s2)
   1218 0011b023  sd ra, 0(gp)
   1219 0021b423  sd sp, 8(gp)
   1220 00a00213  addi tp, x0, 10
   1221 1c402223  sw tp, 452(x0)
   1222 1c002623  sw x0, 460(x0)
   1223 2b000613  addi a2, x0, 688
   1224 00000073  ecall
   1225 01fe8eb3  add t4, t4, t6
        ; FORS tree 8
fors_8:
   1226 0328db93  srli s7, a7, 50
   1227 3ffbfb93  andi s7, s7, 1023
   1228 0dd02023  sw t4, 192(x0)
   1229 0d702623  sw s7, 204(x0)
   1230 59093083  ld ra, 1424(s2)
   1231 59893103  ld sp, 1432(s2)
   1232 0e103023  sd ra, 224(x0)
   1233 0e203423  sd sp, 232(x0)
   1234 004b9c13  slli s8, s7, 4
   1235 010c7193  andi gp, s8, 16
   1236 1e018613  addi a2, gp, 480
   1237 0c000513  addi a0, x0, 192
   1238 00000073  ecall
   1239 1c000513  addi a0, x0, 448
   1240 100e8193  addi gp, t4, 256
   1241 1c302023  sw gp, 448(x0)
        ; fold level 1
   1242 01064193  xori gp, a2, 16
   1243 5a093083  ld ra, 1440(s2)
   1244 5a893103  ld sp, 1448(s2)
   1245 0011b023  sd ra, 0(gp)
   1246 0021b423  sd sp, 8(gp)
   1247 00100213  addi tp, x0, 1
   1248 1c402223  sw tp, 452(x0)
   1249 001bd213  srli tp, s7, 1
   1250 1c402623  sw tp, 460(x0)
   1251 001c5193  srli gp, s8, 1
   1252 0101f193  andi gp, gp, 16
   1253 1e018613  addi a2, gp, 480
   1254 00000073  ecall
        ; fold level 2
   1255 01064193  xori gp, a2, 16
   1256 5b093083  ld ra, 1456(s2)
   1257 5b893103  ld sp, 1464(s2)
   1258 0011b023  sd ra, 0(gp)
   1259 0021b423  sd sp, 8(gp)
   1260 00200213  addi tp, x0, 2
   1261 1c402223  sw tp, 452(x0)
   1262 002bd213  srli tp, s7, 2
   1263 1c402623  sw tp, 460(x0)
   1264 002c5193  srli gp, s8, 2
   1265 0101f193  andi gp, gp, 16
   1266 1e018613  addi a2, gp, 480
   1267 00000073  ecall
        ; fold level 3
   1268 01064193  xori gp, a2, 16
   1269 5c093083  ld ra, 1472(s2)
   1270 5c893103  ld sp, 1480(s2)
   1271 0011b023  sd ra, 0(gp)
   1272 0021b423  sd sp, 8(gp)
   1273 00300213  addi tp, x0, 3
   1274 1c402223  sw tp, 452(x0)
   1275 003bd213  srli tp, s7, 3
   1276 1c402623  sw tp, 460(x0)
   1277 003c5193  srli gp, s8, 3
   1278 0101f193  andi gp, gp, 16
   1279 1e018613  addi a2, gp, 480
   1280 00000073  ecall
        ; fold level 4
   1281 01064193  xori gp, a2, 16
   1282 5d093083  ld ra, 1488(s2)
   1283 5d893103  ld sp, 1496(s2)
   1284 0011b023  sd ra, 0(gp)
   1285 0021b423  sd sp, 8(gp)
   1286 00400213  addi tp, x0, 4
   1287 1c402223  sw tp, 452(x0)
   1288 004bd213  srli tp, s7, 4
   1289 1c402623  sw tp, 460(x0)
   1290 010bf193  andi gp, s7, 16
   1291 1e018613  addi a2, gp, 480
   1292 00000073  ecall
        ; fold level 5
   1293 01064193  xori gp, a2, 16
   1294 5e093083  ld ra, 1504(s2)
   1295 5e893103  ld sp, 1512(s2)
   1296 0011b023  sd ra, 0(gp)
   1297 0021b423  sd sp, 8(gp)
   1298 00500213  addi tp, x0, 5
   1299 1c402223  sw tp, 452(x0)
   1300 005bd213  srli tp, s7, 5
   1301 1c402623  sw tp, 460(x0)
   1302 005c5193  srli gp, s8, 5
   1303 0101f193  andi gp, gp, 16
   1304 1e018613  addi a2, gp, 480
   1305 00000073  ecall
        ; fold level 6
   1306 01064193  xori gp, a2, 16
   1307 5f093083  ld ra, 1520(s2)
   1308 5f893103  ld sp, 1528(s2)
   1309 0011b023  sd ra, 0(gp)
   1310 0021b423  sd sp, 8(gp)
   1311 00600213  addi tp, x0, 6
   1312 1c402223  sw tp, 452(x0)
   1313 006bd213  srli tp, s7, 6
   1314 1c402623  sw tp, 460(x0)
   1315 006c5193  srli gp, s8, 6
   1316 0101f193  andi gp, gp, 16
   1317 1e018613  addi a2, gp, 480
   1318 00000073  ecall
        ; fold level 7
   1319 01064193  xori gp, a2, 16
   1320 60093083  ld ra, 1536(s2)
   1321 60893103  ld sp, 1544(s2)
   1322 0011b023  sd ra, 0(gp)
   1323 0021b423  sd sp, 8(gp)
   1324 00700213  addi tp, x0, 7
   1325 1c402223  sw tp, 452(x0)
   1326 007bd213  srli tp, s7, 7
   1327 1c402623  sw tp, 460(x0)
   1328 007c5193  srli gp, s8, 7
   1329 0101f193  andi gp, gp, 16
   1330 1e018613  addi a2, gp, 480
   1331 00000073  ecall
        ; fold level 8
   1332 01064193  xori gp, a2, 16
   1333 61093083  ld ra, 1552(s2)
   1334 61893103  ld sp, 1560(s2)
   1335 0011b023  sd ra, 0(gp)
   1336 0021b423  sd sp, 8(gp)
   1337 00800213  addi tp, x0, 8
   1338 1c402223  sw tp, 452(x0)
   1339 008bd213  srli tp, s7, 8
   1340 1c402623  sw tp, 460(x0)
   1341 008c5193  srli gp, s8, 8
   1342 0101f193  andi gp, gp, 16
   1343 1e018613  addi a2, gp, 480
   1344 00000073  ecall
        ; fold level 9
   1345 01064193  xori gp, a2, 16
   1346 62093083  ld ra, 1568(s2)
   1347 62893103  ld sp, 1576(s2)
   1348 0011b023  sd ra, 0(gp)
   1349 0021b423  sd sp, 8(gp)
   1350 00900213  addi tp, x0, 9
   1351 1c402223  sw tp, 452(x0)
   1352 009bd213  srli tp, s7, 9
   1353 1c402623  sw tp, 460(x0)
   1354 009c5193  srli gp, s8, 9
   1355 0101f193  andi gp, gp, 16
   1356 1e018613  addi a2, gp, 480
   1357 00000073  ecall
        ; fold level 10
   1358 01064193  xori gp, a2, 16
   1359 63093083  ld ra, 1584(s2)
   1360 63893103  ld sp, 1592(s2)
   1361 0011b023  sd ra, 0(gp)
   1362 0021b423  sd sp, 8(gp)
   1363 00a00213  addi tp, x0, 10
   1364 1c402223  sw tp, 452(x0)
   1365 1c002623  sw x0, 460(x0)
   1366 2c000613  addi a2, x0, 704
   1367 00000073  ecall
   1368 01fe8eb3  add t4, t4, t6
        ; FORS tree 9
fors_9:
   1369 03c8d193  srli gp, a7, 60
   1370 03fcfb93  andi s7, s9, 63
   1371 004b9b93  slli s7, s7, 4
   1372 003bebb3  or s7, s7, gp
   1373 0dd02023  sw t4, 192(x0)
   1374 0d702623  sw s7, 204(x0)
   1375 64093083  ld ra, 1600(s2)
   1376 64893103  ld sp, 1608(s2)
   1377 0e103023  sd ra, 224(x0)
   1378 0e203423  sd sp, 232(x0)
   1379 004b9c13  slli s8, s7, 4
   1380 010c7193  andi gp, s8, 16
   1381 1e018613  addi a2, gp, 480
   1382 0c000513  addi a0, x0, 192
   1383 00000073  ecall
   1384 1c000513  addi a0, x0, 448
   1385 100e8193  addi gp, t4, 256
   1386 1c302023  sw gp, 448(x0)
        ; fold level 1
   1387 01064193  xori gp, a2, 16
   1388 65093083  ld ra, 1616(s2)
   1389 65893103  ld sp, 1624(s2)
   1390 0011b023  sd ra, 0(gp)
   1391 0021b423  sd sp, 8(gp)
   1392 00100213  addi tp, x0, 1
   1393 1c402223  sw tp, 452(x0)
   1394 001bd213  srli tp, s7, 1
   1395 1c402623  sw tp, 460(x0)
   1396 001c5193  srli gp, s8, 1
   1397 0101f193  andi gp, gp, 16
   1398 1e018613  addi a2, gp, 480
   1399 00000073  ecall
        ; fold level 2
   1400 01064193  xori gp, a2, 16
   1401 66093083  ld ra, 1632(s2)
   1402 66893103  ld sp, 1640(s2)
   1403 0011b023  sd ra, 0(gp)
   1404 0021b423  sd sp, 8(gp)
   1405 00200213  addi tp, x0, 2
   1406 1c402223  sw tp, 452(x0)
   1407 002bd213  srli tp, s7, 2
   1408 1c402623  sw tp, 460(x0)
   1409 002c5193  srli gp, s8, 2
   1410 0101f193  andi gp, gp, 16
   1411 1e018613  addi a2, gp, 480
   1412 00000073  ecall
        ; fold level 3
   1413 01064193  xori gp, a2, 16
   1414 67093083  ld ra, 1648(s2)
   1415 67893103  ld sp, 1656(s2)
   1416 0011b023  sd ra, 0(gp)
   1417 0021b423  sd sp, 8(gp)
   1418 00300213  addi tp, x0, 3
   1419 1c402223  sw tp, 452(x0)
   1420 003bd213  srli tp, s7, 3
   1421 1c402623  sw tp, 460(x0)
   1422 003c5193  srli gp, s8, 3
   1423 0101f193  andi gp, gp, 16
   1424 1e018613  addi a2, gp, 480
   1425 00000073  ecall
        ; fold level 4
   1426 01064193  xori gp, a2, 16
   1427 68093083  ld ra, 1664(s2)
   1428 68893103  ld sp, 1672(s2)
   1429 0011b023  sd ra, 0(gp)
   1430 0021b423  sd sp, 8(gp)
   1431 00400213  addi tp, x0, 4
   1432 1c402223  sw tp, 452(x0)
   1433 004bd213  srli tp, s7, 4
   1434 1c402623  sw tp, 460(x0)
   1435 010bf193  andi gp, s7, 16
   1436 1e018613  addi a2, gp, 480
   1437 00000073  ecall
        ; fold level 5
   1438 01064193  xori gp, a2, 16
   1439 69093083  ld ra, 1680(s2)
   1440 69893103  ld sp, 1688(s2)
   1441 0011b023  sd ra, 0(gp)
   1442 0021b423  sd sp, 8(gp)
   1443 00500213  addi tp, x0, 5
   1444 1c402223  sw tp, 452(x0)
   1445 005bd213  srli tp, s7, 5
   1446 1c402623  sw tp, 460(x0)
   1447 005c5193  srli gp, s8, 5
   1448 0101f193  andi gp, gp, 16
   1449 1e018613  addi a2, gp, 480
   1450 00000073  ecall
        ; fold level 6
   1451 01064193  xori gp, a2, 16
   1452 6a093083  ld ra, 1696(s2)
   1453 6a893103  ld sp, 1704(s2)
   1454 0011b023  sd ra, 0(gp)
   1455 0021b423  sd sp, 8(gp)
   1456 00600213  addi tp, x0, 6
   1457 1c402223  sw tp, 452(x0)
   1458 006bd213  srli tp, s7, 6
   1459 1c402623  sw tp, 460(x0)
   1460 006c5193  srli gp, s8, 6
   1461 0101f193  andi gp, gp, 16
   1462 1e018613  addi a2, gp, 480
   1463 00000073  ecall
        ; fold level 7
   1464 01064193  xori gp, a2, 16
   1465 6b093083  ld ra, 1712(s2)
   1466 6b893103  ld sp, 1720(s2)
   1467 0011b023  sd ra, 0(gp)
   1468 0021b423  sd sp, 8(gp)
   1469 00700213  addi tp, x0, 7
   1470 1c402223  sw tp, 452(x0)
   1471 007bd213  srli tp, s7, 7
   1472 1c402623  sw tp, 460(x0)
   1473 007c5193  srli gp, s8, 7
   1474 0101f193  andi gp, gp, 16
   1475 1e018613  addi a2, gp, 480
   1476 00000073  ecall
        ; fold level 8
   1477 01064193  xori gp, a2, 16
   1478 6c093083  ld ra, 1728(s2)
   1479 6c893103  ld sp, 1736(s2)
   1480 0011b023  sd ra, 0(gp)
   1481 0021b423  sd sp, 8(gp)
   1482 00800213  addi tp, x0, 8
   1483 1c402223  sw tp, 452(x0)
   1484 008bd213  srli tp, s7, 8
   1485 1c402623  sw tp, 460(x0)
   1486 008c5193  srli gp, s8, 8
   1487 0101f193  andi gp, gp, 16
   1488 1e018613  addi a2, gp, 480
   1489 00000073  ecall
        ; fold level 9
   1490 01064193  xori gp, a2, 16
   1491 6d093083  ld ra, 1744(s2)
   1492 6d893103  ld sp, 1752(s2)
   1493 0011b023  sd ra, 0(gp)
   1494 0021b423  sd sp, 8(gp)
   1495 00900213  addi tp, x0, 9
   1496 1c402223  sw tp, 452(x0)
   1497 009bd213  srli tp, s7, 9
   1498 1c402623  sw tp, 460(x0)
   1499 009c5193  srli gp, s8, 9
   1500 0101f193  andi gp, gp, 16
   1501 1e018613  addi a2, gp, 480
   1502 00000073  ecall
        ; fold level 10
   1503 01064193  xori gp, a2, 16
   1504 6e093083  ld ra, 1760(s2)
   1505 6e893103  ld sp, 1768(s2)
   1506 0011b023  sd ra, 0(gp)
   1507 0021b423  sd sp, 8(gp)
   1508 00a00213  addi tp, x0, 10
   1509 1c402223  sw tp, 452(x0)
   1510 1c002623  sw x0, 460(x0)
   1511 2d000613  addi a2, x0, 720
   1512 00000073  ecall
   1513 01fe8eb3  add t4, t4, t6
        ; FORS tree 10
fors_10:
   1514 006cdb93  srli s7, s9, 6
   1515 3ffbfb93  andi s7, s7, 1023
   1516 0dd02023  sw t4, 192(x0)
   1517 0d702623  sw s7, 204(x0)
   1518 6f093083  ld ra, 1776(s2)
   1519 6f893103  ld sp, 1784(s2)
   1520 0e103023  sd ra, 224(x0)
   1521 0e203423  sd sp, 232(x0)
   1522 004b9c13  slli s8, s7, 4
   1523 010c7193  andi gp, s8, 16
   1524 1e018613  addi a2, gp, 480
   1525 0c000513  addi a0, x0, 192
   1526 00000073  ecall
   1527 1c000513  addi a0, x0, 448
   1528 100e8193  addi gp, t4, 256
   1529 1c302023  sw gp, 448(x0)
        ; fold level 1
   1530 01064193  xori gp, a2, 16
   1531 70093083  ld ra, 1792(s2)
   1532 70893103  ld sp, 1800(s2)
   1533 0011b023  sd ra, 0(gp)
   1534 0021b423  sd sp, 8(gp)
   1535 00100213  addi tp, x0, 1
   1536 1c402223  sw tp, 452(x0)
   1537 001bd213  srli tp, s7, 1
   1538 1c402623  sw tp, 460(x0)
   1539 001c5193  srli gp, s8, 1
   1540 0101f193  andi gp, gp, 16
   1541 1e018613  addi a2, gp, 480
   1542 00000073  ecall
        ; fold level 2
   1543 01064193  xori gp, a2, 16
   1544 71093083  ld ra, 1808(s2)
   1545 71893103  ld sp, 1816(s2)
   1546 0011b023  sd ra, 0(gp)
   1547 0021b423  sd sp, 8(gp)
   1548 00200213  addi tp, x0, 2
   1549 1c402223  sw tp, 452(x0)
   1550 002bd213  srli tp, s7, 2
   1551 1c402623  sw tp, 460(x0)
   1552 002c5193  srli gp, s8, 2
   1553 0101f193  andi gp, gp, 16
   1554 1e018613  addi a2, gp, 480
   1555 00000073  ecall
        ; fold level 3
   1556 01064193  xori gp, a2, 16
   1557 72093083  ld ra, 1824(s2)
   1558 72893103  ld sp, 1832(s2)
   1559 0011b023  sd ra, 0(gp)
   1560 0021b423  sd sp, 8(gp)
   1561 00300213  addi tp, x0, 3
   1562 1c402223  sw tp, 452(x0)
   1563 003bd213  srli tp, s7, 3
   1564 1c402623  sw tp, 460(x0)
   1565 003c5193  srli gp, s8, 3
   1566 0101f193  andi gp, gp, 16
   1567 1e018613  addi a2, gp, 480
   1568 00000073  ecall
        ; fold level 4
   1569 01064193  xori gp, a2, 16
   1570 73093083  ld ra, 1840(s2)
   1571 73893103  ld sp, 1848(s2)
   1572 0011b023  sd ra, 0(gp)
   1573 0021b423  sd sp, 8(gp)
   1574 00400213  addi tp, x0, 4
   1575 1c402223  sw tp, 452(x0)
   1576 004bd213  srli tp, s7, 4
   1577 1c402623  sw tp, 460(x0)
   1578 010bf193  andi gp, s7, 16
   1579 1e018613  addi a2, gp, 480
   1580 00000073  ecall
        ; fold level 5
   1581 01064193  xori gp, a2, 16
   1582 74093083  ld ra, 1856(s2)
   1583 74893103  ld sp, 1864(s2)
   1584 0011b023  sd ra, 0(gp)
   1585 0021b423  sd sp, 8(gp)
   1586 00500213  addi tp, x0, 5
   1587 1c402223  sw tp, 452(x0)
   1588 005bd213  srli tp, s7, 5
   1589 1c402623  sw tp, 460(x0)
   1590 005c5193  srli gp, s8, 5
   1591 0101f193  andi gp, gp, 16
   1592 1e018613  addi a2, gp, 480
   1593 00000073  ecall
        ; fold level 6
   1594 01064193  xori gp, a2, 16
   1595 75093083  ld ra, 1872(s2)
   1596 75893103  ld sp, 1880(s2)
   1597 0011b023  sd ra, 0(gp)
   1598 0021b423  sd sp, 8(gp)
   1599 00600213  addi tp, x0, 6
   1600 1c402223  sw tp, 452(x0)
   1601 006bd213  srli tp, s7, 6
   1602 1c402623  sw tp, 460(x0)
   1603 006c5193  srli gp, s8, 6
   1604 0101f193  andi gp, gp, 16
   1605 1e018613  addi a2, gp, 480
   1606 00000073  ecall
        ; fold level 7
   1607 01064193  xori gp, a2, 16
   1608 76093083  ld ra, 1888(s2)
   1609 76893103  ld sp, 1896(s2)
   1610 0011b023  sd ra, 0(gp)
   1611 0021b423  sd sp, 8(gp)
   1612 00700213  addi tp, x0, 7
   1613 1c402223  sw tp, 452(x0)
   1614 007bd213  srli tp, s7, 7
   1615 1c402623  sw tp, 460(x0)
   1616 007c5193  srli gp, s8, 7
   1617 0101f193  andi gp, gp, 16
   1618 1e018613  addi a2, gp, 480
   1619 00000073  ecall
        ; fold level 8
   1620 01064193  xori gp, a2, 16
   1621 77093083  ld ra, 1904(s2)
   1622 77893103  ld sp, 1912(s2)
   1623 0011b023  sd ra, 0(gp)
   1624 0021b423  sd sp, 8(gp)
   1625 00800213  addi tp, x0, 8
   1626 1c402223  sw tp, 452(x0)
   1627 008bd213  srli tp, s7, 8
   1628 1c402623  sw tp, 460(x0)
   1629 008c5193  srli gp, s8, 8
   1630 0101f193  andi gp, gp, 16
   1631 1e018613  addi a2, gp, 480
   1632 00000073  ecall
        ; fold level 9
   1633 01064193  xori gp, a2, 16
   1634 78093083  ld ra, 1920(s2)
   1635 78893103  ld sp, 1928(s2)
   1636 0011b023  sd ra, 0(gp)
   1637 0021b423  sd sp, 8(gp)
   1638 00900213  addi tp, x0, 9
   1639 1c402223  sw tp, 452(x0)
   1640 009bd213  srli tp, s7, 9
   1641 1c402623  sw tp, 460(x0)
   1642 009c5193  srli gp, s8, 9
   1643 0101f193  andi gp, gp, 16
   1644 1e018613  addi a2, gp, 480
   1645 00000073  ecall
        ; fold level 10
   1646 01064193  xori gp, a2, 16
   1647 79093083  ld ra, 1936(s2)
   1648 79893103  ld sp, 1944(s2)
   1649 0011b023  sd ra, 0(gp)
   1650 0021b423  sd sp, 8(gp)
   1651 00a00213  addi tp, x0, 10
   1652 1c402223  sw tp, 452(x0)
   1653 1c002623  sw x0, 460(x0)
   1654 2e000613  addi a2, x0, 736
   1655 00000073  ecall
   1656 01fe8eb3  add t4, t4, t6
        ; FORS tree 11
fors_11:
   1657 010cdb93  srli s7, s9, 16
   1658 3ffbfb93  andi s7, s7, 1023
   1659 0dd02023  sw t4, 192(x0)
   1660 0d702623  sw s7, 204(x0)
   1661 7a093083  ld ra, 1952(s2)
   1662 7a893103  ld sp, 1960(s2)
   1663 0e103023  sd ra, 224(x0)
   1664 0e203423  sd sp, 232(x0)
   1665 004b9c13  slli s8, s7, 4
   1666 010c7193  andi gp, s8, 16
   1667 1e018613  addi a2, gp, 480
   1668 0c000513  addi a0, x0, 192
   1669 00000073  ecall
   1670 1c000513  addi a0, x0, 448
   1671 100e8193  addi gp, t4, 256
   1672 1c302023  sw gp, 448(x0)
        ; fold level 1
   1673 01064193  xori gp, a2, 16
   1674 7b093083  ld ra, 1968(s2)
   1675 7b893103  ld sp, 1976(s2)
   1676 0011b023  sd ra, 0(gp)
   1677 0021b423  sd sp, 8(gp)
   1678 00100213  addi tp, x0, 1
   1679 1c402223  sw tp, 452(x0)
   1680 001bd213  srli tp, s7, 1
   1681 1c402623  sw tp, 460(x0)
   1682 001c5193  srli gp, s8, 1
   1683 0101f193  andi gp, gp, 16
   1684 1e018613  addi a2, gp, 480
   1685 00000073  ecall
        ; fold level 2
   1686 01064193  xori gp, a2, 16
   1687 7c093083  ld ra, 1984(s2)
   1688 7c893103  ld sp, 1992(s2)
   1689 0011b023  sd ra, 0(gp)
   1690 0021b423  sd sp, 8(gp)
   1691 00200213  addi tp, x0, 2
   1692 1c402223  sw tp, 452(x0)
   1693 002bd213  srli tp, s7, 2
   1694 1c402623  sw tp, 460(x0)
   1695 002c5193  srli gp, s8, 2
   1696 0101f193  andi gp, gp, 16
   1697 1e018613  addi a2, gp, 480
   1698 00000073  ecall
        ; fold level 3
   1699 01064193  xori gp, a2, 16
   1700 7d093083  ld ra, 2000(s2)
   1701 7d893103  ld sp, 2008(s2)
   1702 0011b023  sd ra, 0(gp)
   1703 0021b423  sd sp, 8(gp)
   1704 00300213  addi tp, x0, 3
   1705 1c402223  sw tp, 452(x0)
   1706 003bd213  srli tp, s7, 3
   1707 1c402623  sw tp, 460(x0)
   1708 003c5193  srli gp, s8, 3
   1709 0101f193  andi gp, gp, 16
   1710 1e018613  addi a2, gp, 480
   1711 00000073  ecall
        ; fold level 4
   1712 01064193  xori gp, a2, 16
   1713 7e093083  ld ra, 2016(s2)
   1714 7e893103  ld sp, 2024(s2)
   1715 0011b023  sd ra, 0(gp)
   1716 0021b423  sd sp, 8(gp)
   1717 00400213  addi tp, x0, 4
   1718 1c402223  sw tp, 452(x0)
   1719 004bd213  srli tp, s7, 4
   1720 1c402623  sw tp, 460(x0)
   1721 010bf193  andi gp, s7, 16
   1722 1e018613  addi a2, gp, 480
   1723 00000073  ecall
        ; fold level 5
   1724 01064193  xori gp, a2, 16
   1725 7f093083  ld ra, 2032(s2)
   1726 7f893103  ld sp, 2040(s2)
   1727 0011b023  sd ra, 0(gp)
   1728 0021b423  sd sp, 8(gp)
   1729 00500213  addi tp, x0, 5
   1730 1c402223  sw tp, 452(x0)
   1731 005bd213  srli tp, s7, 5
   1732 1c402623  sw tp, 460(x0)
   1733 005c5193  srli gp, s8, 5
   1734 0101f193  andi gp, gp, 16
   1735 1e018613  addi a2, gp, 480
   1736 00000073  ecall
        ; fold level 6
   1737 01064193  xori gp, a2, 16
   1738 0009b083  ld ra, 0(s3)
   1739 0089b103  ld sp, 8(s3)
   1740 0011b023  sd ra, 0(gp)
   1741 0021b423  sd sp, 8(gp)
   1742 00600213  addi tp, x0, 6
   1743 1c402223  sw tp, 452(x0)
   1744 006bd213  srli tp, s7, 6
   1745 1c402623  sw tp, 460(x0)
   1746 006c5193  srli gp, s8, 6
   1747 0101f193  andi gp, gp, 16
   1748 1e018613  addi a2, gp, 480
   1749 00000073  ecall
        ; fold level 7
   1750 01064193  xori gp, a2, 16
   1751 0109b083  ld ra, 16(s3)
   1752 0189b103  ld sp, 24(s3)
   1753 0011b023  sd ra, 0(gp)
   1754 0021b423  sd sp, 8(gp)
   1755 00700213  addi tp, x0, 7
   1756 1c402223  sw tp, 452(x0)
   1757 007bd213  srli tp, s7, 7
   1758 1c402623  sw tp, 460(x0)
   1759 007c5193  srli gp, s8, 7
   1760 0101f193  andi gp, gp, 16
   1761 1e018613  addi a2, gp, 480
   1762 00000073  ecall
        ; fold level 8
   1763 01064193  xori gp, a2, 16
   1764 0209b083  ld ra, 32(s3)
   1765 0289b103  ld sp, 40(s3)
   1766 0011b023  sd ra, 0(gp)
   1767 0021b423  sd sp, 8(gp)
   1768 00800213  addi tp, x0, 8
   1769 1c402223  sw tp, 452(x0)
   1770 008bd213  srli tp, s7, 8
   1771 1c402623  sw tp, 460(x0)
   1772 008c5193  srli gp, s8, 8
   1773 0101f193  andi gp, gp, 16
   1774 1e018613  addi a2, gp, 480
   1775 00000073  ecall
        ; fold level 9
   1776 01064193  xori gp, a2, 16
   1777 0309b083  ld ra, 48(s3)
   1778 0389b103  ld sp, 56(s3)
   1779 0011b023  sd ra, 0(gp)
   1780 0021b423  sd sp, 8(gp)
   1781 00900213  addi tp, x0, 9
   1782 1c402223  sw tp, 452(x0)
   1783 009bd213  srli tp, s7, 9
   1784 1c402623  sw tp, 460(x0)
   1785 009c5193  srli gp, s8, 9
   1786 0101f193  andi gp, gp, 16
   1787 1e018613  addi a2, gp, 480
   1788 00000073  ecall
        ; fold level 10
   1789 01064193  xori gp, a2, 16
   1790 0409b083  ld ra, 64(s3)
   1791 0489b103  ld sp, 72(s3)
   1792 0011b023  sd ra, 0(gp)
   1793 0021b423  sd sp, 8(gp)
   1794 00a00213  addi tp, x0, 10
   1795 1c402223  sw tp, 452(x0)
   1796 1c002623  sw x0, 460(x0)
   1797 2f000613  addi a2, x0, 752
   1798 00000073  ecall
   1799 01fe8eb3  add t4, t4, t6
        ; FORS tree 12
fors_12:
   1800 01acdb93  srli s7, s9, 26
   1801 3ffbfb93  andi s7, s7, 1023
   1802 0dd02023  sw t4, 192(x0)
   1803 0d702623  sw s7, 204(x0)
   1804 0509b083  ld ra, 80(s3)
   1805 0589b103  ld sp, 88(s3)
   1806 0e103023  sd ra, 224(x0)
   1807 0e203423  sd sp, 232(x0)
   1808 004b9c13  slli s8, s7, 4
   1809 010c7193  andi gp, s8, 16
   1810 1e018613  addi a2, gp, 480
   1811 0c000513  addi a0, x0, 192
   1812 00000073  ecall
   1813 1c000513  addi a0, x0, 448
   1814 100e8193  addi gp, t4, 256
   1815 1c302023  sw gp, 448(x0)
        ; fold level 1
   1816 01064193  xori gp, a2, 16
   1817 0609b083  ld ra, 96(s3)
   1818 0689b103  ld sp, 104(s3)
   1819 0011b023  sd ra, 0(gp)
   1820 0021b423  sd sp, 8(gp)
   1821 00100213  addi tp, x0, 1
   1822 1c402223  sw tp, 452(x0)
   1823 001bd213  srli tp, s7, 1
   1824 1c402623  sw tp, 460(x0)
   1825 001c5193  srli gp, s8, 1
   1826 0101f193  andi gp, gp, 16
   1827 1e018613  addi a2, gp, 480
   1828 00000073  ecall
        ; fold level 2
   1829 01064193  xori gp, a2, 16
   1830 0709b083  ld ra, 112(s3)
   1831 0789b103  ld sp, 120(s3)
   1832 0011b023  sd ra, 0(gp)
   1833 0021b423  sd sp, 8(gp)
   1834 00200213  addi tp, x0, 2
   1835 1c402223  sw tp, 452(x0)
   1836 002bd213  srli tp, s7, 2
   1837 1c402623  sw tp, 460(x0)
   1838 002c5193  srli gp, s8, 2
   1839 0101f193  andi gp, gp, 16
   1840 1e018613  addi a2, gp, 480
   1841 00000073  ecall
        ; fold level 3
   1842 01064193  xori gp, a2, 16
   1843 0809b083  ld ra, 128(s3)
   1844 0889b103  ld sp, 136(s3)
   1845 0011b023  sd ra, 0(gp)
   1846 0021b423  sd sp, 8(gp)
   1847 00300213  addi tp, x0, 3
   1848 1c402223  sw tp, 452(x0)
   1849 003bd213  srli tp, s7, 3
   1850 1c402623  sw tp, 460(x0)
   1851 003c5193  srli gp, s8, 3
   1852 0101f193  andi gp, gp, 16
   1853 1e018613  addi a2, gp, 480
   1854 00000073  ecall
        ; fold level 4
   1855 01064193  xori gp, a2, 16
   1856 0909b083  ld ra, 144(s3)
   1857 0989b103  ld sp, 152(s3)
   1858 0011b023  sd ra, 0(gp)
   1859 0021b423  sd sp, 8(gp)
   1860 00400213  addi tp, x0, 4
   1861 1c402223  sw tp, 452(x0)
   1862 004bd213  srli tp, s7, 4
   1863 1c402623  sw tp, 460(x0)
   1864 010bf193  andi gp, s7, 16
   1865 1e018613  addi a2, gp, 480
   1866 00000073  ecall
        ; fold level 5
   1867 01064193  xori gp, a2, 16
   1868 0a09b083  ld ra, 160(s3)
   1869 0a89b103  ld sp, 168(s3)
   1870 0011b023  sd ra, 0(gp)
   1871 0021b423  sd sp, 8(gp)
   1872 00500213  addi tp, x0, 5
   1873 1c402223  sw tp, 452(x0)
   1874 005bd213  srli tp, s7, 5
   1875 1c402623  sw tp, 460(x0)
   1876 005c5193  srli gp, s8, 5
   1877 0101f193  andi gp, gp, 16
   1878 1e018613  addi a2, gp, 480
   1879 00000073  ecall
        ; fold level 6
   1880 01064193  xori gp, a2, 16
   1881 0b09b083  ld ra, 176(s3)
   1882 0b89b103  ld sp, 184(s3)
   1883 0011b023  sd ra, 0(gp)
   1884 0021b423  sd sp, 8(gp)
   1885 00600213  addi tp, x0, 6
   1886 1c402223  sw tp, 452(x0)
   1887 006bd213  srli tp, s7, 6
   1888 1c402623  sw tp, 460(x0)
   1889 006c5193  srli gp, s8, 6
   1890 0101f193  andi gp, gp, 16
   1891 1e018613  addi a2, gp, 480
   1892 00000073  ecall
        ; fold level 7
   1893 01064193  xori gp, a2, 16
   1894 0c09b083  ld ra, 192(s3)
   1895 0c89b103  ld sp, 200(s3)
   1896 0011b023  sd ra, 0(gp)
   1897 0021b423  sd sp, 8(gp)
   1898 00700213  addi tp, x0, 7
   1899 1c402223  sw tp, 452(x0)
   1900 007bd213  srli tp, s7, 7
   1901 1c402623  sw tp, 460(x0)
   1902 007c5193  srli gp, s8, 7
   1903 0101f193  andi gp, gp, 16
   1904 1e018613  addi a2, gp, 480
   1905 00000073  ecall
        ; fold level 8
   1906 01064193  xori gp, a2, 16
   1907 0d09b083  ld ra, 208(s3)
   1908 0d89b103  ld sp, 216(s3)
   1909 0011b023  sd ra, 0(gp)
   1910 0021b423  sd sp, 8(gp)
   1911 00800213  addi tp, x0, 8
   1912 1c402223  sw tp, 452(x0)
   1913 008bd213  srli tp, s7, 8
   1914 1c402623  sw tp, 460(x0)
   1915 008c5193  srli gp, s8, 8
   1916 0101f193  andi gp, gp, 16
   1917 1e018613  addi a2, gp, 480
   1918 00000073  ecall
        ; fold level 9
   1919 01064193  xori gp, a2, 16
   1920 0e09b083  ld ra, 224(s3)
   1921 0e89b103  ld sp, 232(s3)
   1922 0011b023  sd ra, 0(gp)
   1923 0021b423  sd sp, 8(gp)
   1924 00900213  addi tp, x0, 9
   1925 1c402223  sw tp, 452(x0)
   1926 009bd213  srli tp, s7, 9
   1927 1c402623  sw tp, 460(x0)
   1928 009c5193  srli gp, s8, 9
   1929 0101f193  andi gp, gp, 16
   1930 1e018613  addi a2, gp, 480
   1931 00000073  ecall
        ; fold level 10
   1932 01064193  xori gp, a2, 16
   1933 0f09b083  ld ra, 240(s3)
   1934 0f89b103  ld sp, 248(s3)
   1935 0011b023  sd ra, 0(gp)
   1936 0021b423  sd sp, 8(gp)
   1937 00a00213  addi tp, x0, 10
   1938 1c402223  sw tp, 452(x0)
   1939 1c002623  sw x0, 460(x0)
   1940 30000613  addi a2, x0, 768
   1941 00000073  ecall
   1942 01fe8eb3  add t4, t4, t6
        ; FORS tree 13
fors_13:
   1943 024cdb93  srli s7, s9, 36
   1944 3ffbfb93  andi s7, s7, 1023
   1945 0dd02023  sw t4, 192(x0)
   1946 0d702623  sw s7, 204(x0)
   1947 1009b083  ld ra, 256(s3)
   1948 1089b103  ld sp, 264(s3)
   1949 0e103023  sd ra, 224(x0)
   1950 0e203423  sd sp, 232(x0)
   1951 004b9c13  slli s8, s7, 4
   1952 010c7193  andi gp, s8, 16
   1953 1e018613  addi a2, gp, 480
   1954 0c000513  addi a0, x0, 192
   1955 00000073  ecall
   1956 1c000513  addi a0, x0, 448
   1957 100e8193  addi gp, t4, 256
   1958 1c302023  sw gp, 448(x0)
        ; fold level 1
   1959 01064193  xori gp, a2, 16
   1960 1109b083  ld ra, 272(s3)
   1961 1189b103  ld sp, 280(s3)
   1962 0011b023  sd ra, 0(gp)
   1963 0021b423  sd sp, 8(gp)
   1964 00100213  addi tp, x0, 1
   1965 1c402223  sw tp, 452(x0)
   1966 001bd213  srli tp, s7, 1
   1967 1c402623  sw tp, 460(x0)
   1968 001c5193  srli gp, s8, 1
   1969 0101f193  andi gp, gp, 16
   1970 1e018613  addi a2, gp, 480
   1971 00000073  ecall
        ; fold level 2
   1972 01064193  xori gp, a2, 16
   1973 1209b083  ld ra, 288(s3)
   1974 1289b103  ld sp, 296(s3)
   1975 0011b023  sd ra, 0(gp)
   1976 0021b423  sd sp, 8(gp)
   1977 00200213  addi tp, x0, 2
   1978 1c402223  sw tp, 452(x0)
   1979 002bd213  srli tp, s7, 2
   1980 1c402623  sw tp, 460(x0)
   1981 002c5193  srli gp, s8, 2
   1982 0101f193  andi gp, gp, 16
   1983 1e018613  addi a2, gp, 480
   1984 00000073  ecall
        ; fold level 3
   1985 01064193  xori gp, a2, 16
   1986 1309b083  ld ra, 304(s3)
   1987 1389b103  ld sp, 312(s3)
   1988 0011b023  sd ra, 0(gp)
   1989 0021b423  sd sp, 8(gp)
   1990 00300213  addi tp, x0, 3
   1991 1c402223  sw tp, 452(x0)
   1992 003bd213  srli tp, s7, 3
   1993 1c402623  sw tp, 460(x0)
   1994 003c5193  srli gp, s8, 3
   1995 0101f193  andi gp, gp, 16
   1996 1e018613  addi a2, gp, 480
   1997 00000073  ecall
        ; fold level 4
   1998 01064193  xori gp, a2, 16
   1999 1409b083  ld ra, 320(s3)
   2000 1489b103  ld sp, 328(s3)
   2001 0011b023  sd ra, 0(gp)
   2002 0021b423  sd sp, 8(gp)
   2003 00400213  addi tp, x0, 4
   2004 1c402223  sw tp, 452(x0)
   2005 004bd213  srli tp, s7, 4
   2006 1c402623  sw tp, 460(x0)
   2007 010bf193  andi gp, s7, 16
   2008 1e018613  addi a2, gp, 480
   2009 00000073  ecall
        ; fold level 5
   2010 01064193  xori gp, a2, 16
   2011 1509b083  ld ra, 336(s3)
   2012 1589b103  ld sp, 344(s3)
   2013 0011b023  sd ra, 0(gp)
   2014 0021b423  sd sp, 8(gp)
   2015 00500213  addi tp, x0, 5
   2016 1c402223  sw tp, 452(x0)
   2017 005bd213  srli tp, s7, 5
   2018 1c402623  sw tp, 460(x0)
   2019 005c5193  srli gp, s8, 5
   2020 0101f193  andi gp, gp, 16
   2021 1e018613  addi a2, gp, 480
   2022 00000073  ecall
        ; fold level 6
   2023 01064193  xori gp, a2, 16
   2024 1609b083  ld ra, 352(s3)
   2025 1689b103  ld sp, 360(s3)
   2026 0011b023  sd ra, 0(gp)
   2027 0021b423  sd sp, 8(gp)
   2028 00600213  addi tp, x0, 6
   2029 1c402223  sw tp, 452(x0)
   2030 006bd213  srli tp, s7, 6
   2031 1c402623  sw tp, 460(x0)
   2032 006c5193  srli gp, s8, 6
   2033 0101f193  andi gp, gp, 16
   2034 1e018613  addi a2, gp, 480
   2035 00000073  ecall
        ; fold level 7
   2036 01064193  xori gp, a2, 16
   2037 1709b083  ld ra, 368(s3)
   2038 1789b103  ld sp, 376(s3)
   2039 0011b023  sd ra, 0(gp)
   2040 0021b423  sd sp, 8(gp)
   2041 00700213  addi tp, x0, 7
   2042 1c402223  sw tp, 452(x0)
   2043 007bd213  srli tp, s7, 7
   2044 1c402623  sw tp, 460(x0)
   2045 007c5193  srli gp, s8, 7
   2046 0101f193  andi gp, gp, 16
   2047 1e018613  addi a2, gp, 480
   2048 00000073  ecall
        ; fold level 8
   2049 01064193  xori gp, a2, 16
   2050 1809b083  ld ra, 384(s3)
   2051 1889b103  ld sp, 392(s3)
   2052 0011b023  sd ra, 0(gp)
   2053 0021b423  sd sp, 8(gp)
   2054 00800213  addi tp, x0, 8
   2055 1c402223  sw tp, 452(x0)
   2056 008bd213  srli tp, s7, 8
   2057 1c402623  sw tp, 460(x0)
   2058 008c5193  srli gp, s8, 8
   2059 0101f193  andi gp, gp, 16
   2060 1e018613  addi a2, gp, 480
   2061 00000073  ecall
        ; fold level 9
   2062 01064193  xori gp, a2, 16
   2063 1909b083  ld ra, 400(s3)
   2064 1989b103  ld sp, 408(s3)
   2065 0011b023  sd ra, 0(gp)
   2066 0021b423  sd sp, 8(gp)
   2067 00900213  addi tp, x0, 9
   2068 1c402223  sw tp, 452(x0)
   2069 009bd213  srli tp, s7, 9
   2070 1c402623  sw tp, 460(x0)
   2071 009c5193  srli gp, s8, 9
   2072 0101f193  andi gp, gp, 16
   2073 1e018613  addi a2, gp, 480
   2074 00000073  ecall
        ; fold level 10
   2075 01064193  xori gp, a2, 16
   2076 1a09b083  ld ra, 416(s3)
   2077 1a89b103  ld sp, 424(s3)
   2078 0011b023  sd ra, 0(gp)
   2079 0021b423  sd sp, 8(gp)
   2080 00a00213  addi tp, x0, 10
   2081 1c402223  sw tp, 452(x0)
   2082 1c002623  sw x0, 460(x0)
   2083 31000613  addi a2, x0, 784
   2084 00000073  ecall
   2085 01fe8eb3  add t4, t4, t6
        ; FORS roots
fors_roots:
   2086 020b5193  srli gp, s6, 32
   2087 01819193  slli gp, gp, 24
   2088 00001e37  lui t3, 0x1
   2089 b01e0e13  addi t3, t3, -1279
   2090 01c1e1b3  or gp, gp, t3
   2091 22302023  sw gp, 544(x0)
   2092 22000513  addi a0, x0, 544
   2093 10000593  addi a1, x0, 256
   2094 12000613  addi a2, x0, 288
   2095 00000073  ecall
        ; layer 6: route
layer_6:
   2096 00fb7b93  andi s7, s6, 15
   2097 004b5f13  srli t5, s6, 4
   2098 020b9193  slli gp, s7, 32
   2099 003f6fb3  or t6, t5, gp
        ; layer 6: encoding
   2100 000601b7  lui gp, 0x60
   2101 40118193  addi gp, gp, 1025
   2102 10303023  sd gp, 256(x0)
   2103 11f03423  sd t6, 264(x0)
   2104 648ae183  lwu gp, 1608(s5)
   2105 12302823  sw gp, 304(x0)
   2106 12002a23  sw x0, 308(x0)
   2107 12003c23  sd x0, 312(x0)
   2108 10000513  addi a0, x0, 256
   2109 04000593  addi a1, x0, 64
   2110 14000613  addi a2, x0, 320
   2111 00000073  ecall
   2112 14003803  ld a6, 320(x0)
   2113 14803883  ld a7, 328(x0)
   2114 011861b3  or gp, a6, a7
   2115 2401c6e3  blt gp, x0, +2636
   2116 00385c93  srli s9, a6, 3
   2117 01acfcb3  and s9, s9, s10
   2118 01a87e33  and t3, a6, s10
   2119 01cc8cb3  add s9, s9, t3
   2120 0038de13  srli t3, a7, 3
   2121 01ae7e33  and t3, t3, s10
   2122 01cc8cb3  add s9, s9, t3
   2123 01a8fe33  and t3, a7, s10
   2124 01cc8cb3  add s9, s9, t3
   2125 006cde13  srli t3, s9, 6
   2126 01cc8cb3  add s9, s9, t3
   2127 01bcfcb3  and s9, s9, s11
   2128 00ccde13  srli t3, s9, 12
   2129 01cc8cb3  add s9, s9, t3
   2130 018cde13  srli t3, s9, 24
   2131 01cc8cb3  add s9, s9, t3
   2132 030cde13  srli t3, s9, 48
   2133 01cc8cb3  add s9, s9, t3
   2134 7ffcfc93  andi s9, s9, 2047
   2135 f56c8c93  addi s9, s9, -170
   2136 1e0c9ce3  bne s9, x0, +2552
        ; layer 6: chains
   2137 000601b7  lui gp, 0x60
   2138 10118193  addi gp, gp, 257
   2139 0c302023  sw gp, 192(x0)
   2140 0df03423  sd t6, 200(x0)
   2141 0c000513  addi a0, x0, 192
   2142 0e000613  addi a2, x0, 224
        ; chain lay=6 i=0
c6_0_16:
   2143 03d81193  slli gp, a6, 61
   2144 350ab083  ld ra, 848(s5)
   2145 358ab103  ld sp, 856(s5)
   2146 0e103023  sd ra, 224(x0)
   2147 0e203423  sd sp, 232(x0)
   2148 1ef1f8e3  bgeu gp, a5, +2544
   2149 1c91f4e3  bgeu gp, s1, +2504
   2150 1c81fae3  bgeu gp, s0, +2516
   2151 1c71f6e3  bgeu gp, t2, +2508
   2152 0061fc63  bgeu gp, t1, +24
c6_0_s1_2:
   2153 00000213  addi tp, x0, 0
   2154 00452223  sw tp, 4(a0)
   2155 00000073  ecall
   2156 02053823  sd x0, 48(a0)
   2157 02053c23  sd x0, 56(a0)
c6_0_s2_3:
   2158 00100213  addi tp, x0, 1
   2159 00452223  sw tp, 4(a0)
   2160 00000073  ecall
   2161 02053823  sd x0, 48(a0)
   2162 02053c23  sd x0, 56(a0)
c6_0_s3_4:
   2163 00200213  addi tp, x0, 2
   2164 00452223  sw tp, 4(a0)
   2165 00000073  ecall
   2166 02053823  sd x0, 48(a0)
   2167 02053c23  sd x0, 56(a0)
c6_0_s4_5:
   2168 00300213  addi tp, x0, 3
   2169 00452223  sw tp, 4(a0)
   2170 00000073  ecall
   2171 02053823  sd x0, 48(a0)
   2172 02053c23  sd x0, 56(a0)
c6_0_s5_6:
   2173 00400213  addi tp, x0, 4
   2174 00452223  sw tp, 4(a0)
   2175 00000073  ecall
   2176 02053823  sd x0, 48(a0)
   2177 02053c23  sd x0, 56(a0)
c6_0_s6_7:
   2178 00500213  addi tp, x0, 5
   2179 00452223  sw tp, 4(a0)
   2180 00000073  ecall
   2181 02053823  sd x0, 48(a0)
   2182 02053c23  sd x0, 56(a0)
c6_0_s7_8:
   2183 00600213  addi tp, x0, 6
   2184 00452223  sw tp, 4(a0)
   2185 36000613  addi a2, x0, 864
   2186 00000073  ecall
   2187 02050613  addi a2, a0, 32
        ; chain lay=6 i=1
c6_0_next_9:
c6_1_31:
   2188 03a81193  slli gp, a6, 58
   2189 360ab083  ld ra, 864(s5)
   2190 368ab103  ld sp, 872(s5)
   2191 0e103023  sd ra, 224(x0)
   2192 0e203423  sd sp, 232(x0)
   2193 16f1f8e3  bgeu gp, a5, +2416
   2194 1491f4e3  bgeu gp, s1, +2376
   2195 1481fae3  bgeu gp, s0, +2388
   2196 1471f6e3  bgeu gp, t2, +2380
   2197 0061fc63  bgeu gp, t1, +24
c6_1_s1_17:
   2198 00800213  addi tp, x0, 8
   2199 00452223  sw tp, 4(a0)
   2200 00000073  ecall
   2201 02053823  sd x0, 48(a0)
   2202 02053c23  sd x0, 56(a0)
c6_1_s2_18:
   2203 00900213  addi tp, x0, 9
   2204 00452223  sw tp, 4(a0)
   2205 00000073  ecall
   2206 02053823  sd x0, 48(a0)
   2207 02053c23  sd x0, 56(a0)
c6_1_s3_19:
   2208 00a00213  addi tp, x0, 10
   2209 00452223  sw tp, 4(a0)
   2210 00000073  ecall
   2211 02053823  sd x0, 48(a0)
   2212 02053c23  sd x0, 56(a0)
c6_1_s4_20:
   2213 00b00213  addi tp, x0, 11
   2214 00452223  sw tp, 4(a0)
   2215 00000073  ecall
   2216 02053823  sd x0, 48(a0)
   2217 02053c23  sd x0, 56(a0)
c6_1_s5_21:
   2218 00c00213  addi tp, x0, 12
   2219 00452223  sw tp, 4(a0)
   2220 00000073  ecall
   2221 02053823  sd x0, 48(a0)
   2222 02053c23  sd x0, 56(a0)
c6_1_s6_22:
   2223 00d00213  addi tp, x0, 13
   2224 00452223  sw tp, 4(a0)
   2225 00000073  ecall
   2226 02053823  sd x0, 48(a0)
   2227 02053c23  sd x0, 56(a0)
c6_1_s7_23:
   2228 00e00213  addi tp, x0, 14
   2229 00452223  sw tp, 4(a0)
   2230 37000613  addi a2, x0, 880
   2231 00000073  ecall
   2232 02050613  addi a2, a0, 32
        ; chain lay=6 i=2
c6_1_next_24:
c6_2_46:
   2233 03781193  slli gp, a6, 55
   2234 370ab083  ld ra, 880(s5)
   2235 378ab103  ld sp, 888(s5)
   2236 0e103023  sd ra, 224(x0)
   2237 0e203423  sd sp, 232(x0)
   2238 0ef1f8e3  bgeu gp, a5, +2288
   2239 0c91f4e3  bgeu gp, s1, +2248
   2240 0c81fae3  bgeu gp, s0, +2260
   2241 0c71f6e3  bgeu gp, t2, +2252
   2242 0061fc63  bgeu gp, t1, +24
c6_2_s1_32:
   2243 01000213  addi tp, x0, 16
   2244 00452223  sw tp, 4(a0)
   2245 00000073  ecall
   2246 02053823  sd x0, 48(a0)
   2247 02053c23  sd x0, 56(a0)
c6_2_s2_33:
   2248 01100213  addi tp, x0, 17
   2249 00452223  sw tp, 4(a0)
   2250 00000073  ecall
   2251 02053823  sd x0, 48(a0)
   2252 02053c23  sd x0, 56(a0)
c6_2_s3_34:
   2253 01200213  addi tp, x0, 18
   2254 00452223  sw tp, 4(a0)
   2255 00000073  ecall
   2256 02053823  sd x0, 48(a0)
   2257 02053c23  sd x0, 56(a0)
c6_2_s4_35:
   2258 01300213  addi tp, x0, 19
   2259 00452223  sw tp, 4(a0)
   2260 00000073  ecall
   2261 02053823  sd x0, 48(a0)
   2262 02053c23  sd x0, 56(a0)
c6_2_s5_36:
   2263 01400213  addi tp, x0, 20
   2264 00452223  sw tp, 4(a0)
   2265 00000073  ecall
   2266 02053823  sd x0, 48(a0)
   2267 02053c23  sd x0, 56(a0)
c6_2_s6_37:
   2268 01500213  addi tp, x0, 21
   2269 00452223  sw tp, 4(a0)
   2270 00000073  ecall
   2271 02053823  sd x0, 48(a0)
   2272 02053c23  sd x0, 56(a0)
c6_2_s7_38:
   2273 01600213  addi tp, x0, 22
   2274 00452223  sw tp, 4(a0)
   2275 38000613  addi a2, x0, 896
   2276 00000073  ecall
   2277 02050613  addi a2, a0, 32
        ; chain lay=6 i=3
c6_2_next_39:
c6_3_61:
   2278 03481193  slli gp, a6, 52
   2279 380ab083  ld ra, 896(s5)
   2280 388ab103  ld sp, 904(s5)
   2281 0e103023  sd ra, 224(x0)
   2282 0e203423  sd sp, 232(x0)
   2283 06f1f8e3  bgeu gp, a5, +2160
   2284 0491f4e3  bgeu gp, s1, +2120
   2285 0481fae3  bgeu gp, s0, +2132
   2286 0471f6e3  bgeu gp, t2, +2124
   2287 0061fc63  bgeu gp, t1, +24
c6_3_s1_47:
   2288 01800213  addi tp, x0, 24
   2289 00452223  sw tp, 4(a0)
   2290 00000073  ecall
   2291 02053823  sd x0, 48(a0)
   2292 02053c23  sd x0, 56(a0)
c6_3_s2_48:
   2293 01900213  addi tp, x0, 25
   2294 00452223  sw tp, 4(a0)
   2295 00000073  ecall
   2296 02053823  sd x0, 48(a0)
   2297 02053c23  sd x0, 56(a0)
c6_3_s3_49:
   2298 01a00213  addi tp, x0, 26
   2299 00452223  sw tp, 4(a0)
   2300 00000073  ecall
   2301 02053823  sd x0, 48(a0)
   2302 02053c23  sd x0, 56(a0)
c6_3_s4_50:
   2303 01b00213  addi tp, x0, 27
   2304 00452223  sw tp, 4(a0)
   2305 00000073  ecall
   2306 02053823  sd x0, 48(a0)
   2307 02053c23  sd x0, 56(a0)
c6_3_s5_51:
   2308 01c00213  addi tp, x0, 28
   2309 00452223  sw tp, 4(a0)
   2310 00000073  ecall
   2311 02053823  sd x0, 48(a0)
   2312 02053c23  sd x0, 56(a0)
c6_3_s6_52:
   2313 01d00213  addi tp, x0, 29
   2314 00452223  sw tp, 4(a0)
   2315 00000073  ecall
   2316 02053823  sd x0, 48(a0)
   2317 02053c23  sd x0, 56(a0)
c6_3_s7_53:
   2318 01e00213  addi tp, x0, 30
   2319 00452223  sw tp, 4(a0)
   2320 39000613  addi a2, x0, 912
   2321 00000073  ecall
   2322 02050613  addi a2, a0, 32
        ; chain lay=6 i=4
c6_3_next_54:
c6_4_76:
   2323 03181193  slli gp, a6, 49
   2324 390ab083  ld ra, 912(s5)
   2325 398ab103  ld sp, 920(s5)
   2326 0e103023  sd ra, 224(x0)
   2327 0e203423  sd sp, 232(x0)
   2328 7ef1f863  bgeu gp, a5, +2032
   2329 7c91f463  bgeu gp, s1, +1992
   2330 7c81fa63  bgeu gp, s0, +2004
   2331 7c71f663  bgeu gp, t2, +1996
   2332 0061fc63  bgeu gp, t1, +24
c6_4_s1_62:
   2333 02000213  addi tp, x0, 32
   2334 00452223  sw tp, 4(a0)
   2335 00000073  ecall
   2336 02053823  sd x0, 48(a0)
   2337 02053c23  sd x0, 56(a0)
c6_4_s2_63:
   2338 02100213  addi tp, x0, 33
   2339 00452223  sw tp, 4(a0)
   2340 00000073  ecall
   2341 02053823  sd x0, 48(a0)
   2342 02053c23  sd x0, 56(a0)
c6_4_s3_64:
   2343 02200213  addi tp, x0, 34
   2344 00452223  sw tp, 4(a0)
   2345 00000073  ecall
   2346 02053823  sd x0, 48(a0)
   2347 02053c23  sd x0, 56(a0)
c6_4_s4_65:
   2348 02300213  addi tp, x0, 35
   2349 00452223  sw tp, 4(a0)
   2350 00000073  ecall
   2351 02053823  sd x0, 48(a0)
   2352 02053c23  sd x0, 56(a0)
c6_4_s5_66:
   2353 02400213  addi tp, x0, 36
   2354 00452223  sw tp, 4(a0)
   2355 00000073  ecall
   2356 02053823  sd x0, 48(a0)
   2357 02053c23  sd x0, 56(a0)
c6_4_s6_67:
   2358 02500213  addi tp, x0, 37
   2359 00452223  sw tp, 4(a0)
   2360 00000073  ecall
   2361 02053823  sd x0, 48(a0)
   2362 02053c23  sd x0, 56(a0)
c6_4_s7_68:
   2363 02600213  addi tp, x0, 38
   2364 00452223  sw tp, 4(a0)
   2365 3a000613  addi a2, x0, 928
   2366 00000073  ecall
   2367 02050613  addi a2, a0, 32
        ; chain lay=6 i=5
c6_4_next_69:
c6_5_91:
   2368 02e81193  slli gp, a6, 46
   2369 3a0ab083  ld ra, 928(s5)
   2370 3a8ab103  ld sp, 936(s5)
   2371 0e103023  sd ra, 224(x0)
   2372 0e203423  sd sp, 232(x0)
   2373 76f1f863  bgeu gp, a5, +1904
   2374 7491f463  bgeu gp, s1, +1864
   2375 7481fa63  bgeu gp, s0, +1876
   2376 7471f663  bgeu gp, t2, +1868
   2377 0061fc63  bgeu gp, t1, +24
c6_5_s1_77:
   2378 02800213  addi tp, x0, 40
   2379 00452223  sw tp, 4(a0)
   2380 00000073  ecall
   2381 02053823  sd x0, 48(a0)
   2382 02053c23  sd x0, 56(a0)
c6_5_s2_78:
   2383 02900213  addi tp, x0, 41
   2384 00452223  sw tp, 4(a0)
   2385 00000073  ecall
   2386 02053823  sd x0, 48(a0)
   2387 02053c23  sd x0, 56(a0)
c6_5_s3_79:
   2388 02a00213  addi tp, x0, 42
   2389 00452223  sw tp, 4(a0)
   2390 00000073  ecall
   2391 02053823  sd x0, 48(a0)
   2392 02053c23  sd x0, 56(a0)
c6_5_s4_80:
   2393 02b00213  addi tp, x0, 43
   2394 00452223  sw tp, 4(a0)
   2395 00000073  ecall
   2396 02053823  sd x0, 48(a0)
   2397 02053c23  sd x0, 56(a0)
c6_5_s5_81:
   2398 02c00213  addi tp, x0, 44
   2399 00452223  sw tp, 4(a0)
   2400 00000073  ecall
   2401 02053823  sd x0, 48(a0)
   2402 02053c23  sd x0, 56(a0)
c6_5_s6_82:
   2403 02d00213  addi tp, x0, 45
   2404 00452223  sw tp, 4(a0)
   2405 00000073  ecall
   2406 02053823  sd x0, 48(a0)
   2407 02053c23  sd x0, 56(a0)
c6_5_s7_83:
   2408 02e00213  addi tp, x0, 46
   2409 00452223  sw tp, 4(a0)
   2410 3b000613  addi a2, x0, 944
   2411 00000073  ecall
   2412 02050613  addi a2, a0, 32
        ; chain lay=6 i=6
c6_5_next_84:
c6_6_106:
   2413 02b81193  slli gp, a6, 43
   2414 3b0ab083  ld ra, 944(s5)
   2415 3b8ab103  ld sp, 952(s5)
   2416 0e103023  sd ra, 224(x0)
   2417 0e203423  sd sp, 232(x0)
   2418 6ef1f863  bgeu gp, a5, +1776
   2419 6c91f463  bgeu gp, s1, +1736
   2420 6c81fa63  bgeu gp, s0, +1748
   2421 6c71f663  bgeu gp, t2, +1740
   2422 0061fc63  bgeu gp, t1, +24
c6_6_s1_92:
   2423 03000213  addi tp, x0, 48
   2424 00452223  sw tp, 4(a0)
   2425 00000073  ecall
   2426 02053823  sd x0, 48(a0)
   2427 02053c23  sd x0, 56(a0)
c6_6_s2_93:
   2428 03100213  addi tp, x0, 49
   2429 00452223  sw tp, 4(a0)
   2430 00000073  ecall
   2431 02053823  sd x0, 48(a0)
   2432 02053c23  sd x0, 56(a0)
c6_6_s3_94:
   2433 03200213  addi tp, x0, 50
   2434 00452223  sw tp, 4(a0)
   2435 00000073  ecall
   2436 02053823  sd x0, 48(a0)
   2437 02053c23  sd x0, 56(a0)
c6_6_s4_95:
   2438 03300213  addi tp, x0, 51
   2439 00452223  sw tp, 4(a0)
   2440 00000073  ecall
   2441 02053823  sd x0, 48(a0)
   2442 02053c23  sd x0, 56(a0)
c6_6_s5_96:
   2443 03400213  addi tp, x0, 52
   2444 00452223  sw tp, 4(a0)
   2445 00000073  ecall
   2446 02053823  sd x0, 48(a0)
   2447 02053c23  sd x0, 56(a0)
c6_6_s6_97:
   2448 03500213  addi tp, x0, 53
   2449 00452223  sw tp, 4(a0)
   2450 00000073  ecall
   2451 02053823  sd x0, 48(a0)
   2452 02053c23  sd x0, 56(a0)
c6_6_s7_98:
   2453 03600213  addi tp, x0, 54
   2454 00452223  sw tp, 4(a0)
   2455 3c000613  addi a2, x0, 960
   2456 00000073  ecall
   2457 02050613  addi a2, a0, 32
        ; chain lay=6 i=7
c6_6_next_99:
c6_7_121:
   2458 02881193  slli gp, a6, 40
   2459 3c0ab083  ld ra, 960(s5)
   2460 3c8ab103  ld sp, 968(s5)
   2461 0e103023  sd ra, 224(x0)
   2462 0e203423  sd sp, 232(x0)
   2463 66f1f863  bgeu gp, a5, +1648
   2464 6491f463  bgeu gp, s1, +1608
   2465 6481fa63  bgeu gp, s0, +1620
   2466 6471f663  bgeu gp, t2, +1612
   2467 0061fc63  bgeu gp, t1, +24
c6_7_s1_107:
   2468 03800213  addi tp, x0, 56
   2469 00452223  sw tp, 4(a0)
   2470 00000073  ecall
   2471 02053823  sd x0, 48(a0)
   2472 02053c23  sd x0, 56(a0)
c6_7_s2_108:
   2473 03900213  addi tp, x0, 57
   2474 00452223  sw tp, 4(a0)
   2475 00000073  ecall
   2476 02053823  sd x0, 48(a0)
   2477 02053c23  sd x0, 56(a0)
c6_7_s3_109:
   2478 03a00213  addi tp, x0, 58
   2479 00452223  sw tp, 4(a0)
   2480 00000073  ecall
   2481 02053823  sd x0, 48(a0)
   2482 02053c23  sd x0, 56(a0)
c6_7_s4_110:
   2483 03b00213  addi tp, x0, 59
   2484 00452223  sw tp, 4(a0)
   2485 00000073  ecall
   2486 02053823  sd x0, 48(a0)
   2487 02053c23  sd x0, 56(a0)
c6_7_s5_111:
   2488 03c00213  addi tp, x0, 60
   2489 00452223  sw tp, 4(a0)
   2490 00000073  ecall
   2491 02053823  sd x0, 48(a0)
   2492 02053c23  sd x0, 56(a0)
c6_7_s6_112:
   2493 03d00213  addi tp, x0, 61
   2494 00452223  sw tp, 4(a0)
   2495 00000073  ecall
   2496 02053823  sd x0, 48(a0)
   2497 02053c23  sd x0, 56(a0)
c6_7_s7_113:
   2498 03e00213  addi tp, x0, 62
   2499 00452223  sw tp, 4(a0)
   2500 3d000613  addi a2, x0, 976
   2501 00000073  ecall
   2502 02050613  addi a2, a0, 32
        ; chain lay=6 i=8
c6_7_next_114:
c6_8_136:
   2503 02581193  slli gp, a6, 37
   2504 3d0ab083  ld ra, 976(s5)
   2505 3d8ab103  ld sp, 984(s5)
   2506 0e103023  sd ra, 224(x0)
   2507 0e203423  sd sp, 232(x0)
   2508 5ef1f863  bgeu gp, a5, +1520
   2509 5c91f463  bgeu gp, s1, +1480
   2510 5c81fa63  bgeu gp, s0, +1492
   2511 5c71f663  bgeu gp, t2, +1484
   2512 0061fc63  bgeu gp, t1, +24
c6_8_s1_122:
   2513 04000213  addi tp, x0, 64
   2514 00452223  sw tp, 4(a0)
   2515 00000073  ecall
   2516 02053823  sd x0, 48(a0)
   2517 02053c23  sd x0, 56(a0)
c6_8_s2_123:
   2518 04100213  addi tp, x0, 65
   2519 00452223  sw tp, 4(a0)
   2520 00000073  ecall
   2521 02053823  sd x0, 48(a0)
   2522 02053c23  sd x0, 56(a0)
c6_8_s3_124:
   2523 04200213  addi tp, x0, 66
   2524 00452223  sw tp, 4(a0)
   2525 00000073  ecall
   2526 02053823  sd x0, 48(a0)
   2527 02053c23  sd x0, 56(a0)
c6_8_s4_125:
   2528 04300213  addi tp, x0, 67
   2529 00452223  sw tp, 4(a0)
   2530 00000073  ecall
   2531 02053823  sd x0, 48(a0)
   2532 02053c23  sd x0, 56(a0)
c6_8_s5_126:
   2533 04400213  addi tp, x0, 68
   2534 00452223  sw tp, 4(a0)
   2535 00000073  ecall
   2536 02053823  sd x0, 48(a0)
   2537 02053c23  sd x0, 56(a0)
c6_8_s6_127:
   2538 04500213  addi tp, x0, 69
   2539 00452223  sw tp, 4(a0)
   2540 00000073  ecall
   2541 02053823  sd x0, 48(a0)
   2542 02053c23  sd x0, 56(a0)
c6_8_s7_128:
   2543 04600213  addi tp, x0, 70
   2544 00452223  sw tp, 4(a0)
   2545 3e000613  addi a2, x0, 992
   2546 00000073  ecall
   2547 02050613  addi a2, a0, 32
        ; chain lay=6 i=9
c6_8_next_129:
c6_9_151:
   2548 02281193  slli gp, a6, 34
   2549 3e0ab083  ld ra, 992(s5)
   2550 3e8ab103  ld sp, 1000(s5)
   2551 0e103023  sd ra, 224(x0)
   2552 0e203423  sd sp, 232(x0)
   2553 56f1f863  bgeu gp, a5, +1392
   2554 5491f463  bgeu gp, s1, +1352
   2555 5481fa63  bgeu gp, s0, +1364
   2556 5471f663  bgeu gp, t2, +1356
   2557 0061fc63  bgeu gp, t1, +24
c6_9_s1_137:
   2558 04800213  addi tp, x0, 72
   2559 00452223  sw tp, 4(a0)
   2560 00000073  ecall
   2561 02053823  sd x0, 48(a0)
   2562 02053c23  sd x0, 56(a0)
c6_9_s2_138:
   2563 04900213  addi tp, x0, 73
   2564 00452223  sw tp, 4(a0)
   2565 00000073  ecall
   2566 02053823  sd x0, 48(a0)
   2567 02053c23  sd x0, 56(a0)
c6_9_s3_139:
   2568 04a00213  addi tp, x0, 74
   2569 00452223  sw tp, 4(a0)
   2570 00000073  ecall
   2571 02053823  sd x0, 48(a0)
   2572 02053c23  sd x0, 56(a0)
c6_9_s4_140:
   2573 04b00213  addi tp, x0, 75
   2574 00452223  sw tp, 4(a0)
   2575 00000073  ecall
   2576 02053823  sd x0, 48(a0)
   2577 02053c23  sd x0, 56(a0)
c6_9_s5_141:
   2578 04c00213  addi tp, x0, 76
   2579 00452223  sw tp, 4(a0)
   2580 00000073  ecall
   2581 02053823  sd x0, 48(a0)
   2582 02053c23  sd x0, 56(a0)
c6_9_s6_142:
   2583 04d00213  addi tp, x0, 77
   2584 00452223  sw tp, 4(a0)
   2585 00000073  ecall
   2586 02053823  sd x0, 48(a0)
   2587 02053c23  sd x0, 56(a0)
c6_9_s7_143:
   2588 04e00213  addi tp, x0, 78
   2589 00452223  sw tp, 4(a0)
   2590 3f000613  addi a2, x0, 1008
   2591 00000073  ecall
   2592 02050613  addi a2, a0, 32
        ; chain lay=6 i=10
c6_9_next_144:
c6_10_166:
   2593 01f81193  slli gp, a6, 31
   2594 3f0ab083  ld ra, 1008(s5)
   2595 3f8ab103  ld sp, 1016(s5)
   2596 0e103023  sd ra, 224(x0)
   2597 0e203423  sd sp, 232(x0)
   2598 4ef1f863  bgeu gp, a5, +1264
   2599 4c91f463  bgeu gp, s1, +1224
   2600 4c81fa63  bgeu gp, s0, +1236
   2601 4c71f663  bgeu gp, t2, +1228
   2602 0061fc63  bgeu gp, t1, +24
c6_10_s1_152:
   2603 05000213  addi tp, x0, 80
   2604 00452223  sw tp, 4(a0)
   2605 00000073  ecall
   2606 02053823  sd x0, 48(a0)
   2607 02053c23  sd x0, 56(a0)
c6_10_s2_153:
   2608 05100213  addi tp, x0, 81
   2609 00452223  sw tp, 4(a0)
   2610 00000073  ecall
   2611 02053823  sd x0, 48(a0)
   2612 02053c23  sd x0, 56(a0)
c6_10_s3_154:
   2613 05200213  addi tp, x0, 82
   2614 00452223  sw tp, 4(a0)
   2615 00000073  ecall
   2616 02053823  sd x0, 48(a0)
   2617 02053c23  sd x0, 56(a0)
c6_10_s4_155:
   2618 05300213  addi tp, x0, 83
   2619 00452223  sw tp, 4(a0)
   2620 00000073  ecall
   2621 02053823  sd x0, 48(a0)
   2622 02053c23  sd x0, 56(a0)
c6_10_s5_156:
   2623 05400213  addi tp, x0, 84
   2624 00452223  sw tp, 4(a0)
   2625 00000073  ecall
   2626 02053823  sd x0, 48(a0)
   2627 02053c23  sd x0, 56(a0)
c6_10_s6_157:
   2628 05500213  addi tp, x0, 85
   2629 00452223  sw tp, 4(a0)
   2630 00000073  ecall
   2631 02053823  sd x0, 48(a0)
   2632 02053c23  sd x0, 56(a0)
c6_10_s7_158:
   2633 05600213  addi tp, x0, 86
   2634 00452223  sw tp, 4(a0)
   2635 40000613  addi a2, x0, 1024
   2636 00000073  ecall
   2637 02050613  addi a2, a0, 32
        ; chain lay=6 i=11
c6_10_next_159:
c6_11_181:
   2638 01c81193  slli gp, a6, 28
   2639 400ab083  ld ra, 1024(s5)
   2640 408ab103  ld sp, 1032(s5)
   2641 0e103023  sd ra, 224(x0)
   2642 0e203423  sd sp, 232(x0)
   2643 46f1f863  bgeu gp, a5, +1136
   2644 4491f463  bgeu gp, s1, +1096
   2645 4481fa63  bgeu gp, s0, +1108
   2646 4471f663  bgeu gp, t2, +1100
   2647 0061fc63  bgeu gp, t1, +24
c6_11_s1_167:
   2648 05800213  addi tp, x0, 88
   2649 00452223  sw tp, 4(a0)
   2650 00000073  ecall
   2651 02053823  sd x0, 48(a0)
   2652 02053c23  sd x0, 56(a0)
c6_11_s2_168:
   2653 05900213  addi tp, x0, 89
   2654 00452223  sw tp, 4(a0)
   2655 00000073  ecall
   2656 02053823  sd x0, 48(a0)
   2657 02053c23  sd x0, 56(a0)
c6_11_s3_169:
   2658 05a00213  addi tp, x0, 90
   2659 00452223  sw tp, 4(a0)
   2660 00000073  ecall
   2661 02053823  sd x0, 48(a0)
   2662 02053c23  sd x0, 56(a0)
c6_11_s4_170:
   2663 05b00213  addi tp, x0, 91
   2664 00452223  sw tp, 4(a0)
   2665 00000073  ecall
   2666 02053823  sd x0, 48(a0)
   2667 02053c23  sd x0, 56(a0)
c6_11_s5_171:
   2668 05c00213  addi tp, x0, 92
   2669 00452223  sw tp, 4(a0)
   2670 00000073  ecall
   2671 02053823  sd x0, 48(a0)
   2672 02053c23  sd x0, 56(a0)
c6_11_s6_172:
   2673 05d00213  addi tp, x0, 93
   2674 00452223  sw tp, 4(a0)
   2675 00000073  ecall
   2676 02053823  sd x0, 48(a0)
   2677 02053c23  sd x0, 56(a0)
c6_11_s7_173:
   2678 05e00213  addi tp, x0, 94
   2679 00452223  sw tp, 4(a0)
   2680 41000613  addi a2, x0, 1040
   2681 00000073  ecall
   2682 02050613  addi a2, a0, 32
        ; chain lay=6 i=12
c6_11_next_174:
c6_12_196:
   2683 01981193  slli gp, a6, 25
   2684 410ab083  ld ra, 1040(s5)
   2685 418ab103  ld sp, 1048(s5)
   2686 0e103023  sd ra, 224(x0)
   2687 0e203423  sd sp, 232(x0)
   2688 3ef1f863  bgeu gp, a5, +1008
   2689 3c91f463  bgeu gp, s1, +968
   2690 3c81fa63  bgeu gp, s0, +980
   2691 3c71f663  bgeu gp, t2, +972
   2692 0061fc63  bgeu gp, t1, +24
c6_12_s1_182:
   2693 06000213  addi tp, x0, 96
   2694 00452223  sw tp, 4(a0)
   2695 00000073  ecall
   2696 02053823  sd x0, 48(a0)
   2697 02053c23  sd x0, 56(a0)
c6_12_s2_183:
   2698 06100213  addi tp, x0, 97
   2699 00452223  sw tp, 4(a0)
   2700 00000073  ecall
   2701 02053823  sd x0, 48(a0)
   2702 02053c23  sd x0, 56(a0)
c6_12_s3_184:
   2703 06200213  addi tp, x0, 98
   2704 00452223  sw tp, 4(a0)
   2705 00000073  ecall
   2706 02053823  sd x0, 48(a0)
   2707 02053c23  sd x0, 56(a0)
c6_12_s4_185:
   2708 06300213  addi tp, x0, 99
   2709 00452223  sw tp, 4(a0)
   2710 00000073  ecall
   2711 02053823  sd x0, 48(a0)
   2712 02053c23  sd x0, 56(a0)
c6_12_s5_186:
   2713 06400213  addi tp, x0, 100
   2714 00452223  sw tp, 4(a0)
   2715 00000073  ecall
   2716 02053823  sd x0, 48(a0)
   2717 02053c23  sd x0, 56(a0)
c6_12_s6_187:
   2718 06500213  addi tp, x0, 101
   2719 00452223  sw tp, 4(a0)
   2720 00000073  ecall
   2721 02053823  sd x0, 48(a0)
   2722 02053c23  sd x0, 56(a0)
c6_12_s7_188:
   2723 06600213  addi tp, x0, 102
   2724 00452223  sw tp, 4(a0)
   2725 42000613  addi a2, x0, 1056
   2726 00000073  ecall
   2727 02050613  addi a2, a0, 32
        ; chain lay=6 i=13
c6_12_next_189:
c6_13_211:
   2728 01681193  slli gp, a6, 22
   2729 420ab083  ld ra, 1056(s5)
   2730 428ab103  ld sp, 1064(s5)
   2731 0e103023  sd ra, 224(x0)
   2732 0e203423  sd sp, 232(x0)
   2733 36f1f863  bgeu gp, a5, +880
   2734 3491f463  bgeu gp, s1, +840
   2735 3481fa63  bgeu gp, s0, +852
   2736 3471f663  bgeu gp, t2, +844
   2737 0061fc63  bgeu gp, t1, +24
c6_13_s1_197:
   2738 06800213  addi tp, x0, 104
   2739 00452223  sw tp, 4(a0)
   2740 00000073  ecall
   2741 02053823  sd x0, 48(a0)
   2742 02053c23  sd x0, 56(a0)
c6_13_s2_198:
   2743 06900213  addi tp, x0, 105
   2744 00452223  sw tp, 4(a0)
   2745 00000073  ecall
   2746 02053823  sd x0, 48(a0)
   2747 02053c23  sd x0, 56(a0)
c6_13_s3_199:
   2748 06a00213  addi tp, x0, 106
   2749 00452223  sw tp, 4(a0)
   2750 00000073  ecall
   2751 02053823  sd x0, 48(a0)
   2752 02053c23  sd x0, 56(a0)
c6_13_s4_200:
   2753 06b00213  addi tp, x0, 107
   2754 00452223  sw tp, 4(a0)
   2755 00000073  ecall
   2756 02053823  sd x0, 48(a0)
   2757 02053c23  sd x0, 56(a0)
c6_13_s5_201:
   2758 06c00213  addi tp, x0, 108
   2759 00452223  sw tp, 4(a0)
   2760 00000073  ecall
   2761 02053823  sd x0, 48(a0)
   2762 02053c23  sd x0, 56(a0)
c6_13_s6_202:
   2763 06d00213  addi tp, x0, 109
   2764 00452223  sw tp, 4(a0)
   2765 00000073  ecall
   2766 02053823  sd x0, 48(a0)
   2767 02053c23  sd x0, 56(a0)
c6_13_s7_203:
   2768 06e00213  addi tp, x0, 110
   2769 00452223  sw tp, 4(a0)
   2770 43000613  addi a2, x0, 1072
   2771 00000073  ecall
   2772 02050613  addi a2, a0, 32
c6_13_next_204:
   2773 2e00006f  jal x0, +736
rej_l6_1:
   2774 db4fd06f  jal x0, -10828
c6_0_g4_11:
   2775 00e1fe63  bgeu gp, a4, +28
   2776 00d1fa63  bgeu gp, a3, +20
   2777 e90ff06f  jal x0, -2416
c6_0_p2_12:
   2778 e64ff06f  jal x0, -2460
c6_0_p3_13:
   2779 00000013  addi x0, x0, 0
   2780 e70ff06f  jal x0, -2448
c6_0_p5_14:
   2781 e94ff06f  jal x0, -2412
c6_0_p6_15:
   2782 00000013  addi x0, x0, 0
   2783 ea0ff06f  jal x0, -2400
c6_0_h7_10:
   2784 36103023  sd ra, 864(x0)
   2785 36203423  sd sp, 872(x0)
   2786 00000013  addi x0, x0, 0
   2787 ea4ff06f  jal x0, -2396
c6_1_g4_26:
   2788 00e1fe63  bgeu gp, a4, +28
   2789 00d1fa63  bgeu gp, a3, +20
   2790 f10ff06f  jal x0, -2288
c6_1_p2_27:
   2791 ee4ff06f  jal x0, -2332
c6_1_p3_28:
   2792 00000013  addi x0, x0, 0
   2793 ef0ff06f  jal x0, -2320
c6_1_p5_29:
   2794 f14ff06f  jal x0, -2284
c6_1_p6_30:
   2795 00000013  addi x0, x0, 0
   2796 f20ff06f  jal x0, -2272
c6_1_h7_25:
   2797 36103823  sd ra, 880(x0)
   2798 36203c23  sd sp, 888(x0)
   2799 00000013  addi x0, x0, 0
   2800 f24ff06f  jal x0, -2268
c6_2_g4_41:
   2801 00e1fe63  bgeu gp, a4, +28
   2802 00d1fa63  bgeu gp, a3, +20
   2803 f90ff06f  jal x0, -2160
c6_2_p2_42:
   2804 f64ff06f  jal x0, -2204
c6_2_p3_43:
   2805 00000013  addi x0, x0, 0
   2806 f70ff06f  jal x0, -2192
c6_2_p5_44:
   2807 f94ff06f  jal x0, -2156
c6_2_p6_45:
   2808 00000013  addi x0, x0, 0
   2809 fa0ff06f  jal x0, -2144
c6_2_h7_40:
   2810 38103023  sd ra, 896(x0)
   2811 38203423  sd sp, 904(x0)
   2812 00000013  addi x0, x0, 0
   2813 fa4ff06f  jal x0, -2140
c6_3_g4_56:
   2814 00e1fe63  bgeu gp, a4, +28
   2815 00d1fa63  bgeu gp, a3, +20
   2816 811ff06f  jal x0, -2032
c6_3_p2_57:
   2817 fe4ff06f  jal x0, -2076
c6_3_p3_58:
   2818 00000013  addi x0, x0, 0
   2819 ff0ff06f  jal x0, -2064
c6_3_p5_59:
   2820 815ff06f  jal x0, -2028
c6_3_p6_60:
   2821 00000013  addi x0, x0, 0
   2822 821ff06f  jal x0, -2016
c6_3_h7_55:
   2823 38103823  sd ra, 912(x0)
   2824 38203c23  sd sp, 920(x0)
   2825 00000013  addi x0, x0, 0
   2826 825ff06f  jal x0, -2012
c6_4_g4_71:
   2827 00e1fe63  bgeu gp, a4, +28
   2828 00d1fa63  bgeu gp, a3, +20
   2829 891ff06f  jal x0, -1904
c6_4_p2_72:
   2830 865ff06f  jal x0, -1948
c6_4_p3_73:
   2831 00000013  addi x0, x0, 0
   2832 871ff06f  jal x0, -1936
c6_4_p5_74:
   2833 895ff06f  jal x0, -1900
c6_4_p6_75:
   2834 00000013  addi x0, x0, 0
   2835 8a1ff06f  jal x0, -1888
c6_4_h7_70:
   2836 3a103023  sd ra, 928(x0)
   2837 3a203423  sd sp, 936(x0)
   2838 00000013  addi x0, x0, 0
   2839 8a5ff06f  jal x0, -1884
c6_5_g4_86:
   2840 00e1fe63  bgeu gp, a4, +28
   2841 00d1fa63  bgeu gp, a3, +20
   2842 911ff06f  jal x0, -1776
c6_5_p2_87:
   2843 8e5ff06f  jal x0, -1820
c6_5_p3_88:
   2844 00000013  addi x0, x0, 0
   2845 8f1ff06f  jal x0, -1808
c6_5_p5_89:
   2846 915ff06f  jal x0, -1772
c6_5_p6_90:
   2847 00000013  addi x0, x0, 0
   2848 921ff06f  jal x0, -1760
c6_5_h7_85:
   2849 3a103823  sd ra, 944(x0)
   2850 3a203c23  sd sp, 952(x0)
   2851 00000013  addi x0, x0, 0
   2852 925ff06f  jal x0, -1756
c6_6_g4_101:
   2853 00e1fe63  bgeu gp, a4, +28
   2854 00d1fa63  bgeu gp, a3, +20
   2855 991ff06f  jal x0, -1648
c6_6_p2_102:
   2856 965ff06f  jal x0, -1692
c6_6_p3_103:
   2857 00000013  addi x0, x0, 0
   2858 971ff06f  jal x0, -1680
c6_6_p5_104:
   2859 995ff06f  jal x0, -1644
c6_6_p6_105:
   2860 00000013  addi x0, x0, 0
   2861 9a1ff06f  jal x0, -1632
c6_6_h7_100:
   2862 3c103023  sd ra, 960(x0)
   2863 3c203423  sd sp, 968(x0)
   2864 00000013  addi x0, x0, 0
   2865 9a5ff06f  jal x0, -1628
c6_7_g4_116:
   2866 00e1fe63  bgeu gp, a4, +28
   2867 00d1fa63  bgeu gp, a3, +20
   2868 a11ff06f  jal x0, -1520
c6_7_p2_117:
   2869 9e5ff06f  jal x0, -1564
c6_7_p3_118:
   2870 00000013  addi x0, x0, 0
   2871 9f1ff06f  jal x0, -1552
c6_7_p5_119:
   2872 a15ff06f  jal x0, -1516
c6_7_p6_120:
   2873 00000013  addi x0, x0, 0
   2874 a21ff06f  jal x0, -1504
c6_7_h7_115:
   2875 3c103823  sd ra, 976(x0)
   2876 3c203c23  sd sp, 984(x0)
   2877 00000013  addi x0, x0, 0
   2878 a25ff06f  jal x0, -1500
c6_8_g4_131:
   2879 00e1fe63  bgeu gp, a4, +28
   2880 00d1fa63  bgeu gp, a3, +20
   2881 a91ff06f  jal x0, -1392
c6_8_p2_132:
   2882 a65ff06f  jal x0, -1436
c6_8_p3_133:
   2883 00000013  addi x0, x0, 0
   2884 a71ff06f  jal x0, -1424
c6_8_p5_134:
   2885 a95ff06f  jal x0, -1388
c6_8_p6_135:
   2886 00000013  addi x0, x0, 0
   2887 aa1ff06f  jal x0, -1376
c6_8_h7_130:
   2888 3e103023  sd ra, 992(x0)
   2889 3e203423  sd sp, 1000(x0)
   2890 00000013  addi x0, x0, 0
   2891 aa5ff06f  jal x0, -1372
c6_9_g4_146:
   2892 00e1fe63  bgeu gp, a4, +28
   2893 00d1fa63  bgeu gp, a3, +20
   2894 b11ff06f  jal x0, -1264
c6_9_p2_147:
   2895 ae5ff06f  jal x0, -1308
c6_9_p3_148:
   2896 00000013  addi x0, x0, 0
   2897 af1ff06f  jal x0, -1296
c6_9_p5_149:
   2898 b15ff06f  jal x0, -1260
c6_9_p6_150:
   2899 00000013  addi x0, x0, 0
   2900 b21ff06f  jal x0, -1248
c6_9_h7_145:
   2901 3e103823  sd ra, 1008(x0)
   2902 3e203c23  sd sp, 1016(x0)
   2903 00000013  addi x0, x0, 0
   2904 b25ff06f  jal x0, -1244
c6_10_g4_161:
   2905 00e1fe63  bgeu gp, a4, +28
   2906 00d1fa63  bgeu gp, a3, +20
   2907 b91ff06f  jal x0, -1136
c6_10_p2_162:
   2908 b65ff06f  jal x0, -1180
c6_10_p3_163:
   2909 00000013  addi x0, x0, 0
   2910 b71ff06f  jal x0, -1168
c6_10_p5_164:
   2911 b95ff06f  jal x0, -1132
c6_10_p6_165:
   2912 00000013  addi x0, x0, 0
   2913 ba1ff06f  jal x0, -1120
c6_10_h7_160:
   2914 40103023  sd ra, 1024(x0)
   2915 40203423  sd sp, 1032(x0)
   2916 00000013  addi x0, x0, 0
   2917 ba5ff06f  jal x0, -1116
c6_11_g4_176:
   2918 00e1fe63  bgeu gp, a4, +28
   2919 00d1fa63  bgeu gp, a3, +20
   2920 c11ff06f  jal x0, -1008
c6_11_p2_177:
   2921 be5ff06f  jal x0, -1052
c6_11_p3_178:
   2922 00000013  addi x0, x0, 0
   2923 bf1ff06f  jal x0, -1040
c6_11_p5_179:
   2924 c15ff06f  jal x0, -1004
c6_11_p6_180:
   2925 00000013  addi x0, x0, 0
   2926 c21ff06f  jal x0, -992
c6_11_h7_175:
   2927 40103823  sd ra, 1040(x0)
   2928 40203c23  sd sp, 1048(x0)
   2929 00000013  addi x0, x0, 0
   2930 c25ff06f  jal x0, -988
c6_12_g4_191:
   2931 00e1fe63  bgeu gp, a4, +28
   2932 00d1fa63  bgeu gp, a3, +20
   2933 c91ff06f  jal x0, -880
c6_12_p2_192:
   2934 c65ff06f  jal x0, -924
c6_12_p3_193:
   2935 00000013  addi x0, x0, 0
   2936 c71ff06f  jal x0, -912
c6_12_p5_194:
   2937 c95ff06f  jal x0, -876
c6_12_p6_195:
   2938 00000013  addi x0, x0, 0
   2939 ca1ff06f  jal x0, -864
c6_12_h7_190:
   2940 42103023  sd ra, 1056(x0)
   2941 42203423  sd sp, 1064(x0)
   2942 00000013  addi x0, x0, 0
   2943 ca5ff06f  jal x0, -860
c6_13_g4_206:
   2944 00e1fe63  bgeu gp, a4, +28
   2945 00d1fa63  bgeu gp, a3, +20
   2946 d11ff06f  jal x0, -752
c6_13_p2_207:
   2947 ce5ff06f  jal x0, -796
c6_13_p3_208:
   2948 00000013  addi x0, x0, 0
   2949 cf1ff06f  jal x0, -784
c6_13_p5_209:
   2950 d15ff06f  jal x0, -748
c6_13_p6_210:
   2951 00000013  addi x0, x0, 0
   2952 d21ff06f  jal x0, -736
c6_13_h7_205:
   2953 42103823  sd ra, 1072(x0)
   2954 42203c23  sd sp, 1080(x0)
   2955 00000013  addi x0, x0, 0
   2956 d25ff06f  jal x0, -732
        ; chain lay=6 i=14
l6_after0_212:
c6_14_227:
   2957 01381193  slli gp, a6, 19
   2958 430ab083  ld ra, 1072(s5)
   2959 438ab103  ld sp, 1080(s5)
   2960 0e103023  sd ra, 224(x0)
   2961 0e203423  sd sp, 232(x0)
   2962 1ef1f6e3  bgeu gp, a5, +2540
   2963 1c91f2e3  bgeu gp, s1, +2500
   2964 1c81f8e3  bgeu gp, s0, +2512
   2965 1c71f4e3  bgeu gp, t2, +2504
   2966 0061fc63  bgeu gp, t1, +24
c6_14_s1_213:
   2967 07000213  addi tp, x0, 112
   2968 00452223  sw tp, 4(a0)
   2969 00000073  ecall
   2970 02053823  sd x0, 48(a0)
   2971 02053c23  sd x0, 56(a0)
c6_14_s2_214:
   2972 07100213  addi tp, x0, 113
   2973 00452223  sw tp, 4(a0)
   2974 00000073  ecall
   2975 02053823  sd x0, 48(a0)
   2976 02053c23  sd x0, 56(a0)
c6_14_s3_215:
   2977 07200213  addi tp, x0, 114
   2978 00452223  sw tp, 4(a0)
   2979 00000073  ecall
   2980 02053823  sd x0, 48(a0)
   2981 02053c23  sd x0, 56(a0)
c6_14_s4_216:
   2982 07300213  addi tp, x0, 115
   2983 00452223  sw tp, 4(a0)
   2984 00000073  ecall
   2985 02053823  sd x0, 48(a0)
   2986 02053c23  sd x0, 56(a0)
c6_14_s5_217:
   2987 07400213  addi tp, x0, 116
   2988 00452223  sw tp, 4(a0)
   2989 00000073  ecall
   2990 02053823  sd x0, 48(a0)
   2991 02053c23  sd x0, 56(a0)
c6_14_s6_218:
   2992 07500213  addi tp, x0, 117
   2993 00452223  sw tp, 4(a0)
   2994 00000073  ecall
   2995 02053823  sd x0, 48(a0)
   2996 02053c23  sd x0, 56(a0)
c6_14_s7_219:
   2997 07600213  addi tp, x0, 118
   2998 00452223  sw tp, 4(a0)
   2999 44000613  addi a2, x0, 1088
   3000 00000073  ecall
   3001 02050613  addi a2, a0, 32
        ; chain lay=6 i=15
c6_14_next_220:
c6_15_242:
   3002 01081193  slli gp, a6, 16
   3003 440ab083  ld ra, 1088(s5)
   3004 448ab103  ld sp, 1096(s5)
   3005 0e103023  sd ra, 224(x0)
   3006 0e203423  sd sp, 232(x0)
   3007 16f1f6e3  bgeu gp, a5, +2412
   3008 1491f2e3  bgeu gp, s1, +2372
   3009 1481f8e3  bgeu gp, s0, +2384
   3010 1471f4e3  bgeu gp, t2, +2376
   3011 0061fc63  bgeu gp, t1, +24
c6_15_s1_228:
   3012 07800213  addi tp, x0, 120
   3013 00452223  sw tp, 4(a0)
   3014 00000073  ecall
   3015 02053823  sd x0, 48(a0)
   3016 02053c23  sd x0, 56(a0)
c6_15_s2_229:
   3017 07900213  addi tp, x0, 121
   3018 00452223  sw tp, 4(a0)
   3019 00000073  ecall
   3020 02053823  sd x0, 48(a0)
   3021 02053c23  sd x0, 56(a0)
c6_15_s3_230:
   3022 07a00213  addi tp, x0, 122
   3023 00452223  sw tp, 4(a0)
   3024 00000073  ecall
   3025 02053823  sd x0, 48(a0)
   3026 02053c23  sd x0, 56(a0)
c6_15_s4_231:
   3027 07b00213  addi tp, x0, 123
   3028 00452223  sw tp, 4(a0)
   3029 00000073  ecall
   3030 02053823  sd x0, 48(a0)
   3031 02053c23  sd x0, 56(a0)
c6_15_s5_232:
   3032 07c00213  addi tp, x0, 124
   3033 00452223  sw tp, 4(a0)
   3034 00000073  ecall
   3035 02053823  sd x0, 48(a0)
   3036 02053c23  sd x0, 56(a0)
c6_15_s6_233:
   3037 07d00213  addi tp, x0, 125
   3038 00452223  sw tp, 4(a0)
   3039 00000073  ecall
   3040 02053823  sd x0, 48(a0)
   3041 02053c23  sd x0, 56(a0)
c6_15_s7_234:
   3042 07e00213  addi tp, x0, 126
   3043 00452223  sw tp, 4(a0)
   3044 45000613  addi a2, x0, 1104
   3045 00000073  ecall
   3046 02050613  addi a2, a0, 32
        ; chain lay=6 i=16
c6_15_next_235:
c6_16_257:
   3047 00d81193  slli gp, a6, 13
   3048 450ab083  ld ra, 1104(s5)
   3049 458ab103  ld sp, 1112(s5)
   3050 0e103023  sd ra, 224(x0)
   3051 0e203423  sd sp, 232(x0)
   3052 0ef1f6e3  bgeu gp, a5, +2284
   3053 0c91f2e3  bgeu gp, s1, +2244
   3054 0c81f8e3  bgeu gp, s0, +2256
   3055 0c71f4e3  bgeu gp, t2, +2248
   3056 0061fc63  bgeu gp, t1, +24
c6_16_s1_243:
   3057 08000213  addi tp, x0, 128
   3058 00452223  sw tp, 4(a0)
   3059 00000073  ecall
   3060 02053823  sd x0, 48(a0)
   3061 02053c23  sd x0, 56(a0)
c6_16_s2_244:
   3062 08100213  addi tp, x0, 129
   3063 00452223  sw tp, 4(a0)
   3064 00000073  ecall
   3065 02053823  sd x0, 48(a0)
   3066 02053c23  sd x0, 56(a0)
c6_16_s3_245:
   3067 08200213  addi tp, x0, 130
   3068 00452223  sw tp, 4(a0)
   3069 00000073  ecall
   3070 02053823  sd x0, 48(a0)
   3071 02053c23  sd x0, 56(a0)
c6_16_s4_246:
   3072 08300213  addi tp, x0, 131
   3073 00452223  sw tp, 4(a0)
   3074 00000073  ecall
   3075 02053823  sd x0, 48(a0)
   3076 02053c23  sd x0, 56(a0)
c6_16_s5_247:
   3077 08400213  addi tp, x0, 132
   3078 00452223  sw tp, 4(a0)
   3079 00000073  ecall
   3080 02053823  sd x0, 48(a0)
   3081 02053c23  sd x0, 56(a0)
c6_16_s6_248:
   3082 08500213  addi tp, x0, 133
   3083 00452223  sw tp, 4(a0)
   3084 00000073  ecall
   3085 02053823  sd x0, 48(a0)
   3086 02053c23  sd x0, 56(a0)
c6_16_s7_249:
   3087 08600213  addi tp, x0, 134
   3088 00452223  sw tp, 4(a0)
   3089 46000613  addi a2, x0, 1120
   3090 00000073  ecall
   3091 02050613  addi a2, a0, 32
        ; chain lay=6 i=17
c6_16_next_250:
c6_17_272:
   3092 00a81193  slli gp, a6, 10
   3093 460ab083  ld ra, 1120(s5)
   3094 468ab103  ld sp, 1128(s5)
   3095 0e103023  sd ra, 224(x0)
   3096 0e203423  sd sp, 232(x0)
   3097 06f1f6e3  bgeu gp, a5, +2156
   3098 0491f2e3  bgeu gp, s1, +2116
   3099 0481f8e3  bgeu gp, s0, +2128
   3100 0471f4e3  bgeu gp, t2, +2120
   3101 0061fc63  bgeu gp, t1, +24
c6_17_s1_258:
   3102 08800213  addi tp, x0, 136
   3103 00452223  sw tp, 4(a0)
   3104 00000073  ecall
   3105 02053823  sd x0, 48(a0)
   3106 02053c23  sd x0, 56(a0)
c6_17_s2_259:
   3107 08900213  addi tp, x0, 137
   3108 00452223  sw tp, 4(a0)
   3109 00000073  ecall
   3110 02053823  sd x0, 48(a0)
   3111 02053c23  sd x0, 56(a0)
c6_17_s3_260:
   3112 08a00213  addi tp, x0, 138
   3113 00452223  sw tp, 4(a0)
   3114 00000073  ecall
   3115 02053823  sd x0, 48(a0)
   3116 02053c23  sd x0, 56(a0)
c6_17_s4_261:
   3117 08b00213  addi tp, x0, 139
   3118 00452223  sw tp, 4(a0)
   3119 00000073  ecall
   3120 02053823  sd x0, 48(a0)
   3121 02053c23  sd x0, 56(a0)
c6_17_s5_262:
   3122 08c00213  addi tp, x0, 140
   3123 00452223  sw tp, 4(a0)
   3124 00000073  ecall
   3125 02053823  sd x0, 48(a0)
   3126 02053c23  sd x0, 56(a0)
c6_17_s6_263:
   3127 08d00213  addi tp, x0, 141
   3128 00452223  sw tp, 4(a0)
   3129 00000073  ecall
   3130 02053823  sd x0, 48(a0)
   3131 02053c23  sd x0, 56(a0)
c6_17_s7_264:
   3132 08e00213  addi tp, x0, 142
   3133 00452223  sw tp, 4(a0)
   3134 47000613  addi a2, x0, 1136
   3135 00000073  ecall
   3136 02050613  addi a2, a0, 32
        ; chain lay=6 i=18
c6_17_next_265:
c6_18_287:
   3137 00781193  slli gp, a6, 7
   3138 470ab083  ld ra, 1136(s5)
   3139 478ab103  ld sp, 1144(s5)
   3140 0e103023  sd ra, 224(x0)
   3141 0e203423  sd sp, 232(x0)
   3142 7ef1f663  bgeu gp, a5, +2028
   3143 7c91f263  bgeu gp, s1, +1988
   3144 7c81f863  bgeu gp, s0, +2000
   3145 7c71f463  bgeu gp, t2, +1992
   3146 0061fc63  bgeu gp, t1, +24
c6_18_s1_273:
   3147 09000213  addi tp, x0, 144
   3148 00452223  sw tp, 4(a0)
   3149 00000073  ecall
   3150 02053823  sd x0, 48(a0)
   3151 02053c23  sd x0, 56(a0)
c6_18_s2_274:
   3152 09100213  addi tp, x0, 145
   3153 00452223  sw tp, 4(a0)
   3154 00000073  ecall
   3155 02053823  sd x0, 48(a0)
   3156 02053c23  sd x0, 56(a0)
c6_18_s3_275:
   3157 09200213  addi tp, x0, 146
   3158 00452223  sw tp, 4(a0)
   3159 00000073  ecall
   3160 02053823  sd x0, 48(a0)
   3161 02053c23  sd x0, 56(a0)
c6_18_s4_276:
   3162 09300213  addi tp, x0, 147
   3163 00452223  sw tp, 4(a0)
   3164 00000073  ecall
   3165 02053823  sd x0, 48(a0)
   3166 02053c23  sd x0, 56(a0)
c6_18_s5_277:
   3167 09400213  addi tp, x0, 148
   3168 00452223  sw tp, 4(a0)
   3169 00000073  ecall
   3170 02053823  sd x0, 48(a0)
   3171 02053c23  sd x0, 56(a0)
c6_18_s6_278:
   3172 09500213  addi tp, x0, 149
   3173 00452223  sw tp, 4(a0)
   3174 00000073  ecall
   3175 02053823  sd x0, 48(a0)
   3176 02053c23  sd x0, 56(a0)
c6_18_s7_279:
   3177 09600213  addi tp, x0, 150
   3178 00452223  sw tp, 4(a0)
   3179 48000613  addi a2, x0, 1152
   3180 00000073  ecall
   3181 02050613  addi a2, a0, 32
        ; chain lay=6 i=19
c6_18_next_280:
c6_19_302:
   3182 00481193  slli gp, a6, 4
   3183 480ab083  ld ra, 1152(s5)
   3184 488ab103  ld sp, 1160(s5)
   3185 0e103023  sd ra, 224(x0)
   3186 0e203423  sd sp, 232(x0)
   3187 76f1f663  bgeu gp, a5, +1900
   3188 7491f263  bgeu gp, s1, +1860
   3189 7481f863  bgeu gp, s0, +1872
   3190 7471f463  bgeu gp, t2, +1864
   3191 0061fc63  bgeu gp, t1, +24
c6_19_s1_288:
   3192 09800213  addi tp, x0, 152
   3193 00452223  sw tp, 4(a0)
   3194 00000073  ecall
   3195 02053823  sd x0, 48(a0)
   3196 02053c23  sd x0, 56(a0)
c6_19_s2_289:
   3197 09900213  addi tp, x0, 153
   3198 00452223  sw tp, 4(a0)
   3199 00000073  ecall
   3200 02053823  sd x0, 48(a0)
   3201 02053c23  sd x0, 56(a0)
c6_19_s3_290:
   3202 09a00213  addi tp, x0, 154
   3203 00452223  sw tp, 4(a0)
   3204 00000073  ecall
   3205 02053823  sd x0, 48(a0)
   3206 02053c23  sd x0, 56(a0)
c6_19_s4_291:
   3207 09b00213  addi tp, x0, 155
   3208 00452223  sw tp, 4(a0)
   3209 00000073  ecall
   3210 02053823  sd x0, 48(a0)
   3211 02053c23  sd x0, 56(a0)
c6_19_s5_292:
   3212 09c00213  addi tp, x0, 156
   3213 00452223  sw tp, 4(a0)
   3214 00000073  ecall
   3215 02053823  sd x0, 48(a0)
   3216 02053c23  sd x0, 56(a0)
c6_19_s6_293:
   3217 09d00213  addi tp, x0, 157
   3218 00452223  sw tp, 4(a0)
   3219 00000073  ecall
   3220 02053823  sd x0, 48(a0)
   3221 02053c23  sd x0, 56(a0)
c6_19_s7_294:
   3222 09e00213  addi tp, x0, 158
   3223 00452223  sw tp, 4(a0)
   3224 49000613  addi a2, x0, 1168
   3225 00000073  ecall
   3226 02050613  addi a2, a0, 32
        ; chain lay=6 i=20
c6_19_next_295:
c6_20_317:
   3227 00181193  slli gp, a6, 1
   3228 490ab083  ld ra, 1168(s5)
   3229 498ab103  ld sp, 1176(s5)
   3230 0e103023  sd ra, 224(x0)
   3231 0e203423  sd sp, 232(x0)
   3232 6ef1f663  bgeu gp, a5, +1772
   3233 6c91f263  bgeu gp, s1, +1732
   3234 6c81f863  bgeu gp, s0, +1744
   3235 6c71f463  bgeu gp, t2, +1736
   3236 0061fc63  bgeu gp, t1, +24
c6_20_s1_303:
   3237 0a000213  addi tp, x0, 160
   3238 00452223  sw tp, 4(a0)
   3239 00000073  ecall
   3240 02053823  sd x0, 48(a0)
   3241 02053c23  sd x0, 56(a0)
c6_20_s2_304:
   3242 0a100213  addi tp, x0, 161
   3243 00452223  sw tp, 4(a0)
   3244 00000073  ecall
   3245 02053823  sd x0, 48(a0)
   3246 02053c23  sd x0, 56(a0)
c6_20_s3_305:
   3247 0a200213  addi tp, x0, 162
   3248 00452223  sw tp, 4(a0)
   3249 00000073  ecall
   3250 02053823  sd x0, 48(a0)
   3251 02053c23  sd x0, 56(a0)
c6_20_s4_306:
   3252 0a300213  addi tp, x0, 163
   3253 00452223  sw tp, 4(a0)
   3254 00000073  ecall
   3255 02053823  sd x0, 48(a0)
   3256 02053c23  sd x0, 56(a0)
c6_20_s5_307:
   3257 0a400213  addi tp, x0, 164
   3258 00452223  sw tp, 4(a0)
   3259 00000073  ecall
   3260 02053823  sd x0, 48(a0)
   3261 02053c23  sd x0, 56(a0)
c6_20_s6_308:
   3262 0a500213  addi tp, x0, 165
   3263 00452223  sw tp, 4(a0)
   3264 00000073  ecall
   3265 02053823  sd x0, 48(a0)
   3266 02053c23  sd x0, 56(a0)
c6_20_s7_309:
   3267 0a600213  addi tp, x0, 166
   3268 00452223  sw tp, 4(a0)
   3269 4a000613  addi a2, x0, 1184
   3270 00000073  ecall
   3271 02050613  addi a2, a0, 32
        ; chain lay=6 i=21
c6_20_next_310:
c6_21_332:
   3272 03d89193  slli gp, a7, 61
   3273 4a0ab083  ld ra, 1184(s5)
   3274 4a8ab103  ld sp, 1192(s5)
   3275 0e103023  sd ra, 224(x0)
   3276 0e203423  sd sp, 232(x0)
   3277 66f1f663  bgeu gp, a5, +1644
   3278 6491f263  bgeu gp, s1, +1604
   3279 6481f863  bgeu gp, s0, +1616
   3280 6471f463  bgeu gp, t2, +1608
   3281 0061fc63  bgeu gp, t1, +24
c6_21_s1_318:
   3282 0a800213  addi tp, x0, 168
   3283 00452223  sw tp, 4(a0)
   3284 00000073  ecall
   3285 02053823  sd x0, 48(a0)
   3286 02053c23  sd x0, 56(a0)
c6_21_s2_319:
   3287 0a900213  addi tp, x0, 169
   3288 00452223  sw tp, 4(a0)
   3289 00000073  ecall
   3290 02053823  sd x0, 48(a0)
   3291 02053c23  sd x0, 56(a0)
c6_21_s3_320:
   3292 0aa00213  addi tp, x0, 170
   3293 00452223  sw tp, 4(a0)
   3294 00000073  ecall
   3295 02053823  sd x0, 48(a0)
   3296 02053c23  sd x0, 56(a0)
c6_21_s4_321:
   3297 0ab00213  addi tp, x0, 171
   3298 00452223  sw tp, 4(a0)
   3299 00000073  ecall
   3300 02053823  sd x0, 48(a0)
   3301 02053c23  sd x0, 56(a0)
c6_21_s5_322:
   3302 0ac00213  addi tp, x0, 172
   3303 00452223  sw tp, 4(a0)
   3304 00000073  ecall
   3305 02053823  sd x0, 48(a0)
   3306 02053c23  sd x0, 56(a0)
c6_21_s6_323:
   3307 0ad00213  addi tp, x0, 173
   3308 00452223  sw tp, 4(a0)
   3309 00000073  ecall
   3310 02053823  sd x0, 48(a0)
   3311 02053c23  sd x0, 56(a0)
c6_21_s7_324:
   3312 0ae00213  addi tp, x0, 174
   3313 00452223  sw tp, 4(a0)
   3314 4b000613  addi a2, x0, 1200
   3315 00000073  ecall
   3316 02050613  addi a2, a0, 32
        ; chain lay=6 i=22
c6_21_next_325:
c6_22_347:
   3317 03a89193  slli gp, a7, 58
   3318 4b0ab083  ld ra, 1200(s5)
   3319 4b8ab103  ld sp, 1208(s5)
   3320 0e103023  sd ra, 224(x0)
   3321 0e203423  sd sp, 232(x0)
   3322 5ef1f663  bgeu gp, a5, +1516
   3323 5c91f263  bgeu gp, s1, +1476
   3324 5c81f863  bgeu gp, s0, +1488
   3325 5c71f463  bgeu gp, t2, +1480
   3326 0061fc63  bgeu gp, t1, +24
c6_22_s1_333:
   3327 0b000213  addi tp, x0, 176
   3328 00452223  sw tp, 4(a0)
   3329 00000073  ecall
   3330 02053823  sd x0, 48(a0)
   3331 02053c23  sd x0, 56(a0)
c6_22_s2_334:
   3332 0b100213  addi tp, x0, 177
   3333 00452223  sw tp, 4(a0)
   3334 00000073  ecall
   3335 02053823  sd x0, 48(a0)
   3336 02053c23  sd x0, 56(a0)
c6_22_s3_335:
   3337 0b200213  addi tp, x0, 178
   3338 00452223  sw tp, 4(a0)
   3339 00000073  ecall
   3340 02053823  sd x0, 48(a0)
   3341 02053c23  sd x0, 56(a0)
c6_22_s4_336:
   3342 0b300213  addi tp, x0, 179
   3343 00452223  sw tp, 4(a0)
   3344 00000073  ecall
   3345 02053823  sd x0, 48(a0)
   3346 02053c23  sd x0, 56(a0)
c6_22_s5_337:
   3347 0b400213  addi tp, x0, 180
   3348 00452223  sw tp, 4(a0)
   3349 00000073  ecall
   3350 02053823  sd x0, 48(a0)
   3351 02053c23  sd x0, 56(a0)
c6_22_s6_338:
   3352 0b500213  addi tp, x0, 181
   3353 00452223  sw tp, 4(a0)
   3354 00000073  ecall
   3355 02053823  sd x0, 48(a0)
   3356 02053c23  sd x0, 56(a0)
c6_22_s7_339:
   3357 0b600213  addi tp, x0, 182
   3358 00452223  sw tp, 4(a0)
   3359 4c000613  addi a2, x0, 1216
   3360 00000073  ecall
   3361 02050613  addi a2, a0, 32
        ; chain lay=6 i=23
c6_22_next_340:
c6_23_362:
   3362 03789193  slli gp, a7, 55
   3363 4c0ab083  ld ra, 1216(s5)
   3364 4c8ab103  ld sp, 1224(s5)
   3365 0e103023  sd ra, 224(x0)
   3366 0e203423  sd sp, 232(x0)
   3367 56f1f663  bgeu gp, a5, +1388
   3368 5491f263  bgeu gp, s1, +1348
   3369 5481f863  bgeu gp, s0, +1360
   3370 5471f463  bgeu gp, t2, +1352
   3371 0061fc63  bgeu gp, t1, +24
c6_23_s1_348:
   3372 0b800213  addi tp, x0, 184
   3373 00452223  sw tp, 4(a0)
   3374 00000073  ecall
   3375 02053823  sd x0, 48(a0)
   3376 02053c23  sd x0, 56(a0)
c6_23_s2_349:
   3377 0b900213  addi tp, x0, 185
   3378 00452223  sw tp, 4(a0)
   3379 00000073  ecall
   3380 02053823  sd x0, 48(a0)
   3381 02053c23  sd x0, 56(a0)
c6_23_s3_350:
   3382 0ba00213  addi tp, x0, 186
   3383 00452223  sw tp, 4(a0)
   3384 00000073  ecall
   3385 02053823  sd x0, 48(a0)
   3386 02053c23  sd x0, 56(a0)
c6_23_s4_351:
   3387 0bb00213  addi tp, x0, 187
   3388 00452223  sw tp, 4(a0)
   3389 00000073  ecall
   3390 02053823  sd x0, 48(a0)
   3391 02053c23  sd x0, 56(a0)
c6_23_s5_352:
   3392 0bc00213  addi tp, x0, 188
   3393 00452223  sw tp, 4(a0)
   3394 00000073  ecall
   3395 02053823  sd x0, 48(a0)
   3396 02053c23  sd x0, 56(a0)
c6_23_s6_353:
   3397 0bd00213  addi tp, x0, 189
   3398 00452223  sw tp, 4(a0)
   3399 00000073  ecall
   3400 02053823  sd x0, 48(a0)
   3401 02053c23  sd x0, 56(a0)
c6_23_s7_354:
   3402 0be00213  addi tp, x0, 190
   3403 00452223  sw tp, 4(a0)
   3404 4d000613  addi a2, x0, 1232
   3405 00000073  ecall
   3406 02050613  addi a2, a0, 32
        ; chain lay=6 i=24
c6_23_next_355:
c6_24_377:
   3407 03489193  slli gp, a7, 52
   3408 4d0ab083  ld ra, 1232(s5)
   3409 4d8ab103  ld sp, 1240(s5)
   3410 0e103023  sd ra, 224(x0)
   3411 0e203423  sd sp, 232(x0)
   3412 4ef1f663  bgeu gp, a5, +1260
   3413 4c91f263  bgeu gp, s1, +1220
   3414 4c81f863  bgeu gp, s0, +1232
   3415 4c71f463  bgeu gp, t2, +1224
   3416 0061fc63  bgeu gp, t1, +24
c6_24_s1_363:
   3417 0c000213  addi tp, x0, 192
   3418 00452223  sw tp, 4(a0)
   3419 00000073  ecall
   3420 02053823  sd x0, 48(a0)
   3421 02053c23  sd x0, 56(a0)
c6_24_s2_364:
   3422 0c100213  addi tp, x0, 193
   3423 00452223  sw tp, 4(a0)
   3424 00000073  ecall
   3425 02053823  sd x0, 48(a0)
   3426 02053c23  sd x0, 56(a0)
c6_24_s3_365:
   3427 0c200213  addi tp, x0, 194
   3428 00452223  sw tp, 4(a0)
   3429 00000073  ecall
   3430 02053823  sd x0, 48(a0)
   3431 02053c23  sd x0, 56(a0)
c6_24_s4_366:
   3432 0c300213  addi tp, x0, 195
   3433 00452223  sw tp, 4(a0)
   3434 00000073  ecall
   3435 02053823  sd x0, 48(a0)
   3436 02053c23  sd x0, 56(a0)
c6_24_s5_367:
   3437 0c400213  addi tp, x0, 196
   3438 00452223  sw tp, 4(a0)
   3439 00000073  ecall
   3440 02053823  sd x0, 48(a0)
   3441 02053c23  sd x0, 56(a0)
c6_24_s6_368:
   3442 0c500213  addi tp, x0, 197
   3443 00452223  sw tp, 4(a0)
   3444 00000073  ecall
   3445 02053823  sd x0, 48(a0)
   3446 02053c23  sd x0, 56(a0)
c6_24_s7_369:
   3447 0c600213  addi tp, x0, 198
   3448 00452223  sw tp, 4(a0)
   3449 4e000613  addi a2, x0, 1248
   3450 00000073  ecall
   3451 02050613  addi a2, a0, 32
        ; chain lay=6 i=25
c6_24_next_370:
c6_25_392:
   3452 03189193  slli gp, a7, 49
   3453 4e0ab083  ld ra, 1248(s5)
   3454 4e8ab103  ld sp, 1256(s5)
   3455 0e103023  sd ra, 224(x0)
   3456 0e203423  sd sp, 232(x0)
   3457 46f1f663  bgeu gp, a5, +1132
   3458 4491f263  bgeu gp, s1, +1092
   3459 4481f863  bgeu gp, s0, +1104
   3460 4471f463  bgeu gp, t2, +1096
   3461 0061fc63  bgeu gp, t1, +24
c6_25_s1_378:
   3462 0c800213  addi tp, x0, 200
   3463 00452223  sw tp, 4(a0)
   3464 00000073  ecall
   3465 02053823  sd x0, 48(a0)
   3466 02053c23  sd x0, 56(a0)
c6_25_s2_379:
   3467 0c900213  addi tp, x0, 201
   3468 00452223  sw tp, 4(a0)
   3469 00000073  ecall
   3470 02053823  sd x0, 48(a0)
   3471 02053c23  sd x0, 56(a0)
c6_25_s3_380:
   3472 0ca00213  addi tp, x0, 202
   3473 00452223  sw tp, 4(a0)
   3474 00000073  ecall
   3475 02053823  sd x0, 48(a0)
   3476 02053c23  sd x0, 56(a0)
c6_25_s4_381:
   3477 0cb00213  addi tp, x0, 203
   3478 00452223  sw tp, 4(a0)
   3479 00000073  ecall
   3480 02053823  sd x0, 48(a0)
   3481 02053c23  sd x0, 56(a0)
c6_25_s5_382:
   3482 0cc00213  addi tp, x0, 204
   3483 00452223  sw tp, 4(a0)
   3484 00000073  ecall
   3485 02053823  sd x0, 48(a0)
   3486 02053c23  sd x0, 56(a0)
c6_25_s6_383:
   3487 0cd00213  addi tp, x0, 205
   3488 00452223  sw tp, 4(a0)
   3489 00000073  ecall
   3490 02053823  sd x0, 48(a0)
   3491 02053c23  sd x0, 56(a0)
c6_25_s7_384:
   3492 0ce00213  addi tp, x0, 206
   3493 00452223  sw tp, 4(a0)
   3494 4f000613  addi a2, x0, 1264
   3495 00000073  ecall
   3496 02050613  addi a2, a0, 32
        ; chain lay=6 i=26
c6_25_next_385:
c6_26_407:
   3497 02e89193  slli gp, a7, 46
   3498 4f0ab083  ld ra, 1264(s5)
   3499 4f8ab103  ld sp, 1272(s5)
   3500 0e103023  sd ra, 224(x0)
   3501 0e203423  sd sp, 232(x0)
   3502 3ef1f663  bgeu gp, a5, +1004
   3503 3c91f263  bgeu gp, s1, +964
   3504 3c81f863  bgeu gp, s0, +976
   3505 3c71f463  bgeu gp, t2, +968
   3506 0061fc63  bgeu gp, t1, +24
c6_26_s1_393:
   3507 0d000213  addi tp, x0, 208
   3508 00452223  sw tp, 4(a0)
   3509 00000073  ecall
   3510 02053823  sd x0, 48(a0)
   3511 02053c23  sd x0, 56(a0)
c6_26_s2_394:
   3512 0d100213  addi tp, x0, 209
   3513 00452223  sw tp, 4(a0)
   3514 00000073  ecall
   3515 02053823  sd x0, 48(a0)
   3516 02053c23  sd x0, 56(a0)
c6_26_s3_395:
   3517 0d200213  addi tp, x0, 210
   3518 00452223  sw tp, 4(a0)
   3519 00000073  ecall
   3520 02053823  sd x0, 48(a0)
   3521 02053c23  sd x0, 56(a0)
c6_26_s4_396:
   3522 0d300213  addi tp, x0, 211
   3523 00452223  sw tp, 4(a0)
   3524 00000073  ecall
   3525 02053823  sd x0, 48(a0)
   3526 02053c23  sd x0, 56(a0)
c6_26_s5_397:
   3527 0d400213  addi tp, x0, 212
   3528 00452223  sw tp, 4(a0)
   3529 00000073  ecall
   3530 02053823  sd x0, 48(a0)
   3531 02053c23  sd x0, 56(a0)
c6_26_s6_398:
   3532 0d500213  addi tp, x0, 213
   3533 00452223  sw tp, 4(a0)
   3534 00000073  ecall
   3535 02053823  sd x0, 48(a0)
   3536 02053c23  sd x0, 56(a0)
c6_26_s7_399:
   3537 0d600213  addi tp, x0, 214
   3538 00452223  sw tp, 4(a0)
   3539 50000613  addi a2, x0, 1280
   3540 00000073  ecall
   3541 02050613  addi a2, a0, 32
        ; chain lay=6 i=27
c6_26_next_400:
c6_27_422:
   3542 02b89193  slli gp, a7, 43
   3543 500ab083  ld ra, 1280(s5)
   3544 508ab103  ld sp, 1288(s5)
   3545 0e103023  sd ra, 224(x0)
   3546 0e203423  sd sp, 232(x0)
   3547 36f1f663  bgeu gp, a5, +876
   3548 3491f263  bgeu gp, s1, +836
   3549 3481f863  bgeu gp, s0, +848
   3550 3471f463  bgeu gp, t2, +840
   3551 0061fc63  bgeu gp, t1, +24
c6_27_s1_408:
   3552 0d800213  addi tp, x0, 216
   3553 00452223  sw tp, 4(a0)
   3554 00000073  ecall
   3555 02053823  sd x0, 48(a0)
   3556 02053c23  sd x0, 56(a0)
c6_27_s2_409:
   3557 0d900213  addi tp, x0, 217
   3558 00452223  sw tp, 4(a0)
   3559 00000073  ecall
   3560 02053823  sd x0, 48(a0)
   3561 02053c23  sd x0, 56(a0)
c6_27_s3_410:
   3562 0da00213  addi tp, x0, 218
   3563 00452223  sw tp, 4(a0)
   3564 00000073  ecall
   3565 02053823  sd x0, 48(a0)
   3566 02053c23  sd x0, 56(a0)
c6_27_s4_411:
   3567 0db00213  addi tp, x0, 219
   3568 00452223  sw tp, 4(a0)
   3569 00000073  ecall
   3570 02053823  sd x0, 48(a0)
   3571 02053c23  sd x0, 56(a0)
c6_27_s5_412:
   3572 0dc00213  addi tp, x0, 220
   3573 00452223  sw tp, 4(a0)
   3574 00000073  ecall
   3575 02053823  sd x0, 48(a0)
   3576 02053c23  sd x0, 56(a0)
c6_27_s6_413:
   3577 0dd00213  addi tp, x0, 221
   3578 00452223  sw tp, 4(a0)
   3579 00000073  ecall
   3580 02053823  sd x0, 48(a0)
   3581 02053c23  sd x0, 56(a0)
c6_27_s7_414:
   3582 0de00213  addi tp, x0, 222
   3583 00452223  sw tp, 4(a0)
   3584 51000613  addi a2, x0, 1296
   3585 00000073  ecall
   3586 02050613  addi a2, a0, 32
c6_27_next_415:
   3587 2dc0006f  jal x0, +732
c6_14_g4_222:
   3588 00e1fe63  bgeu gp, a4, +28
   3589 00d1fa63  bgeu gp, a3, +20
   3590 e94ff06f  jal x0, -2412
c6_14_p2_223:
   3591 e68ff06f  jal x0, -2456
c6_14_p3_224:
   3592 00000013  addi x0, x0, 0
   3593 e74ff06f  jal x0, -2444
c6_14_p5_225:
   3594 e98ff06f  jal x0, -2408
c6_14_p6_226:
   3595 00000013  addi x0, x0, 0
   3596 ea4ff06f  jal x0, -2396
c6_14_h7_221:
   3597 44103023  sd ra, 1088(x0)
   3598 44203423  sd sp, 1096(x0)
   3599 00000013  addi x0, x0, 0
   3600 ea8ff06f  jal x0, -2392
c6_15_g4_237:
   3601 00e1fe63  bgeu gp, a4, +28
   3602 00d1fa63  bgeu gp, a3, +20
   3603 f14ff06f  jal x0, -2284
c6_15_p2_238:
   3604 ee8ff06f  jal x0, -2328
c6_15_p3_239:
   3605 00000013  addi x0, x0, 0
   3606 ef4ff06f  jal x0, -2316
c6_15_p5_240:
   3607 f18ff06f  jal x0, -2280
c6_15_p6_241:
   3608 00000013  addi x0, x0, 0
   3609 f24ff06f  jal x0, -2268
c6_15_h7_236:
   3610 44103823  sd ra, 1104(x0)
   3611 44203c23  sd sp, 1112(x0)
   3612 00000013  addi x0, x0, 0
   3613 f28ff06f  jal x0, -2264
c6_16_g4_252:
   3614 00e1fe63  bgeu gp, a4, +28
   3615 00d1fa63  bgeu gp, a3, +20
   3616 f94ff06f  jal x0, -2156
c6_16_p2_253:
   3617 f68ff06f  jal x0, -2200
c6_16_p3_254:
   3618 00000013  addi x0, x0, 0
   3619 f74ff06f  jal x0, -2188
c6_16_p5_255:
   3620 f98ff06f  jal x0, -2152
c6_16_p6_256:
   3621 00000013  addi x0, x0, 0
   3622 fa4ff06f  jal x0, -2140
c6_16_h7_251:
   3623 46103023  sd ra, 1120(x0)
   3624 46203423  sd sp, 1128(x0)
   3625 00000013  addi x0, x0, 0
   3626 fa8ff06f  jal x0, -2136
c6_17_g4_267:
   3627 00e1fe63  bgeu gp, a4, +28
   3628 00d1fa63  bgeu gp, a3, +20
   3629 815ff06f  jal x0, -2028
c6_17_p2_268:
   3630 fe8ff06f  jal x0, -2072
c6_17_p3_269:
   3631 00000013  addi x0, x0, 0
   3632 ff4ff06f  jal x0, -2060
c6_17_p5_270:
   3633 819ff06f  jal x0, -2024
c6_17_p6_271:
   3634 00000013  addi x0, x0, 0
   3635 825ff06f  jal x0, -2012
c6_17_h7_266:
   3636 46103823  sd ra, 1136(x0)
   3637 46203c23  sd sp, 1144(x0)
   3638 00000013  addi x0, x0, 0
   3639 829ff06f  jal x0, -2008
c6_18_g4_282:
   3640 00e1fe63  bgeu gp, a4, +28
   3641 00d1fa63  bgeu gp, a3, +20
   3642 895ff06f  jal x0, -1900
c6_18_p2_283:
   3643 869ff06f  jal x0, -1944
c6_18_p3_284:
   3644 00000013  addi x0, x0, 0
   3645 875ff06f  jal x0, -1932
c6_18_p5_285:
   3646 899ff06f  jal x0, -1896
c6_18_p6_286:
   3647 00000013  addi x0, x0, 0
   3648 8a5ff06f  jal x0, -1884
c6_18_h7_281:
   3649 48103023  sd ra, 1152(x0)
   3650 48203423  sd sp, 1160(x0)
   3651 00000013  addi x0, x0, 0
   3652 8a9ff06f  jal x0, -1880
c6_19_g4_297:
   3653 00e1fe63  bgeu gp, a4, +28
   3654 00d1fa63  bgeu gp, a3, +20
   3655 915ff06f  jal x0, -1772
c6_19_p2_298:
   3656 8e9ff06f  jal x0, -1816
c6_19_p3_299:
   3657 00000013  addi x0, x0, 0
   3658 8f5ff06f  jal x0, -1804
c6_19_p5_300:
   3659 919ff06f  jal x0, -1768
c6_19_p6_301:
   3660 00000013  addi x0, x0, 0
   3661 925ff06f  jal x0, -1756
c6_19_h7_296:
   3662 48103823  sd ra, 1168(x0)
   3663 48203c23  sd sp, 1176(x0)
   3664 00000013  addi x0, x0, 0
   3665 929ff06f  jal x0, -1752
c6_20_g4_312:
   3666 00e1fe63  bgeu gp, a4, +28
   3667 00d1fa63  bgeu gp, a3, +20
   3668 995ff06f  jal x0, -1644
c6_20_p2_313:
   3669 969ff06f  jal x0, -1688
c6_20_p3_314:
   3670 00000013  addi x0, x0, 0
   3671 975ff06f  jal x0, -1676
c6_20_p5_315:
   3672 999ff06f  jal x0, -1640
c6_20_p6_316:
   3673 00000013  addi x0, x0, 0
   3674 9a5ff06f  jal x0, -1628
c6_20_h7_311:
   3675 4a103023  sd ra, 1184(x0)
   3676 4a203423  sd sp, 1192(x0)
   3677 00000013  addi x0, x0, 0
   3678 9a9ff06f  jal x0, -1624
c6_21_g4_327:
   3679 00e1fe63  bgeu gp, a4, +28
   3680 00d1fa63  bgeu gp, a3, +20
   3681 a15ff06f  jal x0, -1516
c6_21_p2_328:
   3682 9e9ff06f  jal x0, -1560
c6_21_p3_329:
   3683 00000013  addi x0, x0, 0
   3684 9f5ff06f  jal x0, -1548
c6_21_p5_330:
   3685 a19ff06f  jal x0, -1512
c6_21_p6_331:
   3686 00000013  addi x0, x0, 0
   3687 a25ff06f  jal x0, -1500
c6_21_h7_326:
   3688 4a103823  sd ra, 1200(x0)
   3689 4a203c23  sd sp, 1208(x0)
   3690 00000013  addi x0, x0, 0
   3691 a29ff06f  jal x0, -1496
c6_22_g4_342:
   3692 00e1fe63  bgeu gp, a4, +28
   3693 00d1fa63  bgeu gp, a3, +20
   3694 a95ff06f  jal x0, -1388
c6_22_p2_343:
   3695 a69ff06f  jal x0, -1432
c6_22_p3_344:
   3696 00000013  addi x0, x0, 0
   3697 a75ff06f  jal x0, -1420
c6_22_p5_345:
   3698 a99ff06f  jal x0, -1384
c6_22_p6_346:
   3699 00000013  addi x0, x0, 0
   3700 aa5ff06f  jal x0, -1372
c6_22_h7_341:
   3701 4c103023  sd ra, 1216(x0)
   3702 4c203423  sd sp, 1224(x0)
   3703 00000013  addi x0, x0, 0
   3704 aa9ff06f  jal x0, -1368
c6_23_g4_357:
   3705 00e1fe63  bgeu gp, a4, +28
   3706 00d1fa63  bgeu gp, a3, +20
   3707 b15ff06f  jal x0, -1260
c6_23_p2_358:
   3708 ae9ff06f  jal x0, -1304
c6_23_p3_359:
   3709 00000013  addi x0, x0, 0
   3710 af5ff06f  jal x0, -1292
c6_23_p5_360:
   3711 b19ff06f  jal x0, -1256
c6_23_p6_361:
   3712 00000013  addi x0, x0, 0
   3713 b25ff06f  jal x0, -1244
c6_23_h7_356:
   3714 4c103823  sd ra, 1232(x0)
   3715 4c203c23  sd sp, 1240(x0)
   3716 00000013  addi x0, x0, 0
   3717 b29ff06f  jal x0, -1240
c6_24_g4_372:
   3718 00e1fe63  bgeu gp, a4, +28
   3719 00d1fa63  bgeu gp, a3, +20
   3720 b95ff06f  jal x0, -1132
c6_24_p2_373:
   3721 b69ff06f  jal x0, -1176
c6_24_p3_374:
   3722 00000013  addi x0, x0, 0
   3723 b75ff06f  jal x0, -1164
c6_24_p5_375:
   3724 b99ff06f  jal x0, -1128
c6_24_p6_376:
   3725 00000013  addi x0, x0, 0
   3726 ba5ff06f  jal x0, -1116
c6_24_h7_371:
   3727 4e103023  sd ra, 1248(x0)
   3728 4e203423  sd sp, 1256(x0)
   3729 00000013  addi x0, x0, 0
   3730 ba9ff06f  jal x0, -1112
c6_25_g4_387:
   3731 00e1fe63  bgeu gp, a4, +28
   3732 00d1fa63  bgeu gp, a3, +20
   3733 c15ff06f  jal x0, -1004
c6_25_p2_388:
   3734 be9ff06f  jal x0, -1048
c6_25_p3_389:
   3735 00000013  addi x0, x0, 0
   3736 bf5ff06f  jal x0, -1036
c6_25_p5_390:
   3737 c19ff06f  jal x0, -1000
c6_25_p6_391:
   3738 00000013  addi x0, x0, 0
   3739 c25ff06f  jal x0, -988
c6_25_h7_386:
   3740 4e103823  sd ra, 1264(x0)
   3741 4e203c23  sd sp, 1272(x0)
   3742 00000013  addi x0, x0, 0
   3743 c29ff06f  jal x0, -984
c6_26_g4_402:
   3744 00e1fe63  bgeu gp, a4, +28
   3745 00d1fa63  bgeu gp, a3, +20
   3746 c95ff06f  jal x0, -876
c6_26_p2_403:
   3747 c69ff06f  jal x0, -920
c6_26_p3_404:
   3748 00000013  addi x0, x0, 0
   3749 c75ff06f  jal x0, -908
c6_26_p5_405:
   3750 c99ff06f  jal x0, -872
c6_26_p6_406:
   3751 00000013  addi x0, x0, 0
   3752 ca5ff06f  jal x0, -860
c6_26_h7_401:
   3753 50103023  sd ra, 1280(x0)
   3754 50203423  sd sp, 1288(x0)
   3755 00000013  addi x0, x0, 0
   3756 ca9ff06f  jal x0, -856
c6_27_g4_417:
   3757 00e1fe63  bgeu gp, a4, +28
   3758 00d1fa63  bgeu gp, a3, +20
   3759 d15ff06f  jal x0, -748
c6_27_p2_418:
   3760 ce9ff06f  jal x0, -792
c6_27_p3_419:
   3761 00000013  addi x0, x0, 0
   3762 cf5ff06f  jal x0, -780
c6_27_p5_420:
   3763 d19ff06f  jal x0, -744
c6_27_p6_421:
   3764 00000013  addi x0, x0, 0
   3765 d25ff06f  jal x0, -732
c6_27_h7_416:
   3766 50103823  sd ra, 1296(x0)
   3767 50203c23  sd sp, 1304(x0)
   3768 00000013  addi x0, x0, 0
   3769 d29ff06f  jal x0, -728
        ; chain lay=6 i=28
l6_after1_423:
c6_28_438:
   3770 02889193  slli gp, a7, 40
   3771 510ab083  ld ra, 1296(s5)
   3772 518ab103  ld sp, 1304(s5)
   3773 0e103023  sd ra, 224(x0)
   3774 0e203423  sd sp, 232(x0)
   3775 1ef1f6e3  bgeu gp, a5, +2540
   3776 1c91f2e3  bgeu gp, s1, +2500
   3777 1c81f8e3  bgeu gp, s0, +2512
   3778 1c71f4e3  bgeu gp, t2, +2504
   3779 0061fc63  bgeu gp, t1, +24
c6_28_s1_424:
   3780 0e000213  addi tp, x0, 224
   3781 00452223  sw tp, 4(a0)
   3782 00000073  ecall
   3783 02053823  sd x0, 48(a0)
   3784 02053c23  sd x0, 56(a0)
c6_28_s2_425:
   3785 0e100213  addi tp, x0, 225
   3786 00452223  sw tp, 4(a0)
   3787 00000073  ecall
   3788 02053823  sd x0, 48(a0)
   3789 02053c23  sd x0, 56(a0)
c6_28_s3_426:
   3790 0e200213  addi tp, x0, 226
   3791 00452223  sw tp, 4(a0)
   3792 00000073  ecall
   3793 02053823  sd x0, 48(a0)
   3794 02053c23  sd x0, 56(a0)
c6_28_s4_427:
   3795 0e300213  addi tp, x0, 227
   3796 00452223  sw tp, 4(a0)
   3797 00000073  ecall
   3798 02053823  sd x0, 48(a0)
   3799 02053c23  sd x0, 56(a0)
c6_28_s5_428:
   3800 0e400213  addi tp, x0, 228
   3801 00452223  sw tp, 4(a0)
   3802 00000073  ecall
   3803 02053823  sd x0, 48(a0)
   3804 02053c23  sd x0, 56(a0)
c6_28_s6_429:
   3805 0e500213  addi tp, x0, 229
   3806 00452223  sw tp, 4(a0)
   3807 00000073  ecall
   3808 02053823  sd x0, 48(a0)
   3809 02053c23  sd x0, 56(a0)
c6_28_s7_430:
   3810 0e600213  addi tp, x0, 230
   3811 00452223  sw tp, 4(a0)
   3812 52000613  addi a2, x0, 1312
   3813 00000073  ecall
   3814 02050613  addi a2, a0, 32
        ; chain lay=6 i=29
c6_28_next_431:
c6_29_453:
   3815 02589193  slli gp, a7, 37
   3816 520ab083  ld ra, 1312(s5)
   3817 528ab103  ld sp, 1320(s5)
   3818 0e103023  sd ra, 224(x0)
   3819 0e203423  sd sp, 232(x0)
   3820 16f1f6e3  bgeu gp, a5, +2412
   3821 1491f2e3  bgeu gp, s1, +2372
   3822 1481f8e3  bgeu gp, s0, +2384
   3823 1471f4e3  bgeu gp, t2, +2376
   3824 0061fc63  bgeu gp, t1, +24
c6_29_s1_439:
   3825 0e800213  addi tp, x0, 232
   3826 00452223  sw tp, 4(a0)
   3827 00000073  ecall
   3828 02053823  sd x0, 48(a0)
   3829 02053c23  sd x0, 56(a0)
c6_29_s2_440:
   3830 0e900213  addi tp, x0, 233
   3831 00452223  sw tp, 4(a0)
   3832 00000073  ecall
   3833 02053823  sd x0, 48(a0)
   3834 02053c23  sd x0, 56(a0)
c6_29_s3_441:
   3835 0ea00213  addi tp, x0, 234
   3836 00452223  sw tp, 4(a0)
   3837 00000073  ecall
   3838 02053823  sd x0, 48(a0)
   3839 02053c23  sd x0, 56(a0)
c6_29_s4_442:
   3840 0eb00213  addi tp, x0, 235
   3841 00452223  sw tp, 4(a0)
   3842 00000073  ecall
   3843 02053823  sd x0, 48(a0)
   3844 02053c23  sd x0, 56(a0)
c6_29_s5_443:
   3845 0ec00213  addi tp, x0, 236
   3846 00452223  sw tp, 4(a0)
   3847 00000073  ecall
   3848 02053823  sd x0, 48(a0)
   3849 02053c23  sd x0, 56(a0)
c6_29_s6_444:
   3850 0ed00213  addi tp, x0, 237
   3851 00452223  sw tp, 4(a0)
   3852 00000073  ecall
   3853 02053823  sd x0, 48(a0)
   3854 02053c23  sd x0, 56(a0)
c6_29_s7_445:
   3855 0ee00213  addi tp, x0, 238
   3856 00452223  sw tp, 4(a0)
   3857 53000613  addi a2, x0, 1328
   3858 00000073  ecall
   3859 02050613  addi a2, a0, 32
        ; chain lay=6 i=30
c6_29_next_446:
c6_30_468:
   3860 02289193  slli gp, a7, 34
   3861 530ab083  ld ra, 1328(s5)
   3862 538ab103  ld sp, 1336(s5)
   3863 0e103023  sd ra, 224(x0)
   3864 0e203423  sd sp, 232(x0)
   3865 0ef1f6e3  bgeu gp, a5, +2284
   3866 0c91f2e3  bgeu gp, s1, +2244
   3867 0c81f8e3  bgeu gp, s0, +2256
   3868 0c71f4e3  bgeu gp, t2, +2248
   3869 0061fc63  bgeu gp, t1, +24
c6_30_s1_454:
   3870 0f000213  addi tp, x0, 240
   3871 00452223  sw tp, 4(a0)
   3872 00000073  ecall
   3873 02053823  sd x0, 48(a0)
   3874 02053c23  sd x0, 56(a0)
c6_30_s2_455:
   3875 0f100213  addi tp, x0, 241
   3876 00452223  sw tp, 4(a0)
   3877 00000073  ecall
   3878 02053823  sd x0, 48(a0)
   3879 02053c23  sd x0, 56(a0)
c6_30_s3_456:
   3880 0f200213  addi tp, x0, 242
   3881 00452223  sw tp, 4(a0)
   3882 00000073  ecall
   3883 02053823  sd x0, 48(a0)
   3884 02053c23  sd x0, 56(a0)
c6_30_s4_457:
   3885 0f300213  addi tp, x0, 243
   3886 00452223  sw tp, 4(a0)
   3887 00000073  ecall
   3888 02053823  sd x0, 48(a0)
   3889 02053c23  sd x0, 56(a0)
c6_30_s5_458:
   3890 0f400213  addi tp, x0, 244
   3891 00452223  sw tp, 4(a0)
   3892 00000073  ecall
   3893 02053823  sd x0, 48(a0)
   3894 02053c23  sd x0, 56(a0)
c6_30_s6_459:
   3895 0f500213  addi tp, x0, 245
   3896 00452223  sw tp, 4(a0)
   3897 00000073  ecall
   3898 02053823  sd x0, 48(a0)
   3899 02053c23  sd x0, 56(a0)
c6_30_s7_460:
   3900 0f600213  addi tp, x0, 246
   3901 00452223  sw tp, 4(a0)
   3902 54000613  addi a2, x0, 1344
   3903 00000073  ecall
   3904 02050613  addi a2, a0, 32
        ; chain lay=6 i=31
c6_30_next_461:
c6_31_483:
   3905 01f89193  slli gp, a7, 31
   3906 540ab083  ld ra, 1344(s5)
   3907 548ab103  ld sp, 1352(s5)
   3908 0e103023  sd ra, 224(x0)
   3909 0e203423  sd sp, 232(x0)
   3910 06f1f6e3  bgeu gp, a5, +2156
   3911 0491f2e3  bgeu gp, s1, +2116
   3912 0481f8e3  bgeu gp, s0, +2128
   3913 0471f4e3  bgeu gp, t2, +2120
   3914 0061fc63  bgeu gp, t1, +24
c6_31_s1_469:
   3915 0f800213  addi tp, x0, 248
   3916 00452223  sw tp, 4(a0)
   3917 00000073  ecall
   3918 02053823  sd x0, 48(a0)
   3919 02053c23  sd x0, 56(a0)
c6_31_s2_470:
   3920 0f900213  addi tp, x0, 249
   3921 00452223  sw tp, 4(a0)
   3922 00000073  ecall
   3923 02053823  sd x0, 48(a0)
   3924 02053c23  sd x0, 56(a0)
c6_31_s3_471:
   3925 0fa00213  addi tp, x0, 250
   3926 00452223  sw tp, 4(a0)
   3927 00000073  ecall
   3928 02053823  sd x0, 48(a0)
   3929 02053c23  sd x0, 56(a0)
c6_31_s4_472:
   3930 0fb00213  addi tp, x0, 251
   3931 00452223  sw tp, 4(a0)
   3932 00000073  ecall
   3933 02053823  sd x0, 48(a0)
   3934 02053c23  sd x0, 56(a0)
c6_31_s5_473:
   3935 0fc00213  addi tp, x0, 252
   3936 00452223  sw tp, 4(a0)
   3937 00000073  ecall
   3938 02053823  sd x0, 48(a0)
   3939 02053c23  sd x0, 56(a0)
c6_31_s6_474:
   3940 0fd00213  addi tp, x0, 253
   3941 00452223  sw tp, 4(a0)
   3942 00000073  ecall
   3943 02053823  sd x0, 48(a0)
   3944 02053c23  sd x0, 56(a0)
c6_31_s7_475:
   3945 0fe00213  addi tp, x0, 254
   3946 00452223  sw tp, 4(a0)
   3947 55000613  addi a2, x0, 1360
   3948 00000073  ecall
   3949 02050613  addi a2, a0, 32
        ; chain lay=6 i=32
c6_31_next_476:
c6_32_498:
   3950 01c89193  slli gp, a7, 28
   3951 550ab083  ld ra, 1360(s5)
   3952 558ab103  ld sp, 1368(s5)
   3953 0e103023  sd ra, 224(x0)
   3954 0e203423  sd sp, 232(x0)
   3955 7ef1f663  bgeu gp, a5, +2028
   3956 7c91f263  bgeu gp, s1, +1988
   3957 7c81f863  bgeu gp, s0, +2000
   3958 7c71f463  bgeu gp, t2, +1992
   3959 0061fc63  bgeu gp, t1, +24
c6_32_s1_484:
   3960 10000213  addi tp, x0, 256
   3961 00452223  sw tp, 4(a0)
   3962 00000073  ecall
   3963 02053823  sd x0, 48(a0)
   3964 02053c23  sd x0, 56(a0)
c6_32_s2_485:
   3965 10100213  addi tp, x0, 257
   3966 00452223  sw tp, 4(a0)
   3967 00000073  ecall
   3968 02053823  sd x0, 48(a0)
   3969 02053c23  sd x0, 56(a0)
c6_32_s3_486:
   3970 10200213  addi tp, x0, 258
   3971 00452223  sw tp, 4(a0)
   3972 00000073  ecall
   3973 02053823  sd x0, 48(a0)
   3974 02053c23  sd x0, 56(a0)
c6_32_s4_487:
   3975 10300213  addi tp, x0, 259
   3976 00452223  sw tp, 4(a0)
   3977 00000073  ecall
   3978 02053823  sd x0, 48(a0)
   3979 02053c23  sd x0, 56(a0)
c6_32_s5_488:
   3980 10400213  addi tp, x0, 260
   3981 00452223  sw tp, 4(a0)
   3982 00000073  ecall
   3983 02053823  sd x0, 48(a0)
   3984 02053c23  sd x0, 56(a0)
c6_32_s6_489:
   3985 10500213  addi tp, x0, 261
   3986 00452223  sw tp, 4(a0)
   3987 00000073  ecall
   3988 02053823  sd x0, 48(a0)
   3989 02053c23  sd x0, 56(a0)
c6_32_s7_490:
   3990 10600213  addi tp, x0, 262
   3991 00452223  sw tp, 4(a0)
   3992 56000613  addi a2, x0, 1376
   3993 00000073  ecall
   3994 02050613  addi a2, a0, 32
        ; chain lay=6 i=33
c6_32_next_491:
c6_33_513:
   3995 01989193  slli gp, a7, 25
   3996 560ab083  ld ra, 1376(s5)
   3997 568ab103  ld sp, 1384(s5)
   3998 0e103023  sd ra, 224(x0)
   3999 0e203423  sd sp, 232(x0)
   4000 76f1f663  bgeu gp, a5, +1900
   4001 7491f263  bgeu gp, s1, +1860
   4002 7481f863  bgeu gp, s0, +1872
   4003 7471f463  bgeu gp, t2, +1864
   4004 0061fc63  bgeu gp, t1, +24
c6_33_s1_499:
   4005 10800213  addi tp, x0, 264
   4006 00452223  sw tp, 4(a0)
   4007 00000073  ecall
   4008 02053823  sd x0, 48(a0)
   4009 02053c23  sd x0, 56(a0)
c6_33_s2_500:
   4010 10900213  addi tp, x0, 265
   4011 00452223  sw tp, 4(a0)
   4012 00000073  ecall
   4013 02053823  sd x0, 48(a0)
   4014 02053c23  sd x0, 56(a0)
c6_33_s3_501:
   4015 10a00213  addi tp, x0, 266
   4016 00452223  sw tp, 4(a0)
   4017 00000073  ecall
   4018 02053823  sd x0, 48(a0)
   4019 02053c23  sd x0, 56(a0)
c6_33_s4_502:
   4020 10b00213  addi tp, x0, 267
   4021 00452223  sw tp, 4(a0)
   4022 00000073  ecall
   4023 02053823  sd x0, 48(a0)
   4024 02053c23  sd x0, 56(a0)
c6_33_s5_503:
   4025 10c00213  addi tp, x0, 268
   4026 00452223  sw tp, 4(a0)
   4027 00000073  ecall
   4028 02053823  sd x0, 48(a0)
   4029 02053c23  sd x0, 56(a0)
c6_33_s6_504:
   4030 10d00213  addi tp, x0, 269
   4031 00452223  sw tp, 4(a0)
   4032 00000073  ecall
   4033 02053823  sd x0, 48(a0)
   4034 02053c23  sd x0, 56(a0)
c6_33_s7_505:
   4035 10e00213  addi tp, x0, 270
   4036 00452223  sw tp, 4(a0)
   4037 57000613  addi a2, x0, 1392
   4038 00000073  ecall
   4039 02050613  addi a2, a0, 32
        ; chain lay=6 i=34
c6_33_next_506:
c6_34_528:
   4040 01689193  slli gp, a7, 22
   4041 570ab083  ld ra, 1392(s5)
   4042 578ab103  ld sp, 1400(s5)
   4043 0e103023  sd ra, 224(x0)
   4044 0e203423  sd sp, 232(x0)
   4045 6ef1f663  bgeu gp, a5, +1772
   4046 6c91f263  bgeu gp, s1, +1732
   4047 6c81f863  bgeu gp, s0, +1744
   4048 6c71f463  bgeu gp, t2, +1736
   4049 0061fc63  bgeu gp, t1, +24
c6_34_s1_514:
   4050 11000213  addi tp, x0, 272
   4051 00452223  sw tp, 4(a0)
   4052 00000073  ecall
   4053 02053823  sd x0, 48(a0)
   4054 02053c23  sd x0, 56(a0)
c6_34_s2_515:
   4055 11100213  addi tp, x0, 273
   4056 00452223  sw tp, 4(a0)
   4057 00000073  ecall
   4058 02053823  sd x0, 48(a0)
   4059 02053c23  sd x0, 56(a0)
c6_34_s3_516:
   4060 11200213  addi tp, x0, 274
   4061 00452223  sw tp, 4(a0)
   4062 00000073  ecall
   4063 02053823  sd x0, 48(a0)
   4064 02053c23  sd x0, 56(a0)
c6_34_s4_517:
   4065 11300213  addi tp, x0, 275
   4066 00452223  sw tp, 4(a0)
   4067 00000073  ecall
   4068 02053823  sd x0, 48(a0)
   4069 02053c23  sd x0, 56(a0)
c6_34_s5_518:
   4070 11400213  addi tp, x0, 276
   4071 00452223  sw tp, 4(a0)
   4072 00000073  ecall
   4073 02053823  sd x0, 48(a0)
   4074 02053c23  sd x0, 56(a0)
c6_34_s6_519:
   4075 11500213  addi tp, x0, 277
   4076 00452223  sw tp, 4(a0)
   4077 00000073  ecall
   4078 02053823  sd x0, 48(a0)
   4079 02053c23  sd x0, 56(a0)
c6_34_s7_520:
   4080 11600213  addi tp, x0, 278
   4081 00452223  sw tp, 4(a0)
   4082 58000613  addi a2, x0, 1408
   4083 00000073  ecall
   4084 02050613  addi a2, a0, 32
        ; chain lay=6 i=35
c6_34_next_521:
c6_35_543:
   4085 01389193  slli gp, a7, 19
   4086 580ab083  ld ra, 1408(s5)
   4087 588ab103  ld sp, 1416(s5)
   4088 0e103023  sd ra, 224(x0)
   4089 0e203423  sd sp, 232(x0)
   4090 66f1f663  bgeu gp, a5, +1644
   4091 6491f263  bgeu gp, s1, +1604
   4092 6481f863  bgeu gp, s0, +1616
   4093 6471f463  bgeu gp, t2, +1608
   4094 0061fc63  bgeu gp, t1, +24
c6_35_s1_529:
   4095 11800213  addi tp, x0, 280
   4096 00452223  sw tp, 4(a0)
   4097 00000073  ecall
   4098 02053823  sd x0, 48(a0)
   4099 02053c23  sd x0, 56(a0)
c6_35_s2_530:
   4100 11900213  addi tp, x0, 281
   4101 00452223  sw tp, 4(a0)
   4102 00000073  ecall
   4103 02053823  sd x0, 48(a0)
   4104 02053c23  sd x0, 56(a0)
c6_35_s3_531:
   4105 11a00213  addi tp, x0, 282
   4106 00452223  sw tp, 4(a0)
   4107 00000073  ecall
   4108 02053823  sd x0, 48(a0)
   4109 02053c23  sd x0, 56(a0)
c6_35_s4_532:
   4110 11b00213  addi tp, x0, 283
   4111 00452223  sw tp, 4(a0)
   4112 00000073  ecall
   4113 02053823  sd x0, 48(a0)
   4114 02053c23  sd x0, 56(a0)
c6_35_s5_533:
   4115 11c00213  addi tp, x0, 284
   4116 00452223  sw tp, 4(a0)
   4117 00000073  ecall
   4118 02053823  sd x0, 48(a0)
   4119 02053c23  sd x0, 56(a0)
c6_35_s6_534:
   4120 11d00213  addi tp, x0, 285
   4121 00452223  sw tp, 4(a0)
   4122 00000073  ecall
   4123 02053823  sd x0, 48(a0)
   4124 02053c23  sd x0, 56(a0)
c6_35_s7_535:
   4125 11e00213  addi tp, x0, 286
   4126 00452223  sw tp, 4(a0)
   4127 59000613  addi a2, x0, 1424
   4128 00000073  ecall
   4129 02050613  addi a2, a0, 32
        ; chain lay=6 i=36
c6_35_next_536:
c6_36_558:
   4130 01089193  slli gp, a7, 16
   4131 590ab083  ld ra, 1424(s5)
   4132 598ab103  ld sp, 1432(s5)
   4133 0e103023  sd ra, 224(x0)
   4134 0e203423  sd sp, 232(x0)
   4135 5ef1f663  bgeu gp, a5, +1516
   4136 5c91f263  bgeu gp, s1, +1476
   4137 5c81f863  bgeu gp, s0, +1488
   4138 5c71f463  bgeu gp, t2, +1480
   4139 0061fc63  bgeu gp, t1, +24
c6_36_s1_544:
   4140 12000213  addi tp, x0, 288
   4141 00452223  sw tp, 4(a0)
   4142 00000073  ecall
   4143 02053823  sd x0, 48(a0)
   4144 02053c23  sd x0, 56(a0)
c6_36_s2_545:
   4145 12100213  addi tp, x0, 289
   4146 00452223  sw tp, 4(a0)
   4147 00000073  ecall
   4148 02053823  sd x0, 48(a0)
   4149 02053c23  sd x0, 56(a0)
c6_36_s3_546:
   4150 12200213  addi tp, x0, 290
   4151 00452223  sw tp, 4(a0)
   4152 00000073  ecall
   4153 02053823  sd x0, 48(a0)
   4154 02053c23  sd x0, 56(a0)
c6_36_s4_547:
   4155 12300213  addi tp, x0, 291
   4156 00452223  sw tp, 4(a0)
   4157 00000073  ecall
   4158 02053823  sd x0, 48(a0)
   4159 02053c23  sd x0, 56(a0)
c6_36_s5_548:
   4160 12400213  addi tp, x0, 292
   4161 00452223  sw tp, 4(a0)
   4162 00000073  ecall
   4163 02053823  sd x0, 48(a0)
   4164 02053c23  sd x0, 56(a0)
c6_36_s6_549:
   4165 12500213  addi tp, x0, 293
   4166 00452223  sw tp, 4(a0)
   4167 00000073  ecall
   4168 02053823  sd x0, 48(a0)
   4169 02053c23  sd x0, 56(a0)
c6_36_s7_550:
   4170 12600213  addi tp, x0, 294
   4171 00452223  sw tp, 4(a0)
   4172 5a000613  addi a2, x0, 1440
   4173 00000073  ecall
   4174 02050613  addi a2, a0, 32
        ; chain lay=6 i=37
c6_36_next_551:
c6_37_573:
   4175 00d89193  slli gp, a7, 13
   4176 5a0ab083  ld ra, 1440(s5)
   4177 5a8ab103  ld sp, 1448(s5)
   4178 0e103023  sd ra, 224(x0)
   4179 0e203423  sd sp, 232(x0)
   4180 56f1f663  bgeu gp, a5, +1388
   4181 5491f263  bgeu gp, s1, +1348
   4182 5481f863  bgeu gp, s0, +1360
   4183 5471f463  bgeu gp, t2, +1352
   4184 0061fc63  bgeu gp, t1, +24
c6_37_s1_559:
   4185 12800213  addi tp, x0, 296
   4186 00452223  sw tp, 4(a0)
   4187 00000073  ecall
   4188 02053823  sd x0, 48(a0)
   4189 02053c23  sd x0, 56(a0)
c6_37_s2_560:
   4190 12900213  addi tp, x0, 297
   4191 00452223  sw tp, 4(a0)
   4192 00000073  ecall
   4193 02053823  sd x0, 48(a0)
   4194 02053c23  sd x0, 56(a0)
c6_37_s3_561:
   4195 12a00213  addi tp, x0, 298
   4196 00452223  sw tp, 4(a0)
   4197 00000073  ecall
   4198 02053823  sd x0, 48(a0)
   4199 02053c23  sd x0, 56(a0)
c6_37_s4_562:
   4200 12b00213  addi tp, x0, 299
   4201 00452223  sw tp, 4(a0)
   4202 00000073  ecall
   4203 02053823  sd x0, 48(a0)
   4204 02053c23  sd x0, 56(a0)
c6_37_s5_563:
   4205 12c00213  addi tp, x0, 300
   4206 00452223  sw tp, 4(a0)
   4207 00000073  ecall
   4208 02053823  sd x0, 48(a0)
   4209 02053c23  sd x0, 56(a0)
c6_37_s6_564:
   4210 12d00213  addi tp, x0, 301
   4211 00452223  sw tp, 4(a0)
   4212 00000073  ecall
   4213 02053823  sd x0, 48(a0)
   4214 02053c23  sd x0, 56(a0)
c6_37_s7_565:
   4215 12e00213  addi tp, x0, 302
   4216 00452223  sw tp, 4(a0)
   4217 5b000613  addi a2, x0, 1456
   4218 00000073  ecall
   4219 02050613  addi a2, a0, 32
        ; chain lay=6 i=38
c6_37_next_566:
c6_38_588:
   4220 00a89193  slli gp, a7, 10
   4221 5b0ab083  ld ra, 1456(s5)
   4222 5b8ab103  ld sp, 1464(s5)
   4223 0e103023  sd ra, 224(x0)
   4224 0e203423  sd sp, 232(x0)
   4225 4ef1f663  bgeu gp, a5, +1260
   4226 4c91f263  bgeu gp, s1, +1220
   4227 4c81f863  bgeu gp, s0, +1232
   4228 4c71f463  bgeu gp, t2, +1224
   4229 0061fc63  bgeu gp, t1, +24
c6_38_s1_574:
   4230 13000213  addi tp, x0, 304
   4231 00452223  sw tp, 4(a0)
   4232 00000073  ecall
   4233 02053823  sd x0, 48(a0)
   4234 02053c23  sd x0, 56(a0)
c6_38_s2_575:
   4235 13100213  addi tp, x0, 305
   4236 00452223  sw tp, 4(a0)
   4237 00000073  ecall
   4238 02053823  sd x0, 48(a0)
   4239 02053c23  sd x0, 56(a0)
c6_38_s3_576:
   4240 13200213  addi tp, x0, 306
   4241 00452223  sw tp, 4(a0)
   4242 00000073  ecall
   4243 02053823  sd x0, 48(a0)
   4244 02053c23  sd x0, 56(a0)
c6_38_s4_577:
   4245 13300213  addi tp, x0, 307
   4246 00452223  sw tp, 4(a0)
   4247 00000073  ecall
   4248 02053823  sd x0, 48(a0)
   4249 02053c23  sd x0, 56(a0)
c6_38_s5_578:
   4250 13400213  addi tp, x0, 308
   4251 00452223  sw tp, 4(a0)
   4252 00000073  ecall
   4253 02053823  sd x0, 48(a0)
   4254 02053c23  sd x0, 56(a0)
c6_38_s6_579:
   4255 13500213  addi tp, x0, 309
   4256 00452223  sw tp, 4(a0)
   4257 00000073  ecall
   4258 02053823  sd x0, 48(a0)
   4259 02053c23  sd x0, 56(a0)
c6_38_s7_580:
   4260 13600213  addi tp, x0, 310
   4261 00452223  sw tp, 4(a0)
   4262 5c000613  addi a2, x0, 1472
   4263 00000073  ecall
   4264 02050613  addi a2, a0, 32
        ; chain lay=6 i=39
c6_38_next_581:
c6_39_603:
   4265 00789193  slli gp, a7, 7
   4266 5c0ab083  ld ra, 1472(s5)
   4267 5c8ab103  ld sp, 1480(s5)
   4268 0e103023  sd ra, 224(x0)
   4269 0e203423  sd sp, 232(x0)
   4270 46f1f663  bgeu gp, a5, +1132
   4271 4491f263  bgeu gp, s1, +1092
   4272 4481f863  bgeu gp, s0, +1104
   4273 4471f463  bgeu gp, t2, +1096
   4274 0061fc63  bgeu gp, t1, +24
c6_39_s1_589:
   4275 13800213  addi tp, x0, 312
   4276 00452223  sw tp, 4(a0)
   4277 00000073  ecall
   4278 02053823  sd x0, 48(a0)
   4279 02053c23  sd x0, 56(a0)
c6_39_s2_590:
   4280 13900213  addi tp, x0, 313
   4281 00452223  sw tp, 4(a0)
   4282 00000073  ecall
   4283 02053823  sd x0, 48(a0)
   4284 02053c23  sd x0, 56(a0)
c6_39_s3_591:
   4285 13a00213  addi tp, x0, 314
   4286 00452223  sw tp, 4(a0)
   4287 00000073  ecall
   4288 02053823  sd x0, 48(a0)
   4289 02053c23  sd x0, 56(a0)
c6_39_s4_592:
   4290 13b00213  addi tp, x0, 315
   4291 00452223  sw tp, 4(a0)
   4292 00000073  ecall
   4293 02053823  sd x0, 48(a0)
   4294 02053c23  sd x0, 56(a0)
c6_39_s5_593:
   4295 13c00213  addi tp, x0, 316
   4296 00452223  sw tp, 4(a0)
   4297 00000073  ecall
   4298 02053823  sd x0, 48(a0)
   4299 02053c23  sd x0, 56(a0)
c6_39_s6_594:
   4300 13d00213  addi tp, x0, 317
   4301 00452223  sw tp, 4(a0)
   4302 00000073  ecall
   4303 02053823  sd x0, 48(a0)
   4304 02053c23  sd x0, 56(a0)
c6_39_s7_595:
   4305 13e00213  addi tp, x0, 318
   4306 00452223  sw tp, 4(a0)
   4307 5d000613  addi a2, x0, 1488
   4308 00000073  ecall
   4309 02050613  addi a2, a0, 32
        ; chain lay=6 i=40
c6_39_next_596:
c6_40_618:
   4310 00489193  slli gp, a7, 4
   4311 5d0ab083  ld ra, 1488(s5)
   4312 5d8ab103  ld sp, 1496(s5)
   4313 0e103023  sd ra, 224(x0)
   4314 0e203423  sd sp, 232(x0)
   4315 3ef1f663  bgeu gp, a5, +1004
   4316 3c91f263  bgeu gp, s1, +964
   4317 3c81f863  bgeu gp, s0, +976
   4318 3c71f463  bgeu gp, t2, +968
   4319 0061fc63  bgeu gp, t1, +24
c6_40_s1_604:
   4320 14000213  addi tp, x0, 320
   4321 00452223  sw tp, 4(a0)
   4322 00000073  ecall
   4323 02053823  sd x0, 48(a0)
   4324 02053c23  sd x0, 56(a0)
c6_40_s2_605:
   4325 14100213  addi tp, x0, 321
   4326 00452223  sw tp, 4(a0)
   4327 00000073  ecall
   4328 02053823  sd x0, 48(a0)
   4329 02053c23  sd x0, 56(a0)
c6_40_s3_606:
   4330 14200213  addi tp, x0, 322
   4331 00452223  sw tp, 4(a0)
   4332 00000073  ecall
   4333 02053823  sd x0, 48(a0)
   4334 02053c23  sd x0, 56(a0)
c6_40_s4_607:
   4335 14300213  addi tp, x0, 323
   4336 00452223  sw tp, 4(a0)
   4337 00000073  ecall
   4338 02053823  sd x0, 48(a0)
   4339 02053c23  sd x0, 56(a0)
c6_40_s5_608:
   4340 14400213  addi tp, x0, 324
   4341 00452223  sw tp, 4(a0)
   4342 00000073  ecall
   4343 02053823  sd x0, 48(a0)
   4344 02053c23  sd x0, 56(a0)
c6_40_s6_609:
   4345 14500213  addi tp, x0, 325
   4346 00452223  sw tp, 4(a0)
   4347 00000073  ecall
   4348 02053823  sd x0, 48(a0)
   4349 02053c23  sd x0, 56(a0)
c6_40_s7_610:
   4350 14600213  addi tp, x0, 326
   4351 00452223  sw tp, 4(a0)
   4352 5e000613  addi a2, x0, 1504
   4353 00000073  ecall
   4354 02050613  addi a2, a0, 32
        ; chain lay=6 i=41
c6_40_next_611:
c6_41_633:
   4355 00189193  slli gp, a7, 1
   4356 5e0ab083  ld ra, 1504(s5)
   4357 5e8ab103  ld sp, 1512(s5)
   4358 0e103023  sd ra, 224(x0)
   4359 0e203423  sd sp, 232(x0)
   4360 36f1f663  bgeu gp, a5, +876
   4361 3491f263  bgeu gp, s1, +836
   4362 3481f863  bgeu gp, s0, +848
   4363 3471f463  bgeu gp, t2, +840
   4364 0061fc63  bgeu gp, t1, +24
c6_41_s1_619:
   4365 14800213  addi tp, x0, 328
   4366 00452223  sw tp, 4(a0)
   4367 00000073  ecall
   4368 02053823  sd x0, 48(a0)
   4369 02053c23  sd x0, 56(a0)
c6_41_s2_620:
   4370 14900213  addi tp, x0, 329
   4371 00452223  sw tp, 4(a0)
   4372 00000073  ecall
   4373 02053823  sd x0, 48(a0)
   4374 02053c23  sd x0, 56(a0)
c6_41_s3_621:
   4375 14a00213  addi tp, x0, 330
   4376 00452223  sw tp, 4(a0)
   4377 00000073  ecall
   4378 02053823  sd x0, 48(a0)
   4379 02053c23  sd x0, 56(a0)
c6_41_s4_622:
   4380 14b00213  addi tp, x0, 331
   4381 00452223  sw tp, 4(a0)
   4382 00000073  ecall
   4383 02053823  sd x0, 48(a0)
   4384 02053c23  sd x0, 56(a0)
c6_41_s5_623:
   4385 14c00213  addi tp, x0, 332
   4386 00452223  sw tp, 4(a0)
   4387 00000073  ecall
   4388 02053823  sd x0, 48(a0)
   4389 02053c23  sd x0, 56(a0)
c6_41_s6_624:
   4390 14d00213  addi tp, x0, 333
   4391 00452223  sw tp, 4(a0)
   4392 00000073  ecall
   4393 02053823  sd x0, 48(a0)
   4394 02053c23  sd x0, 56(a0)
c6_41_s7_625:
   4395 14e00213  addi tp, x0, 334
   4396 00452223  sw tp, 4(a0)
   4397 5f000613  addi a2, x0, 1520
   4398 00000073  ecall
   4399 02050613  addi a2, a0, 32
c6_41_next_626:
   4400 2dc0006f  jal x0, +732
c6_28_g4_433:
   4401 00e1fe63  bgeu gp, a4, +28
   4402 00d1fa63  bgeu gp, a3, +20
   4403 e94ff06f  jal x0, -2412
c6_28_p2_434:
   4404 e68ff06f  jal x0, -2456
c6_28_p3_435:
   4405 00000013  addi x0, x0, 0
   4406 e74ff06f  jal x0, -2444
c6_28_p5_436:
   4407 e98ff06f  jal x0, -2408
c6_28_p6_437:
   4408 00000013  addi x0, x0, 0
   4409 ea4ff06f  jal x0, -2396
c6_28_h7_432:
   4410 52103023  sd ra, 1312(x0)
   4411 52203423  sd sp, 1320(x0)
   4412 00000013  addi x0, x0, 0
   4413 ea8ff06f  jal x0, -2392
c6_29_g4_448:
   4414 00e1fe63  bgeu gp, a4, +28
   4415 00d1fa63  bgeu gp, a3, +20
   4416 f14ff06f  jal x0, -2284
c6_29_p2_449:
   4417 ee8ff06f  jal x0, -2328
c6_29_p3_450:
   4418 00000013  addi x0, x0, 0
   4419 ef4ff06f  jal x0, -2316
c6_29_p5_451:
   4420 f18ff06f  jal x0, -2280
c6_29_p6_452:
   4421 00000013  addi x0, x0, 0
   4422 f24ff06f  jal x0, -2268
c6_29_h7_447:
   4423 52103823  sd ra, 1328(x0)
   4424 52203c23  sd sp, 1336(x0)
   4425 00000013  addi x0, x0, 0
   4426 f28ff06f  jal x0, -2264
c6_30_g4_463:
   4427 00e1fe63  bgeu gp, a4, +28
   4428 00d1fa63  bgeu gp, a3, +20
   4429 f94ff06f  jal x0, -2156
c6_30_p2_464:
   4430 f68ff06f  jal x0, -2200
c6_30_p3_465:
   4431 00000013  addi x0, x0, 0
   4432 f74ff06f  jal x0, -2188
c6_30_p5_466:
   4433 f98ff06f  jal x0, -2152
c6_30_p6_467:
   4434 00000013  addi x0, x0, 0
   4435 fa4ff06f  jal x0, -2140
c6_30_h7_462:
   4436 54103023  sd ra, 1344(x0)
   4437 54203423  sd sp, 1352(x0)
   4438 00000013  addi x0, x0, 0
   4439 fa8ff06f  jal x0, -2136
c6_31_g4_478:
   4440 00e1fe63  bgeu gp, a4, +28
   4441 00d1fa63  bgeu gp, a3, +20
   4442 815ff06f  jal x0, -2028
c6_31_p2_479:
   4443 fe8ff06f  jal x0, -2072
c6_31_p3_480:
   4444 00000013  addi x0, x0, 0
   4445 ff4ff06f  jal x0, -2060
c6_31_p5_481:
   4446 819ff06f  jal x0, -2024
c6_31_p6_482:
   4447 00000013  addi x0, x0, 0
   4448 825ff06f  jal x0, -2012
c6_31_h7_477:
   4449 54103823  sd ra, 1360(x0)
   4450 54203c23  sd sp, 1368(x0)
   4451 00000013  addi x0, x0, 0
   4452 829ff06f  jal x0, -2008
c6_32_g4_493:
   4453 00e1fe63  bgeu gp, a4, +28
   4454 00d1fa63  bgeu gp, a3, +20
   4455 895ff06f  jal x0, -1900
c6_32_p2_494:
   4456 869ff06f  jal x0, -1944
c6_32_p3_495:
   4457 00000013  addi x0, x0, 0
   4458 875ff06f  jal x0, -1932
c6_32_p5_496:
   4459 899ff06f  jal x0, -1896
c6_32_p6_497:
   4460 00000013  addi x0, x0, 0
   4461 8a5ff06f  jal x0, -1884
c6_32_h7_492:
   4462 56103023  sd ra, 1376(x0)
   4463 56203423  sd sp, 1384(x0)
   4464 00000013  addi x0, x0, 0
   4465 8a9ff06f  jal x0, -1880
c6_33_g4_508:
   4466 00e1fe63  bgeu gp, a4, +28
   4467 00d1fa63  bgeu gp, a3, +20
   4468 915ff06f  jal x0, -1772
c6_33_p2_509:
   4469 8e9ff06f  jal x0, -1816
c6_33_p3_510:
   4470 00000013  addi x0, x0, 0
   4471 8f5ff06f  jal x0, -1804
c6_33_p5_511:
   4472 919ff06f  jal x0, -1768
c6_33_p6_512:
   4473 00000013  addi x0, x0, 0
   4474 925ff06f  jal x0, -1756
c6_33_h7_507:
   4475 56103823  sd ra, 1392(x0)
   4476 56203c23  sd sp, 1400(x0)
   4477 00000013  addi x0, x0, 0
   4478 929ff06f  jal x0, -1752
c6_34_g4_523:
   4479 00e1fe63  bgeu gp, a4, +28
   4480 00d1fa63  bgeu gp, a3, +20
   4481 995ff06f  jal x0, -1644
c6_34_p2_524:
   4482 969ff06f  jal x0, -1688
c6_34_p3_525:
   4483 00000013  addi x0, x0, 0
   4484 975ff06f  jal x0, -1676
c6_34_p5_526:
   4485 999ff06f  jal x0, -1640
c6_34_p6_527:
   4486 00000013  addi x0, x0, 0
   4487 9a5ff06f  jal x0, -1628
c6_34_h7_522:
   4488 58103023  sd ra, 1408(x0)
   4489 58203423  sd sp, 1416(x0)
   4490 00000013  addi x0, x0, 0
   4491 9a9ff06f  jal x0, -1624
c6_35_g4_538:
   4492 00e1fe63  bgeu gp, a4, +28
   4493 00d1fa63  bgeu gp, a3, +20
   4494 a15ff06f  jal x0, -1516
c6_35_p2_539:
   4495 9e9ff06f  jal x0, -1560
c6_35_p3_540:
   4496 00000013  addi x0, x0, 0
   4497 9f5ff06f  jal x0, -1548
c6_35_p5_541:
   4498 a19ff06f  jal x0, -1512
c6_35_p6_542:
   4499 00000013  addi x0, x0, 0
   4500 a25ff06f  jal x0, -1500
c6_35_h7_537:
   4501 58103823  sd ra, 1424(x0)
   4502 58203c23  sd sp, 1432(x0)
   4503 00000013  addi x0, x0, 0
   4504 a29ff06f  jal x0, -1496
c6_36_g4_553:
   4505 00e1fe63  bgeu gp, a4, +28
   4506 00d1fa63  bgeu gp, a3, +20
   4507 a95ff06f  jal x0, -1388
c6_36_p2_554:
   4508 a69ff06f  jal x0, -1432
c6_36_p3_555:
   4509 00000013  addi x0, x0, 0
   4510 a75ff06f  jal x0, -1420
c6_36_p5_556:
   4511 a99ff06f  jal x0, -1384
c6_36_p6_557:
   4512 00000013  addi x0, x0, 0
   4513 aa5ff06f  jal x0, -1372
c6_36_h7_552:
   4514 5a103023  sd ra, 1440(x0)
   4515 5a203423  sd sp, 1448(x0)
   4516 00000013  addi x0, x0, 0
   4517 aa9ff06f  jal x0, -1368
c6_37_g4_568:
   4518 00e1fe63  bgeu gp, a4, +28
   4519 00d1fa63  bgeu gp, a3, +20
   4520 b15ff06f  jal x0, -1260
c6_37_p2_569:
   4521 ae9ff06f  jal x0, -1304
c6_37_p3_570:
   4522 00000013  addi x0, x0, 0
   4523 af5ff06f  jal x0, -1292
c6_37_p5_571:
   4524 b19ff06f  jal x0, -1256
c6_37_p6_572:
   4525 00000013  addi x0, x0, 0
   4526 b25ff06f  jal x0, -1244
c6_37_h7_567:
   4527 5a103823  sd ra, 1456(x0)
   4528 5a203c23  sd sp, 1464(x0)
   4529 00000013  addi x0, x0, 0
   4530 b29ff06f  jal x0, -1240
c6_38_g4_583:
   4531 00e1fe63  bgeu gp, a4, +28
   4532 00d1fa63  bgeu gp, a3, +20
   4533 b95ff06f  jal x0, -1132
c6_38_p2_584:
   4534 b69ff06f  jal x0, -1176
c6_38_p3_585:
   4535 00000013  addi x0, x0, 0
   4536 b75ff06f  jal x0, -1164
c6_38_p5_586:
   4537 b99ff06f  jal x0, -1128
c6_38_p6_587:
   4538 00000013  addi x0, x0, 0
   4539 ba5ff06f  jal x0, -1116
c6_38_h7_582:
   4540 5c103023  sd ra, 1472(x0)
   4541 5c203423  sd sp, 1480(x0)
   4542 00000013  addi x0, x0, 0
   4543 ba9ff06f  jal x0, -1112
c6_39_g4_598:
   4544 00e1fe63  bgeu gp, a4, +28
   4545 00d1fa63  bgeu gp, a3, +20
   4546 c15ff06f  jal x0, -1004
c6_39_p2_599:
   4547 be9ff06f  jal x0, -1048
c6_39_p3_600:
   4548 00000013  addi x0, x0, 0
   4549 bf5ff06f  jal x0, -1036
c6_39_p5_601:
   4550 c19ff06f  jal x0, -1000
c6_39_p6_602:
   4551 00000013  addi x0, x0, 0
   4552 c25ff06f  jal x0, -988
c6_39_h7_597:
   4553 5c103823  sd ra, 1488(x0)
   4554 5c203c23  sd sp, 1496(x0)
   4555 00000013  addi x0, x0, 0
   4556 c29ff06f  jal x0, -984
c6_40_g4_613:
   4557 00e1fe63  bgeu gp, a4, +28
   4558 00d1fa63  bgeu gp, a3, +20
   4559 c95ff06f  jal x0, -876
c6_40_p2_614:
   4560 c69ff06f  jal x0, -920
c6_40_p3_615:
   4561 00000013  addi x0, x0, 0
   4562 c75ff06f  jal x0, -908
c6_40_p5_616:
   4563 c99ff06f  jal x0, -872
c6_40_p6_617:
   4564 00000013  addi x0, x0, 0
   4565 ca5ff06f  jal x0, -860
c6_40_h7_612:
   4566 5e103023  sd ra, 1504(x0)
   4567 5e203423  sd sp, 1512(x0)
   4568 00000013  addi x0, x0, 0
   4569 ca9ff06f  jal x0, -856
c6_41_g4_628:
   4570 00e1fe63  bgeu gp, a4, +28
   4571 00d1fa63  bgeu gp, a3, +20
   4572 d15ff06f  jal x0, -748
c6_41_p2_629:
   4573 ce9ff06f  jal x0, -792
c6_41_p3_630:
   4574 00000013  addi x0, x0, 0
   4575 cf5ff06f  jal x0, -780
c6_41_p5_631:
   4576 d19ff06f  jal x0, -744
c6_41_p6_632:
   4577 00000013  addi x0, x0, 0
   4578 d25ff06f  jal x0, -732
c6_41_h7_627:
   4579 5e103823  sd ra, 1520(x0)
   4580 5e203c23  sd sp, 1528(x0)
   4581 00000013  addi x0, x0, 0
   4582 d29ff06f  jal x0, -728
        ; layer 6: leaf
l6_after2_634:
   4583 000601b7  lui gp, 0x60
   4584 20118193  addi gp, gp, 513
   4585 34303023  sd gp, 832(x0)
   4586 35f03423  sd t6, 840(x0)
   4587 34000513  addi a0, x0, 832
   4588 2c000593  addi a1, x0, 704
   4589 004b9c13  slli s8, s7, 4
   4590 010c7193  andi gp, s8, 16
   4591 1e018613  addi a2, gp, 480
   4592 00000073  ecall
        ; layer 6: tree fold
   4593 000601b7  lui gp, 0x60
   4594 30118193  addi gp, gp, 769
   4595 1c302023  sw gp, 448(x0)
   4596 1de02423  sw t5, 456(x0)
   4597 1c000513  addi a0, x0, 448
   4598 04000593  addi a1, x0, 64
        ; fold level 1
   4599 01064193  xori gp, a2, 16
   4600 5f0ab083  ld ra, 1520(s5)
   4601 5f8ab103  ld sp, 1528(s5)
   4602 0011b023  sd ra, 0(gp)
   4603 0021b423  sd sp, 8(gp)
   4604 00100213  addi tp, x0, 1
   4605 1c402223  sw tp, 452(x0)
   4606 001bd213  srli tp, s7, 1
   4607 1c402623  sw tp, 460(x0)
   4608 001c5193  srli gp, s8, 1
   4609 0101f193  andi gp, gp, 16
   4610 1e018613  addi a2, gp, 480
   4611 00000073  ecall
        ; fold level 2
   4612 01064193  xori gp, a2, 16
   4613 600ab083  ld ra, 1536(s5)
   4614 608ab103  ld sp, 1544(s5)
   4615 0011b023  sd ra, 0(gp)
   4616 0021b423  sd sp, 8(gp)
   4617 00200213  addi tp, x0, 2
   4618 1c402223  sw tp, 452(x0)
   4619 002bd213  srli tp, s7, 2
   4620 1c402623  sw tp, 460(x0)
   4621 002c5193  srli gp, s8, 2
   4622 0101f193  andi gp, gp, 16
   4623 1e018613  addi a2, gp, 480
   4624 00000073  ecall
        ; fold level 3
   4625 01064193  xori gp, a2, 16
   4626 610ab083  ld ra, 1552(s5)
   4627 618ab103  ld sp, 1560(s5)
   4628 0011b023  sd ra, 0(gp)
   4629 0021b423  sd sp, 8(gp)
   4630 00300213  addi tp, x0, 3
   4631 1c402223  sw tp, 452(x0)
   4632 003bd213  srli tp, s7, 3
   4633 1c402623  sw tp, 460(x0)
   4634 003c5193  srli gp, s8, 3
   4635 0101f193  andi gp, gp, 16
   4636 1e018613  addi a2, gp, 480
   4637 00000073  ecall
        ; fold level 4
   4638 01064193  xori gp, a2, 16
   4639 620ab083  ld ra, 1568(s5)
   4640 628ab103  ld sp, 1576(s5)
   4641 0011b023  sd ra, 0(gp)
   4642 0021b423  sd sp, 8(gp)
   4643 00400213  addi tp, x0, 4
   4644 1c402223  sw tp, 452(x0)
   4645 1c002623  sw x0, 460(x0)
   4646 12000613  addi a2, x0, 288
   4647 00000073  ecall
        ; layer 5: route
layer_5:
   4648 004b5b93  srli s7, s6, 4
   4649 01fbfb93  andi s7, s7, 31
   4650 009b5f13  srli t5, s6, 9
   4651 020b9193  slli gp, s7, 32
   4652 003f6fb3  or t6, t5, gp
        ; layer 5: encoding
   4653 000501b7  lui gp, 0x50
   4654 40118193  addi gp, gp, 1025
   4655 10303023  sd gp, 256(x0)
   4656 11f03423  sd t6, 264(x0)
   4657 644ae183  lwu gp, 1604(s5)
   4658 12302823  sw gp, 304(x0)
   4659 12002a23  sw x0, 308(x0)
   4660 12003c23  sd x0, 312(x0)
   4661 10000513  addi a0, x0, 256
   4662 04000593  addi a1, x0, 64
   4663 14000613  addi a2, x0, 320
   4664 00000073  ecall
   4665 14003803  ld a6, 320(x0)
   4666 14803883  ld a7, 328(x0)
   4667 011861b3  or gp, a6, a7
   4668 2401c6e3  blt gp, x0, +2636
   4669 00385c93  srli s9, a6, 3
   4670 01acfcb3  and s9, s9, s10
   4671 01a87e33  and t3, a6, s10
   4672 01cc8cb3  add s9, s9, t3
   4673 0038de13  srli t3, a7, 3
   4674 01ae7e33  and t3, t3, s10
   4675 01cc8cb3  add s9, s9, t3
   4676 01a8fe33  and t3, a7, s10
   4677 01cc8cb3  add s9, s9, t3
   4678 006cde13  srli t3, s9, 6
   4679 01cc8cb3  add s9, s9, t3
   4680 01bcfcb3  and s9, s9, s11
   4681 00ccde13  srli t3, s9, 12
   4682 01cc8cb3  add s9, s9, t3
   4683 018cde13  srli t3, s9, 24
   4684 01cc8cb3  add s9, s9, t3
   4685 030cde13  srli t3, s9, 48
   4686 01cc8cb3  add s9, s9, t3
   4687 7ffcfc93  andi s9, s9, 2047
   4688 f56c8c93  addi s9, s9, -170
   4689 1e0c9ce3  bne s9, x0, +2552
        ; layer 5: chains
   4690 000501b7  lui gp, 0x50
   4691 10118193  addi gp, gp, 257
   4692 0c302023  sw gp, 192(x0)
   4693 0df03423  sd t6, 200(x0)
   4694 0c000513  addi a0, x0, 192
   4695 0e000613  addi a2, x0, 224
        ; chain lay=5 i=0
c5_0_650:
   4696 03d81193  slli gp, a6, 61
   4697 060ab083  ld ra, 96(s5)
   4698 068ab103  ld sp, 104(s5)
   4699 0e103023  sd ra, 224(x0)
   4700 0e203423  sd sp, 232(x0)
   4701 1ef1f8e3  bgeu gp, a5, +2544
   4702 1c91f4e3  bgeu gp, s1, +2504
   4703 1c81fae3  bgeu gp, s0, +2516
   4704 1c71f6e3  bgeu gp, t2, +2508
   4705 0061fc63  bgeu gp, t1, +24
c5_0_s1_636:
   4706 00000213  addi tp, x0, 0
   4707 00452223  sw tp, 4(a0)
   4708 00000073  ecall
   4709 02053823  sd x0, 48(a0)
   4710 02053c23  sd x0, 56(a0)
c5_0_s2_637:
   4711 00100213  addi tp, x0, 1
   4712 00452223  sw tp, 4(a0)
   4713 00000073  ecall
   4714 02053823  sd x0, 48(a0)
   4715 02053c23  sd x0, 56(a0)
c5_0_s3_638:
   4716 00200213  addi tp, x0, 2
   4717 00452223  sw tp, 4(a0)
   4718 00000073  ecall
   4719 02053823  sd x0, 48(a0)
   4720 02053c23  sd x0, 56(a0)
c5_0_s4_639:
   4721 00300213  addi tp, x0, 3
   4722 00452223  sw tp, 4(a0)
   4723 00000073  ecall
   4724 02053823  sd x0, 48(a0)
   4725 02053c23  sd x0, 56(a0)
c5_0_s5_640:
   4726 00400213  addi tp, x0, 4
   4727 00452223  sw tp, 4(a0)
   4728 00000073  ecall
   4729 02053823  sd x0, 48(a0)
   4730 02053c23  sd x0, 56(a0)
c5_0_s6_641:
   4731 00500213  addi tp, x0, 5
   4732 00452223  sw tp, 4(a0)
   4733 00000073  ecall
   4734 02053823  sd x0, 48(a0)
   4735 02053c23  sd x0, 56(a0)
c5_0_s7_642:
   4736 00600213  addi tp, x0, 6
   4737 00452223  sw tp, 4(a0)
   4738 36000613  addi a2, x0, 864
   4739 00000073  ecall
   4740 02050613  addi a2, a0, 32
        ; chain lay=5 i=1
c5_0_next_643:
c5_1_665:
   4741 03a81193  slli gp, a6, 58
   4742 070ab083  ld ra, 112(s5)
   4743 078ab103  ld sp, 120(s5)
   4744 0e103023  sd ra, 224(x0)
   4745 0e203423  sd sp, 232(x0)
   4746 16f1f8e3  bgeu gp, a5, +2416
   4747 1491f4e3  bgeu gp, s1, +2376
   4748 1481fae3  bgeu gp, s0, +2388
   4749 1471f6e3  bgeu gp, t2, +2380
   4750 0061fc63  bgeu gp, t1, +24
c5_1_s1_651:
   4751 00800213  addi tp, x0, 8
   4752 00452223  sw tp, 4(a0)
   4753 00000073  ecall
   4754 02053823  sd x0, 48(a0)
   4755 02053c23  sd x0, 56(a0)
c5_1_s2_652:
   4756 00900213  addi tp, x0, 9
   4757 00452223  sw tp, 4(a0)
   4758 00000073  ecall
   4759 02053823  sd x0, 48(a0)
   4760 02053c23  sd x0, 56(a0)
c5_1_s3_653:
   4761 00a00213  addi tp, x0, 10
   4762 00452223  sw tp, 4(a0)
   4763 00000073  ecall
   4764 02053823  sd x0, 48(a0)
   4765 02053c23  sd x0, 56(a0)
c5_1_s4_654:
   4766 00b00213  addi tp, x0, 11
   4767 00452223  sw tp, 4(a0)
   4768 00000073  ecall
   4769 02053823  sd x0, 48(a0)
   4770 02053c23  sd x0, 56(a0)
c5_1_s5_655:
   4771 00c00213  addi tp, x0, 12
   4772 00452223  sw tp, 4(a0)
   4773 00000073  ecall
   4774 02053823  sd x0, 48(a0)
   4775 02053c23  sd x0, 56(a0)
c5_1_s6_656:
   4776 00d00213  addi tp, x0, 13
   4777 00452223  sw tp, 4(a0)
   4778 00000073  ecall
   4779 02053823  sd x0, 48(a0)
   4780 02053c23  sd x0, 56(a0)
c5_1_s7_657:
   4781 00e00213  addi tp, x0, 14
   4782 00452223  sw tp, 4(a0)
   4783 37000613  addi a2, x0, 880
   4784 00000073  ecall
   4785 02050613  addi a2, a0, 32
        ; chain lay=5 i=2
c5_1_next_658:
c5_2_680:
   4786 03781193  slli gp, a6, 55
   4787 080ab083  ld ra, 128(s5)
   4788 088ab103  ld sp, 136(s5)
   4789 0e103023  sd ra, 224(x0)
   4790 0e203423  sd sp, 232(x0)
   4791 0ef1f8e3  bgeu gp, a5, +2288
   4792 0c91f4e3  bgeu gp, s1, +2248
   4793 0c81fae3  bgeu gp, s0, +2260
   4794 0c71f6e3  bgeu gp, t2, +2252
   4795 0061fc63  bgeu gp, t1, +24
c5_2_s1_666:
   4796 01000213  addi tp, x0, 16
   4797 00452223  sw tp, 4(a0)
   4798 00000073  ecall
   4799 02053823  sd x0, 48(a0)
   4800 02053c23  sd x0, 56(a0)
c5_2_s2_667:
   4801 01100213  addi tp, x0, 17
   4802 00452223  sw tp, 4(a0)
   4803 00000073  ecall
   4804 02053823  sd x0, 48(a0)
   4805 02053c23  sd x0, 56(a0)
c5_2_s3_668:
   4806 01200213  addi tp, x0, 18
   4807 00452223  sw tp, 4(a0)
   4808 00000073  ecall
   4809 02053823  sd x0, 48(a0)
   4810 02053c23  sd x0, 56(a0)
c5_2_s4_669:
   4811 01300213  addi tp, x0, 19
   4812 00452223  sw tp, 4(a0)
   4813 00000073  ecall
   4814 02053823  sd x0, 48(a0)
   4815 02053c23  sd x0, 56(a0)
c5_2_s5_670:
   4816 01400213  addi tp, x0, 20
   4817 00452223  sw tp, 4(a0)
   4818 00000073  ecall
   4819 02053823  sd x0, 48(a0)
   4820 02053c23  sd x0, 56(a0)
c5_2_s6_671:
   4821 01500213  addi tp, x0, 21
   4822 00452223  sw tp, 4(a0)
   4823 00000073  ecall
   4824 02053823  sd x0, 48(a0)
   4825 02053c23  sd x0, 56(a0)
c5_2_s7_672:
   4826 01600213  addi tp, x0, 22
   4827 00452223  sw tp, 4(a0)
   4828 38000613  addi a2, x0, 896
   4829 00000073  ecall
   4830 02050613  addi a2, a0, 32
        ; chain lay=5 i=3
c5_2_next_673:
c5_3_695:
   4831 03481193  slli gp, a6, 52
   4832 090ab083  ld ra, 144(s5)
   4833 098ab103  ld sp, 152(s5)
   4834 0e103023  sd ra, 224(x0)
   4835 0e203423  sd sp, 232(x0)
   4836 06f1f8e3  bgeu gp, a5, +2160
   4837 0491f4e3  bgeu gp, s1, +2120
   4838 0481fae3  bgeu gp, s0, +2132
   4839 0471f6e3  bgeu gp, t2, +2124
   4840 0061fc63  bgeu gp, t1, +24
c5_3_s1_681:
   4841 01800213  addi tp, x0, 24
   4842 00452223  sw tp, 4(a0)
   4843 00000073  ecall
   4844 02053823  sd x0, 48(a0)
   4845 02053c23  sd x0, 56(a0)
c5_3_s2_682:
   4846 01900213  addi tp, x0, 25
   4847 00452223  sw tp, 4(a0)
   4848 00000073  ecall
   4849 02053823  sd x0, 48(a0)
   4850 02053c23  sd x0, 56(a0)
c5_3_s3_683:
   4851 01a00213  addi tp, x0, 26
   4852 00452223  sw tp, 4(a0)
   4853 00000073  ecall
   4854 02053823  sd x0, 48(a0)
   4855 02053c23  sd x0, 56(a0)
c5_3_s4_684:
   4856 01b00213  addi tp, x0, 27
   4857 00452223  sw tp, 4(a0)
   4858 00000073  ecall
   4859 02053823  sd x0, 48(a0)
   4860 02053c23  sd x0, 56(a0)
c5_3_s5_685:
   4861 01c00213  addi tp, x0, 28
   4862 00452223  sw tp, 4(a0)
   4863 00000073  ecall
   4864 02053823  sd x0, 48(a0)
   4865 02053c23  sd x0, 56(a0)
c5_3_s6_686:
   4866 01d00213  addi tp, x0, 29
   4867 00452223  sw tp, 4(a0)
   4868 00000073  ecall
   4869 02053823  sd x0, 48(a0)
   4870 02053c23  sd x0, 56(a0)
c5_3_s7_687:
   4871 01e00213  addi tp, x0, 30
   4872 00452223  sw tp, 4(a0)
   4873 39000613  addi a2, x0, 912
   4874 00000073  ecall
   4875 02050613  addi a2, a0, 32
        ; chain lay=5 i=4
c5_3_next_688:
c5_4_710:
   4876 03181193  slli gp, a6, 49
   4877 0a0ab083  ld ra, 160(s5)
   4878 0a8ab103  ld sp, 168(s5)
   4879 0e103023  sd ra, 224(x0)
   4880 0e203423  sd sp, 232(x0)
   4881 7ef1f863  bgeu gp, a5, +2032
   4882 7c91f463  bgeu gp, s1, +1992
   4883 7c81fa63  bgeu gp, s0, +2004
   4884 7c71f663  bgeu gp, t2, +1996
   4885 0061fc63  bgeu gp, t1, +24
c5_4_s1_696:
   4886 02000213  addi tp, x0, 32
   4887 00452223  sw tp, 4(a0)
   4888 00000073  ecall
   4889 02053823  sd x0, 48(a0)
   4890 02053c23  sd x0, 56(a0)
c5_4_s2_697:
   4891 02100213  addi tp, x0, 33
   4892 00452223  sw tp, 4(a0)
   4893 00000073  ecall
   4894 02053823  sd x0, 48(a0)
   4895 02053c23  sd x0, 56(a0)
c5_4_s3_698:
   4896 02200213  addi tp, x0, 34
   4897 00452223  sw tp, 4(a0)
   4898 00000073  ecall
   4899 02053823  sd x0, 48(a0)
   4900 02053c23  sd x0, 56(a0)
c5_4_s4_699:
   4901 02300213  addi tp, x0, 35
   4902 00452223  sw tp, 4(a0)
   4903 00000073  ecall
   4904 02053823  sd x0, 48(a0)
   4905 02053c23  sd x0, 56(a0)
c5_4_s5_700:
   4906 02400213  addi tp, x0, 36
   4907 00452223  sw tp, 4(a0)
   4908 00000073  ecall
   4909 02053823  sd x0, 48(a0)
   4910 02053c23  sd x0, 56(a0)
c5_4_s6_701:
   4911 02500213  addi tp, x0, 37
   4912 00452223  sw tp, 4(a0)
   4913 00000073  ecall
   4914 02053823  sd x0, 48(a0)
   4915 02053c23  sd x0, 56(a0)
c5_4_s7_702:
   4916 02600213  addi tp, x0, 38
   4917 00452223  sw tp, 4(a0)
   4918 3a000613  addi a2, x0, 928
   4919 00000073  ecall
   4920 02050613  addi a2, a0, 32
        ; chain lay=5 i=5
c5_4_next_703:
c5_5_725:
   4921 02e81193  slli gp, a6, 46
   4922 0b0ab083  ld ra, 176(s5)
   4923 0b8ab103  ld sp, 184(s5)
   4924 0e103023  sd ra, 224(x0)
   4925 0e203423  sd sp, 232(x0)
   4926 76f1f863  bgeu gp, a5, +1904
   4927 7491f463  bgeu gp, s1, +1864
   4928 7481fa63  bgeu gp, s0, +1876
   4929 7471f663  bgeu gp, t2, +1868
   4930 0061fc63  bgeu gp, t1, +24
c5_5_s1_711:
   4931 02800213  addi tp, x0, 40
   4932 00452223  sw tp, 4(a0)
   4933 00000073  ecall
   4934 02053823  sd x0, 48(a0)
   4935 02053c23  sd x0, 56(a0)
c5_5_s2_712:
   4936 02900213  addi tp, x0, 41
   4937 00452223  sw tp, 4(a0)
   4938 00000073  ecall
   4939 02053823  sd x0, 48(a0)
   4940 02053c23  sd x0, 56(a0)
c5_5_s3_713:
   4941 02a00213  addi tp, x0, 42
   4942 00452223  sw tp, 4(a0)
   4943 00000073  ecall
   4944 02053823  sd x0, 48(a0)
   4945 02053c23  sd x0, 56(a0)
c5_5_s4_714:
   4946 02b00213  addi tp, x0, 43
   4947 00452223  sw tp, 4(a0)
   4948 00000073  ecall
   4949 02053823  sd x0, 48(a0)
   4950 02053c23  sd x0, 56(a0)
c5_5_s5_715:
   4951 02c00213  addi tp, x0, 44
   4952 00452223  sw tp, 4(a0)
   4953 00000073  ecall
   4954 02053823  sd x0, 48(a0)
   4955 02053c23  sd x0, 56(a0)
c5_5_s6_716:
   4956 02d00213  addi tp, x0, 45
   4957 00452223  sw tp, 4(a0)
   4958 00000073  ecall
   4959 02053823  sd x0, 48(a0)
   4960 02053c23  sd x0, 56(a0)
c5_5_s7_717:
   4961 02e00213  addi tp, x0, 46
   4962 00452223  sw tp, 4(a0)
   4963 3b000613  addi a2, x0, 944
   4964 00000073  ecall
   4965 02050613  addi a2, a0, 32
        ; chain lay=5 i=6
c5_5_next_718:
c5_6_740:
   4966 02b81193  slli gp, a6, 43
   4967 0c0ab083  ld ra, 192(s5)
   4968 0c8ab103  ld sp, 200(s5)
   4969 0e103023  sd ra, 224(x0)
   4970 0e203423  sd sp, 232(x0)
   4971 6ef1f863  bgeu gp, a5, +1776
   4972 6c91f463  bgeu gp, s1, +1736
   4973 6c81fa63  bgeu gp, s0, +1748
   4974 6c71f663  bgeu gp, t2, +1740
   4975 0061fc63  bgeu gp, t1, +24
c5_6_s1_726:
   4976 03000213  addi tp, x0, 48
   4977 00452223  sw tp, 4(a0)
   4978 00000073  ecall
   4979 02053823  sd x0, 48(a0)
   4980 02053c23  sd x0, 56(a0)
c5_6_s2_727:
   4981 03100213  addi tp, x0, 49
   4982 00452223  sw tp, 4(a0)
   4983 00000073  ecall
   4984 02053823  sd x0, 48(a0)
   4985 02053c23  sd x0, 56(a0)
c5_6_s3_728:
   4986 03200213  addi tp, x0, 50
   4987 00452223  sw tp, 4(a0)
   4988 00000073  ecall
   4989 02053823  sd x0, 48(a0)
   4990 02053c23  sd x0, 56(a0)
c5_6_s4_729:
   4991 03300213  addi tp, x0, 51
   4992 00452223  sw tp, 4(a0)
   4993 00000073  ecall
   4994 02053823  sd x0, 48(a0)
   4995 02053c23  sd x0, 56(a0)
c5_6_s5_730:
   4996 03400213  addi tp, x0, 52
   4997 00452223  sw tp, 4(a0)
   4998 00000073  ecall
   4999 02053823  sd x0, 48(a0)
   5000 02053c23  sd x0, 56(a0)
c5_6_s6_731:
   5001 03500213  addi tp, x0, 53
   5002 00452223  sw tp, 4(a0)
   5003 00000073  ecall
   5004 02053823  sd x0, 48(a0)
   5005 02053c23  sd x0, 56(a0)
c5_6_s7_732:
   5006 03600213  addi tp, x0, 54
   5007 00452223  sw tp, 4(a0)
   5008 3c000613  addi a2, x0, 960
   5009 00000073  ecall
   5010 02050613  addi a2, a0, 32
        ; chain lay=5 i=7
c5_6_next_733:
c5_7_755:
   5011 02881193  slli gp, a6, 40
   5012 0d0ab083  ld ra, 208(s5)
   5013 0d8ab103  ld sp, 216(s5)
   5014 0e103023  sd ra, 224(x0)
   5015 0e203423  sd sp, 232(x0)
   5016 66f1f863  bgeu gp, a5, +1648
   5017 6491f463  bgeu gp, s1, +1608
   5018 6481fa63  bgeu gp, s0, +1620
   5019 6471f663  bgeu gp, t2, +1612
   5020 0061fc63  bgeu gp, t1, +24
c5_7_s1_741:
   5021 03800213  addi tp, x0, 56
   5022 00452223  sw tp, 4(a0)
   5023 00000073  ecall
   5024 02053823  sd x0, 48(a0)
   5025 02053c23  sd x0, 56(a0)
c5_7_s2_742:
   5026 03900213  addi tp, x0, 57
   5027 00452223  sw tp, 4(a0)
   5028 00000073  ecall
   5029 02053823  sd x0, 48(a0)
   5030 02053c23  sd x0, 56(a0)
c5_7_s3_743:
   5031 03a00213  addi tp, x0, 58
   5032 00452223  sw tp, 4(a0)
   5033 00000073  ecall
   5034 02053823  sd x0, 48(a0)
   5035 02053c23  sd x0, 56(a0)
c5_7_s4_744:
   5036 03b00213  addi tp, x0, 59
   5037 00452223  sw tp, 4(a0)
   5038 00000073  ecall
   5039 02053823  sd x0, 48(a0)
   5040 02053c23  sd x0, 56(a0)
c5_7_s5_745:
   5041 03c00213  addi tp, x0, 60
   5042 00452223  sw tp, 4(a0)
   5043 00000073  ecall
   5044 02053823  sd x0, 48(a0)
   5045 02053c23  sd x0, 56(a0)
c5_7_s6_746:
   5046 03d00213  addi tp, x0, 61
   5047 00452223  sw tp, 4(a0)
   5048 00000073  ecall
   5049 02053823  sd x0, 48(a0)
   5050 02053c23  sd x0, 56(a0)
c5_7_s7_747:
   5051 03e00213  addi tp, x0, 62
   5052 00452223  sw tp, 4(a0)
   5053 3d000613  addi a2, x0, 976
   5054 00000073  ecall
   5055 02050613  addi a2, a0, 32
        ; chain lay=5 i=8
c5_7_next_748:
c5_8_770:
   5056 02581193  slli gp, a6, 37
   5057 0e0ab083  ld ra, 224(s5)
   5058 0e8ab103  ld sp, 232(s5)
   5059 0e103023  sd ra, 224(x0)
   5060 0e203423  sd sp, 232(x0)
   5061 5ef1f863  bgeu gp, a5, +1520
   5062 5c91f463  bgeu gp, s1, +1480
   5063 5c81fa63  bgeu gp, s0, +1492
   5064 5c71f663  bgeu gp, t2, +1484
   5065 0061fc63  bgeu gp, t1, +24
c5_8_s1_756:
   5066 04000213  addi tp, x0, 64
   5067 00452223  sw tp, 4(a0)
   5068 00000073  ecall
   5069 02053823  sd x0, 48(a0)
   5070 02053c23  sd x0, 56(a0)
c5_8_s2_757:
   5071 04100213  addi tp, x0, 65
   5072 00452223  sw tp, 4(a0)
   5073 00000073  ecall
   5074 02053823  sd x0, 48(a0)
   5075 02053c23  sd x0, 56(a0)
c5_8_s3_758:
   5076 04200213  addi tp, x0, 66
   5077 00452223  sw tp, 4(a0)
   5078 00000073  ecall
   5079 02053823  sd x0, 48(a0)
   5080 02053c23  sd x0, 56(a0)
c5_8_s4_759:
   5081 04300213  addi tp, x0, 67
   5082 00452223  sw tp, 4(a0)
   5083 00000073  ecall
   5084 02053823  sd x0, 48(a0)
   5085 02053c23  sd x0, 56(a0)
c5_8_s5_760:
   5086 04400213  addi tp, x0, 68
   5087 00452223  sw tp, 4(a0)
   5088 00000073  ecall
   5089 02053823  sd x0, 48(a0)
   5090 02053c23  sd x0, 56(a0)
c5_8_s6_761:
   5091 04500213  addi tp, x0, 69
   5092 00452223  sw tp, 4(a0)
   5093 00000073  ecall
   5094 02053823  sd x0, 48(a0)
   5095 02053c23  sd x0, 56(a0)
c5_8_s7_762:
   5096 04600213  addi tp, x0, 70
   5097 00452223  sw tp, 4(a0)
   5098 3e000613  addi a2, x0, 992
   5099 00000073  ecall
   5100 02050613  addi a2, a0, 32
        ; chain lay=5 i=9
c5_8_next_763:
c5_9_785:
   5101 02281193  slli gp, a6, 34
   5102 0f0ab083  ld ra, 240(s5)
   5103 0f8ab103  ld sp, 248(s5)
   5104 0e103023  sd ra, 224(x0)
   5105 0e203423  sd sp, 232(x0)
   5106 56f1f863  bgeu gp, a5, +1392
   5107 5491f463  bgeu gp, s1, +1352
   5108 5481fa63  bgeu gp, s0, +1364
   5109 5471f663  bgeu gp, t2, +1356
   5110 0061fc63  bgeu gp, t1, +24
c5_9_s1_771:
   5111 04800213  addi tp, x0, 72
   5112 00452223  sw tp, 4(a0)
   5113 00000073  ecall
   5114 02053823  sd x0, 48(a0)
   5115 02053c23  sd x0, 56(a0)
c5_9_s2_772:
   5116 04900213  addi tp, x0, 73
   5117 00452223  sw tp, 4(a0)
   5118 00000073  ecall
   5119 02053823  sd x0, 48(a0)
   5120 02053c23  sd x0, 56(a0)
c5_9_s3_773:
   5121 04a00213  addi tp, x0, 74
   5122 00452223  sw tp, 4(a0)
   5123 00000073  ecall
   5124 02053823  sd x0, 48(a0)
   5125 02053c23  sd x0, 56(a0)
c5_9_s4_774:
   5126 04b00213  addi tp, x0, 75
   5127 00452223  sw tp, 4(a0)
   5128 00000073  ecall
   5129 02053823  sd x0, 48(a0)
   5130 02053c23  sd x0, 56(a0)
c5_9_s5_775:
   5131 04c00213  addi tp, x0, 76
   5132 00452223  sw tp, 4(a0)
   5133 00000073  ecall
   5134 02053823  sd x0, 48(a0)
   5135 02053c23  sd x0, 56(a0)
c5_9_s6_776:
   5136 04d00213  addi tp, x0, 77
   5137 00452223  sw tp, 4(a0)
   5138 00000073  ecall
   5139 02053823  sd x0, 48(a0)
   5140 02053c23  sd x0, 56(a0)
c5_9_s7_777:
   5141 04e00213  addi tp, x0, 78
   5142 00452223  sw tp, 4(a0)
   5143 3f000613  addi a2, x0, 1008
   5144 00000073  ecall
   5145 02050613  addi a2, a0, 32
        ; chain lay=5 i=10
c5_9_next_778:
c5_10_800:
   5146 01f81193  slli gp, a6, 31
   5147 100ab083  ld ra, 256(s5)
   5148 108ab103  ld sp, 264(s5)
   5149 0e103023  sd ra, 224(x0)
   5150 0e203423  sd sp, 232(x0)
   5151 4ef1f863  bgeu gp, a5, +1264
   5152 4c91f463  bgeu gp, s1, +1224
   5153 4c81fa63  bgeu gp, s0, +1236
   5154 4c71f663  bgeu gp, t2, +1228
   5155 0061fc63  bgeu gp, t1, +24
c5_10_s1_786:
   5156 05000213  addi tp, x0, 80
   5157 00452223  sw tp, 4(a0)
   5158 00000073  ecall
   5159 02053823  sd x0, 48(a0)
   5160 02053c23  sd x0, 56(a0)
c5_10_s2_787:
   5161 05100213  addi tp, x0, 81
   5162 00452223  sw tp, 4(a0)
   5163 00000073  ecall
   5164 02053823  sd x0, 48(a0)
   5165 02053c23  sd x0, 56(a0)
c5_10_s3_788:
   5166 05200213  addi tp, x0, 82
   5167 00452223  sw tp, 4(a0)
   5168 00000073  ecall
   5169 02053823  sd x0, 48(a0)
   5170 02053c23  sd x0, 56(a0)
c5_10_s4_789:
   5171 05300213  addi tp, x0, 83
   5172 00452223  sw tp, 4(a0)
   5173 00000073  ecall
   5174 02053823  sd x0, 48(a0)
   5175 02053c23  sd x0, 56(a0)
c5_10_s5_790:
   5176 05400213  addi tp, x0, 84
   5177 00452223  sw tp, 4(a0)
   5178 00000073  ecall
   5179 02053823  sd x0, 48(a0)
   5180 02053c23  sd x0, 56(a0)
c5_10_s6_791:
   5181 05500213  addi tp, x0, 85
   5182 00452223  sw tp, 4(a0)
   5183 00000073  ecall
   5184 02053823  sd x0, 48(a0)
   5185 02053c23  sd x0, 56(a0)
c5_10_s7_792:
   5186 05600213  addi tp, x0, 86
   5187 00452223  sw tp, 4(a0)
   5188 40000613  addi a2, x0, 1024
   5189 00000073  ecall
   5190 02050613  addi a2, a0, 32
        ; chain lay=5 i=11
c5_10_next_793:
c5_11_815:
   5191 01c81193  slli gp, a6, 28
   5192 110ab083  ld ra, 272(s5)
   5193 118ab103  ld sp, 280(s5)
   5194 0e103023  sd ra, 224(x0)
   5195 0e203423  sd sp, 232(x0)
   5196 46f1f863  bgeu gp, a5, +1136
   5197 4491f463  bgeu gp, s1, +1096
   5198 4481fa63  bgeu gp, s0, +1108
   5199 4471f663  bgeu gp, t2, +1100
   5200 0061fc63  bgeu gp, t1, +24
c5_11_s1_801:
   5201 05800213  addi tp, x0, 88
   5202 00452223  sw tp, 4(a0)
   5203 00000073  ecall
   5204 02053823  sd x0, 48(a0)
   5205 02053c23  sd x0, 56(a0)
c5_11_s2_802:
   5206 05900213  addi tp, x0, 89
   5207 00452223  sw tp, 4(a0)
   5208 00000073  ecall
   5209 02053823  sd x0, 48(a0)
   5210 02053c23  sd x0, 56(a0)
c5_11_s3_803:
   5211 05a00213  addi tp, x0, 90
   5212 00452223  sw tp, 4(a0)
   5213 00000073  ecall
   5214 02053823  sd x0, 48(a0)
   5215 02053c23  sd x0, 56(a0)
c5_11_s4_804:
   5216 05b00213  addi tp, x0, 91
   5217 00452223  sw tp, 4(a0)
   5218 00000073  ecall
   5219 02053823  sd x0, 48(a0)
   5220 02053c23  sd x0, 56(a0)
c5_11_s5_805:
   5221 05c00213  addi tp, x0, 92
   5222 00452223  sw tp, 4(a0)
   5223 00000073  ecall
   5224 02053823  sd x0, 48(a0)
   5225 02053c23  sd x0, 56(a0)
c5_11_s6_806:
   5226 05d00213  addi tp, x0, 93
   5227 00452223  sw tp, 4(a0)
   5228 00000073  ecall
   5229 02053823  sd x0, 48(a0)
   5230 02053c23  sd x0, 56(a0)
c5_11_s7_807:
   5231 05e00213  addi tp, x0, 94
   5232 00452223  sw tp, 4(a0)
   5233 41000613  addi a2, x0, 1040
   5234 00000073  ecall
   5235 02050613  addi a2, a0, 32
        ; chain lay=5 i=12
c5_11_next_808:
c5_12_830:
   5236 01981193  slli gp, a6, 25
   5237 120ab083  ld ra, 288(s5)
   5238 128ab103  ld sp, 296(s5)
   5239 0e103023  sd ra, 224(x0)
   5240 0e203423  sd sp, 232(x0)
   5241 3ef1f863  bgeu gp, a5, +1008
   5242 3c91f463  bgeu gp, s1, +968
   5243 3c81fa63  bgeu gp, s0, +980
   5244 3c71f663  bgeu gp, t2, +972
   5245 0061fc63  bgeu gp, t1, +24
c5_12_s1_816:
   5246 06000213  addi tp, x0, 96
   5247 00452223  sw tp, 4(a0)
   5248 00000073  ecall
   5249 02053823  sd x0, 48(a0)
   5250 02053c23  sd x0, 56(a0)
c5_12_s2_817:
   5251 06100213  addi tp, x0, 97
   5252 00452223  sw tp, 4(a0)
   5253 00000073  ecall
   5254 02053823  sd x0, 48(a0)
   5255 02053c23  sd x0, 56(a0)
c5_12_s3_818:
   5256 06200213  addi tp, x0, 98
   5257 00452223  sw tp, 4(a0)
   5258 00000073  ecall
   5259 02053823  sd x0, 48(a0)
   5260 02053c23  sd x0, 56(a0)
c5_12_s4_819:
   5261 06300213  addi tp, x0, 99
   5262 00452223  sw tp, 4(a0)
   5263 00000073  ecall
   5264 02053823  sd x0, 48(a0)
   5265 02053c23  sd x0, 56(a0)
c5_12_s5_820:
   5266 06400213  addi tp, x0, 100
   5267 00452223  sw tp, 4(a0)
   5268 00000073  ecall
   5269 02053823  sd x0, 48(a0)
   5270 02053c23  sd x0, 56(a0)
c5_12_s6_821:
   5271 06500213  addi tp, x0, 101
   5272 00452223  sw tp, 4(a0)
   5273 00000073  ecall
   5274 02053823  sd x0, 48(a0)
   5275 02053c23  sd x0, 56(a0)
c5_12_s7_822:
   5276 06600213  addi tp, x0, 102
   5277 00452223  sw tp, 4(a0)
   5278 42000613  addi a2, x0, 1056
   5279 00000073  ecall
   5280 02050613  addi a2, a0, 32
        ; chain lay=5 i=13
c5_12_next_823:
c5_13_845:
   5281 01681193  slli gp, a6, 22
   5282 130ab083  ld ra, 304(s5)
   5283 138ab103  ld sp, 312(s5)
   5284 0e103023  sd ra, 224(x0)
   5285 0e203423  sd sp, 232(x0)
   5286 36f1f863  bgeu gp, a5, +880
   5287 3491f463  bgeu gp, s1, +840
   5288 3481fa63  bgeu gp, s0, +852
   5289 3471f663  bgeu gp, t2, +844
   5290 0061fc63  bgeu gp, t1, +24
c5_13_s1_831:
   5291 06800213  addi tp, x0, 104
   5292 00452223  sw tp, 4(a0)
   5293 00000073  ecall
   5294 02053823  sd x0, 48(a0)
   5295 02053c23  sd x0, 56(a0)
c5_13_s2_832:
   5296 06900213  addi tp, x0, 105
   5297 00452223  sw tp, 4(a0)
   5298 00000073  ecall
   5299 02053823  sd x0, 48(a0)
   5300 02053c23  sd x0, 56(a0)
c5_13_s3_833:
   5301 06a00213  addi tp, x0, 106
   5302 00452223  sw tp, 4(a0)
   5303 00000073  ecall
   5304 02053823  sd x0, 48(a0)
   5305 02053c23  sd x0, 56(a0)
c5_13_s4_834:
   5306 06b00213  addi tp, x0, 107
   5307 00452223  sw tp, 4(a0)
   5308 00000073  ecall
   5309 02053823  sd x0, 48(a0)
   5310 02053c23  sd x0, 56(a0)
c5_13_s5_835:
   5311 06c00213  addi tp, x0, 108
   5312 00452223  sw tp, 4(a0)
   5313 00000073  ecall
   5314 02053823  sd x0, 48(a0)
   5315 02053c23  sd x0, 56(a0)
c5_13_s6_836:
   5316 06d00213  addi tp, x0, 109
   5317 00452223  sw tp, 4(a0)
   5318 00000073  ecall
   5319 02053823  sd x0, 48(a0)
   5320 02053c23  sd x0, 56(a0)
c5_13_s7_837:
   5321 06e00213  addi tp, x0, 110
   5322 00452223  sw tp, 4(a0)
   5323 43000613  addi a2, x0, 1072
   5324 00000073  ecall
   5325 02050613  addi a2, a0, 32
c5_13_next_838:
   5326 2e00006f  jal x0, +736
rej_l5_635:
   5327 dd1fa06f  jal x0, -21040
c5_0_g4_645:
   5328 00e1fe63  bgeu gp, a4, +28
   5329 00d1fa63  bgeu gp, a3, +20
   5330 e90ff06f  jal x0, -2416
c5_0_p2_646:
   5331 e64ff06f  jal x0, -2460
c5_0_p3_647:
   5332 00000013  addi x0, x0, 0
   5333 e70ff06f  jal x0, -2448
c5_0_p5_648:
   5334 e94ff06f  jal x0, -2412
c5_0_p6_649:
   5335 00000013  addi x0, x0, 0
   5336 ea0ff06f  jal x0, -2400
c5_0_h7_644:
   5337 36103023  sd ra, 864(x0)
   5338 36203423  sd sp, 872(x0)
   5339 00000013  addi x0, x0, 0
   5340 ea4ff06f  jal x0, -2396
c5_1_g4_660:
   5341 00e1fe63  bgeu gp, a4, +28
   5342 00d1fa63  bgeu gp, a3, +20
   5343 f10ff06f  jal x0, -2288
c5_1_p2_661:
   5344 ee4ff06f  jal x0, -2332
c5_1_p3_662:
   5345 00000013  addi x0, x0, 0
   5346 ef0ff06f  jal x0, -2320
c5_1_p5_663:
   5347 f14ff06f  jal x0, -2284
c5_1_p6_664:
   5348 00000013  addi x0, x0, 0
   5349 f20ff06f  jal x0, -2272
c5_1_h7_659:
   5350 36103823  sd ra, 880(x0)
   5351 36203c23  sd sp, 888(x0)
   5352 00000013  addi x0, x0, 0
   5353 f24ff06f  jal x0, -2268
c5_2_g4_675:
   5354 00e1fe63  bgeu gp, a4, +28
   5355 00d1fa63  bgeu gp, a3, +20
   5356 f90ff06f  jal x0, -2160
c5_2_p2_676:
   5357 f64ff06f  jal x0, -2204
c5_2_p3_677:
   5358 00000013  addi x0, x0, 0
   5359 f70ff06f  jal x0, -2192
c5_2_p5_678:
   5360 f94ff06f  jal x0, -2156
c5_2_p6_679:
   5361 00000013  addi x0, x0, 0
   5362 fa0ff06f  jal x0, -2144
c5_2_h7_674:
   5363 38103023  sd ra, 896(x0)
   5364 38203423  sd sp, 904(x0)
   5365 00000013  addi x0, x0, 0
   5366 fa4ff06f  jal x0, -2140
c5_3_g4_690:
   5367 00e1fe63  bgeu gp, a4, +28
   5368 00d1fa63  bgeu gp, a3, +20
   5369 811ff06f  jal x0, -2032
c5_3_p2_691:
   5370 fe4ff06f  jal x0, -2076
c5_3_p3_692:
   5371 00000013  addi x0, x0, 0
   5372 ff0ff06f  jal x0, -2064
c5_3_p5_693:
   5373 815ff06f  jal x0, -2028
c5_3_p6_694:
   5374 00000013  addi x0, x0, 0
   5375 821ff06f  jal x0, -2016
c5_3_h7_689:
   5376 38103823  sd ra, 912(x0)
   5377 38203c23  sd sp, 920(x0)
   5378 00000013  addi x0, x0, 0
   5379 825ff06f  jal x0, -2012
c5_4_g4_705:
   5380 00e1fe63  bgeu gp, a4, +28
   5381 00d1fa63  bgeu gp, a3, +20
   5382 891ff06f  jal x0, -1904
c5_4_p2_706:
   5383 865ff06f  jal x0, -1948
c5_4_p3_707:
   5384 00000013  addi x0, x0, 0
   5385 871ff06f  jal x0, -1936
c5_4_p5_708:
   5386 895ff06f  jal x0, -1900
c5_4_p6_709:
   5387 00000013  addi x0, x0, 0
   5388 8a1ff06f  jal x0, -1888
c5_4_h7_704:
   5389 3a103023  sd ra, 928(x0)
   5390 3a203423  sd sp, 936(x0)
   5391 00000013  addi x0, x0, 0
   5392 8a5ff06f  jal x0, -1884
c5_5_g4_720:
   5393 00e1fe63  bgeu gp, a4, +28
   5394 00d1fa63  bgeu gp, a3, +20
   5395 911ff06f  jal x0, -1776
c5_5_p2_721:
   5396 8e5ff06f  jal x0, -1820
c5_5_p3_722:
   5397 00000013  addi x0, x0, 0
   5398 8f1ff06f  jal x0, -1808
c5_5_p5_723:
   5399 915ff06f  jal x0, -1772
c5_5_p6_724:
   5400 00000013  addi x0, x0, 0
   5401 921ff06f  jal x0, -1760
c5_5_h7_719:
   5402 3a103823  sd ra, 944(x0)
   5403 3a203c23  sd sp, 952(x0)
   5404 00000013  addi x0, x0, 0
   5405 925ff06f  jal x0, -1756
c5_6_g4_735:
   5406 00e1fe63  bgeu gp, a4, +28
   5407 00d1fa63  bgeu gp, a3, +20
   5408 991ff06f  jal x0, -1648
c5_6_p2_736:
   5409 965ff06f  jal x0, -1692
c5_6_p3_737:
   5410 00000013  addi x0, x0, 0
   5411 971ff06f  jal x0, -1680
c5_6_p5_738:
   5412 995ff06f  jal x0, -1644
c5_6_p6_739:
   5413 00000013  addi x0, x0, 0
   5414 9a1ff06f  jal x0, -1632
c5_6_h7_734:
   5415 3c103023  sd ra, 960(x0)
   5416 3c203423  sd sp, 968(x0)
   5417 00000013  addi x0, x0, 0
   5418 9a5ff06f  jal x0, -1628
c5_7_g4_750:
   5419 00e1fe63  bgeu gp, a4, +28
   5420 00d1fa63  bgeu gp, a3, +20
   5421 a11ff06f  jal x0, -1520
c5_7_p2_751:
   5422 9e5ff06f  jal x0, -1564
c5_7_p3_752:
   5423 00000013  addi x0, x0, 0
   5424 9f1ff06f  jal x0, -1552
c5_7_p5_753:
   5425 a15ff06f  jal x0, -1516
c5_7_p6_754:
   5426 00000013  addi x0, x0, 0
   5427 a21ff06f  jal x0, -1504
c5_7_h7_749:
   5428 3c103823  sd ra, 976(x0)
   5429 3c203c23  sd sp, 984(x0)
   5430 00000013  addi x0, x0, 0
   5431 a25ff06f  jal x0, -1500
c5_8_g4_765:
   5432 00e1fe63  bgeu gp, a4, +28
   5433 00d1fa63  bgeu gp, a3, +20
   5434 a91ff06f  jal x0, -1392
c5_8_p2_766:
   5435 a65ff06f  jal x0, -1436
c5_8_p3_767:
   5436 00000013  addi x0, x0, 0
   5437 a71ff06f  jal x0, -1424
c5_8_p5_768:
   5438 a95ff06f  jal x0, -1388
c5_8_p6_769:
   5439 00000013  addi x0, x0, 0
   5440 aa1ff06f  jal x0, -1376
c5_8_h7_764:
   5441 3e103023  sd ra, 992(x0)
   5442 3e203423  sd sp, 1000(x0)
   5443 00000013  addi x0, x0, 0
   5444 aa5ff06f  jal x0, -1372
c5_9_g4_780:
   5445 00e1fe63  bgeu gp, a4, +28
   5446 00d1fa63  bgeu gp, a3, +20
   5447 b11ff06f  jal x0, -1264
c5_9_p2_781:
   5448 ae5ff06f  jal x0, -1308
c5_9_p3_782:
   5449 00000013  addi x0, x0, 0
   5450 af1ff06f  jal x0, -1296
c5_9_p5_783:
   5451 b15ff06f  jal x0, -1260
c5_9_p6_784:
   5452 00000013  addi x0, x0, 0
   5453 b21ff06f  jal x0, -1248
c5_9_h7_779:
   5454 3e103823  sd ra, 1008(x0)
   5455 3e203c23  sd sp, 1016(x0)
   5456 00000013  addi x0, x0, 0
   5457 b25ff06f  jal x0, -1244
c5_10_g4_795:
   5458 00e1fe63  bgeu gp, a4, +28
   5459 00d1fa63  bgeu gp, a3, +20
   5460 b91ff06f  jal x0, -1136
c5_10_p2_796:
   5461 b65ff06f  jal x0, -1180
c5_10_p3_797:
   5462 00000013  addi x0, x0, 0
   5463 b71ff06f  jal x0, -1168
c5_10_p5_798:
   5464 b95ff06f  jal x0, -1132
c5_10_p6_799:
   5465 00000013  addi x0, x0, 0
   5466 ba1ff06f  jal x0, -1120
c5_10_h7_794:
   5467 40103023  sd ra, 1024(x0)
   5468 40203423  sd sp, 1032(x0)
   5469 00000013  addi x0, x0, 0
   5470 ba5ff06f  jal x0, -1116
c5_11_g4_810:
   5471 00e1fe63  bgeu gp, a4, +28
   5472 00d1fa63  bgeu gp, a3, +20
   5473 c11ff06f  jal x0, -1008
c5_11_p2_811:
   5474 be5ff06f  jal x0, -1052
c5_11_p3_812:
   5475 00000013  addi x0, x0, 0
   5476 bf1ff06f  jal x0, -1040
c5_11_p5_813:
   5477 c15ff06f  jal x0, -1004
c5_11_p6_814:
   5478 00000013  addi x0, x0, 0
   5479 c21ff06f  jal x0, -992
c5_11_h7_809:
   5480 40103823  sd ra, 1040(x0)
   5481 40203c23  sd sp, 1048(x0)
   5482 00000013  addi x0, x0, 0
   5483 c25ff06f  jal x0, -988
c5_12_g4_825:
   5484 00e1fe63  bgeu gp, a4, +28
   5485 00d1fa63  bgeu gp, a3, +20
   5486 c91ff06f  jal x0, -880
c5_12_p2_826:
   5487 c65ff06f  jal x0, -924
c5_12_p3_827:
   5488 00000013  addi x0, x0, 0
   5489 c71ff06f  jal x0, -912
c5_12_p5_828:
   5490 c95ff06f  jal x0, -876
c5_12_p6_829:
   5491 00000013  addi x0, x0, 0
   5492 ca1ff06f  jal x0, -864
c5_12_h7_824:
   5493 42103023  sd ra, 1056(x0)
   5494 42203423  sd sp, 1064(x0)
   5495 00000013  addi x0, x0, 0
   5496 ca5ff06f  jal x0, -860
c5_13_g4_840:
   5497 00e1fe63  bgeu gp, a4, +28
   5498 00d1fa63  bgeu gp, a3, +20
   5499 d11ff06f  jal x0, -752
c5_13_p2_841:
   5500 ce5ff06f  jal x0, -796
c5_13_p3_842:
   5501 00000013  addi x0, x0, 0
   5502 cf1ff06f  jal x0, -784
c5_13_p5_843:
   5503 d15ff06f  jal x0, -748
c5_13_p6_844:
   5504 00000013  addi x0, x0, 0
   5505 d21ff06f  jal x0, -736
c5_13_h7_839:
   5506 42103823  sd ra, 1072(x0)
   5507 42203c23  sd sp, 1080(x0)
   5508 00000013  addi x0, x0, 0
   5509 d25ff06f  jal x0, -732
        ; chain lay=5 i=14
l5_after0_846:
c5_14_861:
   5510 01381193  slli gp, a6, 19
   5511 140ab083  ld ra, 320(s5)
   5512 148ab103  ld sp, 328(s5)
   5513 0e103023  sd ra, 224(x0)
   5514 0e203423  sd sp, 232(x0)
   5515 1ef1f6e3  bgeu gp, a5, +2540
   5516 1c91f2e3  bgeu gp, s1, +2500
   5517 1c81f8e3  bgeu gp, s0, +2512
   5518 1c71f4e3  bgeu gp, t2, +2504
   5519 0061fc63  bgeu gp, t1, +24
c5_14_s1_847:
   5520 07000213  addi tp, x0, 112
   5521 00452223  sw tp, 4(a0)
   5522 00000073  ecall
   5523 02053823  sd x0, 48(a0)
   5524 02053c23  sd x0, 56(a0)
c5_14_s2_848:
   5525 07100213  addi tp, x0, 113
   5526 00452223  sw tp, 4(a0)
   5527 00000073  ecall
   5528 02053823  sd x0, 48(a0)
   5529 02053c23  sd x0, 56(a0)
c5_14_s3_849:
   5530 07200213  addi tp, x0, 114
   5531 00452223  sw tp, 4(a0)
   5532 00000073  ecall
   5533 02053823  sd x0, 48(a0)
   5534 02053c23  sd x0, 56(a0)
c5_14_s4_850:
   5535 07300213  addi tp, x0, 115
   5536 00452223  sw tp, 4(a0)
   5537 00000073  ecall
   5538 02053823  sd x0, 48(a0)
   5539 02053c23  sd x0, 56(a0)
c5_14_s5_851:
   5540 07400213  addi tp, x0, 116
   5541 00452223  sw tp, 4(a0)
   5542 00000073  ecall
   5543 02053823  sd x0, 48(a0)
   5544 02053c23  sd x0, 56(a0)
c5_14_s6_852:
   5545 07500213  addi tp, x0, 117
   5546 00452223  sw tp, 4(a0)
   5547 00000073  ecall
   5548 02053823  sd x0, 48(a0)
   5549 02053c23  sd x0, 56(a0)
c5_14_s7_853:
   5550 07600213  addi tp, x0, 118
   5551 00452223  sw tp, 4(a0)
   5552 44000613  addi a2, x0, 1088
   5553 00000073  ecall
   5554 02050613  addi a2, a0, 32
        ; chain lay=5 i=15
c5_14_next_854:
c5_15_876:
   5555 01081193  slli gp, a6, 16
   5556 150ab083  ld ra, 336(s5)
   5557 158ab103  ld sp, 344(s5)
   5558 0e103023  sd ra, 224(x0)
   5559 0e203423  sd sp, 232(x0)
   5560 16f1f6e3  bgeu gp, a5, +2412
   5561 1491f2e3  bgeu gp, s1, +2372
   5562 1481f8e3  bgeu gp, s0, +2384
   5563 1471f4e3  bgeu gp, t2, +2376
   5564 0061fc63  bgeu gp, t1, +24
c5_15_s1_862:
   5565 07800213  addi tp, x0, 120
   5566 00452223  sw tp, 4(a0)
   5567 00000073  ecall
   5568 02053823  sd x0, 48(a0)
   5569 02053c23  sd x0, 56(a0)
c5_15_s2_863:
   5570 07900213  addi tp, x0, 121
   5571 00452223  sw tp, 4(a0)
   5572 00000073  ecall
   5573 02053823  sd x0, 48(a0)
   5574 02053c23  sd x0, 56(a0)
c5_15_s3_864:
   5575 07a00213  addi tp, x0, 122
   5576 00452223  sw tp, 4(a0)
   5577 00000073  ecall
   5578 02053823  sd x0, 48(a0)
   5579 02053c23  sd x0, 56(a0)
c5_15_s4_865:
   5580 07b00213  addi tp, x0, 123
   5581 00452223  sw tp, 4(a0)
   5582 00000073  ecall
   5583 02053823  sd x0, 48(a0)
   5584 02053c23  sd x0, 56(a0)
c5_15_s5_866:
   5585 07c00213  addi tp, x0, 124
   5586 00452223  sw tp, 4(a0)
   5587 00000073  ecall
   5588 02053823  sd x0, 48(a0)
   5589 02053c23  sd x0, 56(a0)
c5_15_s6_867:
   5590 07d00213  addi tp, x0, 125
   5591 00452223  sw tp, 4(a0)
   5592 00000073  ecall
   5593 02053823  sd x0, 48(a0)
   5594 02053c23  sd x0, 56(a0)
c5_15_s7_868:
   5595 07e00213  addi tp, x0, 126
   5596 00452223  sw tp, 4(a0)
   5597 45000613  addi a2, x0, 1104
   5598 00000073  ecall
   5599 02050613  addi a2, a0, 32
        ; chain lay=5 i=16
c5_15_next_869:
c5_16_891:
   5600 00d81193  slli gp, a6, 13
   5601 160ab083  ld ra, 352(s5)
   5602 168ab103  ld sp, 360(s5)
   5603 0e103023  sd ra, 224(x0)
   5604 0e203423  sd sp, 232(x0)
   5605 0ef1f6e3  bgeu gp, a5, +2284
   5606 0c91f2e3  bgeu gp, s1, +2244
   5607 0c81f8e3  bgeu gp, s0, +2256
   5608 0c71f4e3  bgeu gp, t2, +2248
   5609 0061fc63  bgeu gp, t1, +24
c5_16_s1_877:
   5610 08000213  addi tp, x0, 128
   5611 00452223  sw tp, 4(a0)
   5612 00000073  ecall
   5613 02053823  sd x0, 48(a0)
   5614 02053c23  sd x0, 56(a0)
c5_16_s2_878:
   5615 08100213  addi tp, x0, 129
   5616 00452223  sw tp, 4(a0)
   5617 00000073  ecall
   5618 02053823  sd x0, 48(a0)
   5619 02053c23  sd x0, 56(a0)
c5_16_s3_879:
   5620 08200213  addi tp, x0, 130
   5621 00452223  sw tp, 4(a0)
   5622 00000073  ecall
   5623 02053823  sd x0, 48(a0)
   5624 02053c23  sd x0, 56(a0)
c5_16_s4_880:
   5625 08300213  addi tp, x0, 131
   5626 00452223  sw tp, 4(a0)
   5627 00000073  ecall
   5628 02053823  sd x0, 48(a0)
   5629 02053c23  sd x0, 56(a0)
c5_16_s5_881:
   5630 08400213  addi tp, x0, 132
   5631 00452223  sw tp, 4(a0)
   5632 00000073  ecall
   5633 02053823  sd x0, 48(a0)
   5634 02053c23  sd x0, 56(a0)
c5_16_s6_882:
   5635 08500213  addi tp, x0, 133
   5636 00452223  sw tp, 4(a0)
   5637 00000073  ecall
   5638 02053823  sd x0, 48(a0)
   5639 02053c23  sd x0, 56(a0)
c5_16_s7_883:
   5640 08600213  addi tp, x0, 134
   5641 00452223  sw tp, 4(a0)
   5642 46000613  addi a2, x0, 1120
   5643 00000073  ecall
   5644 02050613  addi a2, a0, 32
        ; chain lay=5 i=17
c5_16_next_884:
c5_17_906:
   5645 00a81193  slli gp, a6, 10
   5646 170ab083  ld ra, 368(s5)
   5647 178ab103  ld sp, 376(s5)
   5648 0e103023  sd ra, 224(x0)
   5649 0e203423  sd sp, 232(x0)
   5650 06f1f6e3  bgeu gp, a5, +2156
   5651 0491f2e3  bgeu gp, s1, +2116
   5652 0481f8e3  bgeu gp, s0, +2128
   5653 0471f4e3  bgeu gp, t2, +2120
   5654 0061fc63  bgeu gp, t1, +24
c5_17_s1_892:
   5655 08800213  addi tp, x0, 136
   5656 00452223  sw tp, 4(a0)
   5657 00000073  ecall
   5658 02053823  sd x0, 48(a0)
   5659 02053c23  sd x0, 56(a0)
c5_17_s2_893:
   5660 08900213  addi tp, x0, 137
   5661 00452223  sw tp, 4(a0)
   5662 00000073  ecall
   5663 02053823  sd x0, 48(a0)
   5664 02053c23  sd x0, 56(a0)
c5_17_s3_894:
   5665 08a00213  addi tp, x0, 138
   5666 00452223  sw tp, 4(a0)
   5667 00000073  ecall
   5668 02053823  sd x0, 48(a0)
   5669 02053c23  sd x0, 56(a0)
c5_17_s4_895:
   5670 08b00213  addi tp, x0, 139
   5671 00452223  sw tp, 4(a0)
   5672 00000073  ecall
   5673 02053823  sd x0, 48(a0)
   5674 02053c23  sd x0, 56(a0)
c5_17_s5_896:
   5675 08c00213  addi tp, x0, 140
   5676 00452223  sw tp, 4(a0)
   5677 00000073  ecall
   5678 02053823  sd x0, 48(a0)
   5679 02053c23  sd x0, 56(a0)
c5_17_s6_897:
   5680 08d00213  addi tp, x0, 141
   5681 00452223  sw tp, 4(a0)
   5682 00000073  ecall
   5683 02053823  sd x0, 48(a0)
   5684 02053c23  sd x0, 56(a0)
c5_17_s7_898:
   5685 08e00213  addi tp, x0, 142
   5686 00452223  sw tp, 4(a0)
   5687 47000613  addi a2, x0, 1136
   5688 00000073  ecall
   5689 02050613  addi a2, a0, 32
        ; chain lay=5 i=18
c5_17_next_899:
c5_18_921:
   5690 00781193  slli gp, a6, 7
   5691 180ab083  ld ra, 384(s5)
   5692 188ab103  ld sp, 392(s5)
   5693 0e103023  sd ra, 224(x0)
   5694 0e203423  sd sp, 232(x0)
   5695 7ef1f663  bgeu gp, a5, +2028
   5696 7c91f263  bgeu gp, s1, +1988
   5697 7c81f863  bgeu gp, s0, +2000
   5698 7c71f463  bgeu gp, t2, +1992
   5699 0061fc63  bgeu gp, t1, +24
c5_18_s1_907:
   5700 09000213  addi tp, x0, 144
   5701 00452223  sw tp, 4(a0)
   5702 00000073  ecall
   5703 02053823  sd x0, 48(a0)
   5704 02053c23  sd x0, 56(a0)
c5_18_s2_908:
   5705 09100213  addi tp, x0, 145
   5706 00452223  sw tp, 4(a0)
   5707 00000073  ecall
   5708 02053823  sd x0, 48(a0)
   5709 02053c23  sd x0, 56(a0)
c5_18_s3_909:
   5710 09200213  addi tp, x0, 146
   5711 00452223  sw tp, 4(a0)
   5712 00000073  ecall
   5713 02053823  sd x0, 48(a0)
   5714 02053c23  sd x0, 56(a0)
c5_18_s4_910:
   5715 09300213  addi tp, x0, 147
   5716 00452223  sw tp, 4(a0)
   5717 00000073  ecall
   5718 02053823  sd x0, 48(a0)
   5719 02053c23  sd x0, 56(a0)
c5_18_s5_911:
   5720 09400213  addi tp, x0, 148
   5721 00452223  sw tp, 4(a0)
   5722 00000073  ecall
   5723 02053823  sd x0, 48(a0)
   5724 02053c23  sd x0, 56(a0)
c5_18_s6_912:
   5725 09500213  addi tp, x0, 149
   5726 00452223  sw tp, 4(a0)
   5727 00000073  ecall
   5728 02053823  sd x0, 48(a0)
   5729 02053c23  sd x0, 56(a0)
c5_18_s7_913:
   5730 09600213  addi tp, x0, 150
   5731 00452223  sw tp, 4(a0)
   5732 48000613  addi a2, x0, 1152
   5733 00000073  ecall
   5734 02050613  addi a2, a0, 32
        ; chain lay=5 i=19
c5_18_next_914:
c5_19_936:
   5735 00481193  slli gp, a6, 4
   5736 190ab083  ld ra, 400(s5)
   5737 198ab103  ld sp, 408(s5)
   5738 0e103023  sd ra, 224(x0)
   5739 0e203423  sd sp, 232(x0)
   5740 76f1f663  bgeu gp, a5, +1900
   5741 7491f263  bgeu gp, s1, +1860
   5742 7481f863  bgeu gp, s0, +1872
   5743 7471f463  bgeu gp, t2, +1864
   5744 0061fc63  bgeu gp, t1, +24
c5_19_s1_922:
   5745 09800213  addi tp, x0, 152
   5746 00452223  sw tp, 4(a0)
   5747 00000073  ecall
   5748 02053823  sd x0, 48(a0)
   5749 02053c23  sd x0, 56(a0)
c5_19_s2_923:
   5750 09900213  addi tp, x0, 153
   5751 00452223  sw tp, 4(a0)
   5752 00000073  ecall
   5753 02053823  sd x0, 48(a0)
   5754 02053c23  sd x0, 56(a0)
c5_19_s3_924:
   5755 09a00213  addi tp, x0, 154
   5756 00452223  sw tp, 4(a0)
   5757 00000073  ecall
   5758 02053823  sd x0, 48(a0)
   5759 02053c23  sd x0, 56(a0)
c5_19_s4_925:
   5760 09b00213  addi tp, x0, 155
   5761 00452223  sw tp, 4(a0)
   5762 00000073  ecall
   5763 02053823  sd x0, 48(a0)
   5764 02053c23  sd x0, 56(a0)
c5_19_s5_926:
   5765 09c00213  addi tp, x0, 156
   5766 00452223  sw tp, 4(a0)
   5767 00000073  ecall
   5768 02053823  sd x0, 48(a0)
   5769 02053c23  sd x0, 56(a0)
c5_19_s6_927:
   5770 09d00213  addi tp, x0, 157
   5771 00452223  sw tp, 4(a0)
   5772 00000073  ecall
   5773 02053823  sd x0, 48(a0)
   5774 02053c23  sd x0, 56(a0)
c5_19_s7_928:
   5775 09e00213  addi tp, x0, 158
   5776 00452223  sw tp, 4(a0)
   5777 49000613  addi a2, x0, 1168
   5778 00000073  ecall
   5779 02050613  addi a2, a0, 32
        ; chain lay=5 i=20
c5_19_next_929:
c5_20_951:
   5780 00181193  slli gp, a6, 1
   5781 1a0ab083  ld ra, 416(s5)
   5782 1a8ab103  ld sp, 424(s5)
   5783 0e103023  sd ra, 224(x0)
   5784 0e203423  sd sp, 232(x0)
   5785 6ef1f663  bgeu gp, a5, +1772
   5786 6c91f263  bgeu gp, s1, +1732
   5787 6c81f863  bgeu gp, s0, +1744
   5788 6c71f463  bgeu gp, t2, +1736
   5789 0061fc63  bgeu gp, t1, +24
c5_20_s1_937:
   5790 0a000213  addi tp, x0, 160
   5791 00452223  sw tp, 4(a0)
   5792 00000073  ecall
   5793 02053823  sd x0, 48(a0)
   5794 02053c23  sd x0, 56(a0)
c5_20_s2_938:
   5795 0a100213  addi tp, x0, 161
   5796 00452223  sw tp, 4(a0)
   5797 00000073  ecall
   5798 02053823  sd x0, 48(a0)
   5799 02053c23  sd x0, 56(a0)
c5_20_s3_939:
   5800 0a200213  addi tp, x0, 162
   5801 00452223  sw tp, 4(a0)
   5802 00000073  ecall
   5803 02053823  sd x0, 48(a0)
   5804 02053c23  sd x0, 56(a0)
c5_20_s4_940:
   5805 0a300213  addi tp, x0, 163
   5806 00452223  sw tp, 4(a0)
   5807 00000073  ecall
   5808 02053823  sd x0, 48(a0)
   5809 02053c23  sd x0, 56(a0)
c5_20_s5_941:
   5810 0a400213  addi tp, x0, 164
   5811 00452223  sw tp, 4(a0)
   5812 00000073  ecall
   5813 02053823  sd x0, 48(a0)
   5814 02053c23  sd x0, 56(a0)
c5_20_s6_942:
   5815 0a500213  addi tp, x0, 165
   5816 00452223  sw tp, 4(a0)
   5817 00000073  ecall
   5818 02053823  sd x0, 48(a0)
   5819 02053c23  sd x0, 56(a0)
c5_20_s7_943:
   5820 0a600213  addi tp, x0, 166
   5821 00452223  sw tp, 4(a0)
   5822 4a000613  addi a2, x0, 1184
   5823 00000073  ecall
   5824 02050613  addi a2, a0, 32
        ; chain lay=5 i=21
c5_20_next_944:
c5_21_966:
   5825 03d89193  slli gp, a7, 61
   5826 1b0ab083  ld ra, 432(s5)
   5827 1b8ab103  ld sp, 440(s5)
   5828 0e103023  sd ra, 224(x0)
   5829 0e203423  sd sp, 232(x0)
   5830 66f1f663  bgeu gp, a5, +1644
   5831 6491f263  bgeu gp, s1, +1604
   5832 6481f863  bgeu gp, s0, +1616
   5833 6471f463  bgeu gp, t2, +1608
   5834 0061fc63  bgeu gp, t1, +24
c5_21_s1_952:
   5835 0a800213  addi tp, x0, 168
   5836 00452223  sw tp, 4(a0)
   5837 00000073  ecall
   5838 02053823  sd x0, 48(a0)
   5839 02053c23  sd x0, 56(a0)
c5_21_s2_953:
   5840 0a900213  addi tp, x0, 169
   5841 00452223  sw tp, 4(a0)
   5842 00000073  ecall
   5843 02053823  sd x0, 48(a0)
   5844 02053c23  sd x0, 56(a0)
c5_21_s3_954:
   5845 0aa00213  addi tp, x0, 170
   5846 00452223  sw tp, 4(a0)
   5847 00000073  ecall
   5848 02053823  sd x0, 48(a0)
   5849 02053c23  sd x0, 56(a0)
c5_21_s4_955:
   5850 0ab00213  addi tp, x0, 171
   5851 00452223  sw tp, 4(a0)
   5852 00000073  ecall
   5853 02053823  sd x0, 48(a0)
   5854 02053c23  sd x0, 56(a0)
c5_21_s5_956:
   5855 0ac00213  addi tp, x0, 172
   5856 00452223  sw tp, 4(a0)
   5857 00000073  ecall
   5858 02053823  sd x0, 48(a0)
   5859 02053c23  sd x0, 56(a0)
c5_21_s6_957:
   5860 0ad00213  addi tp, x0, 173
   5861 00452223  sw tp, 4(a0)
   5862 00000073  ecall
   5863 02053823  sd x0, 48(a0)
   5864 02053c23  sd x0, 56(a0)
c5_21_s7_958:
   5865 0ae00213  addi tp, x0, 174
   5866 00452223  sw tp, 4(a0)
   5867 4b000613  addi a2, x0, 1200
   5868 00000073  ecall
   5869 02050613  addi a2, a0, 32
        ; chain lay=5 i=22
c5_21_next_959:
c5_22_981:
   5870 03a89193  slli gp, a7, 58
   5871 1c0ab083  ld ra, 448(s5)
   5872 1c8ab103  ld sp, 456(s5)
   5873 0e103023  sd ra, 224(x0)
   5874 0e203423  sd sp, 232(x0)
   5875 5ef1f663  bgeu gp, a5, +1516
   5876 5c91f263  bgeu gp, s1, +1476
   5877 5c81f863  bgeu gp, s0, +1488
   5878 5c71f463  bgeu gp, t2, +1480
   5879 0061fc63  bgeu gp, t1, +24
c5_22_s1_967:
   5880 0b000213  addi tp, x0, 176
   5881 00452223  sw tp, 4(a0)
   5882 00000073  ecall
   5883 02053823  sd x0, 48(a0)
   5884 02053c23  sd x0, 56(a0)
c5_22_s2_968:
   5885 0b100213  addi tp, x0, 177
   5886 00452223  sw tp, 4(a0)
   5887 00000073  ecall
   5888 02053823  sd x0, 48(a0)
   5889 02053c23  sd x0, 56(a0)
c5_22_s3_969:
   5890 0b200213  addi tp, x0, 178
   5891 00452223  sw tp, 4(a0)
   5892 00000073  ecall
   5893 02053823  sd x0, 48(a0)
   5894 02053c23  sd x0, 56(a0)
c5_22_s4_970:
   5895 0b300213  addi tp, x0, 179
   5896 00452223  sw tp, 4(a0)
   5897 00000073  ecall
   5898 02053823  sd x0, 48(a0)
   5899 02053c23  sd x0, 56(a0)
c5_22_s5_971:
   5900 0b400213  addi tp, x0, 180
   5901 00452223  sw tp, 4(a0)
   5902 00000073  ecall
   5903 02053823  sd x0, 48(a0)
   5904 02053c23  sd x0, 56(a0)
c5_22_s6_972:
   5905 0b500213  addi tp, x0, 181
   5906 00452223  sw tp, 4(a0)
   5907 00000073  ecall
   5908 02053823  sd x0, 48(a0)
   5909 02053c23  sd x0, 56(a0)
c5_22_s7_973:
   5910 0b600213  addi tp, x0, 182
   5911 00452223  sw tp, 4(a0)
   5912 4c000613  addi a2, x0, 1216
   5913 00000073  ecall
   5914 02050613  addi a2, a0, 32
        ; chain lay=5 i=23
c5_22_next_974:
c5_23_996:
   5915 03789193  slli gp, a7, 55
   5916 1d0ab083  ld ra, 464(s5)
   5917 1d8ab103  ld sp, 472(s5)
   5918 0e103023  sd ra, 224(x0)
   5919 0e203423  sd sp, 232(x0)
   5920 56f1f663  bgeu gp, a5, +1388
   5921 5491f263  bgeu gp, s1, +1348
   5922 5481f863  bgeu gp, s0, +1360
   5923 5471f463  bgeu gp, t2, +1352
   5924 0061fc63  bgeu gp, t1, +24
c5_23_s1_982:
   5925 0b800213  addi tp, x0, 184
   5926 00452223  sw tp, 4(a0)
   5927 00000073  ecall
   5928 02053823  sd x0, 48(a0)
   5929 02053c23  sd x0, 56(a0)
c5_23_s2_983:
   5930 0b900213  addi tp, x0, 185
   5931 00452223  sw tp, 4(a0)
   5932 00000073  ecall
   5933 02053823  sd x0, 48(a0)
   5934 02053c23  sd x0, 56(a0)
c5_23_s3_984:
   5935 0ba00213  addi tp, x0, 186
   5936 00452223  sw tp, 4(a0)
   5937 00000073  ecall
   5938 02053823  sd x0, 48(a0)
   5939 02053c23  sd x0, 56(a0)
c5_23_s4_985:
   5940 0bb00213  addi tp, x0, 187
   5941 00452223  sw tp, 4(a0)
   5942 00000073  ecall
   5943 02053823  sd x0, 48(a0)
   5944 02053c23  sd x0, 56(a0)
c5_23_s5_986:
   5945 0bc00213  addi tp, x0, 188
   5946 00452223  sw tp, 4(a0)
   5947 00000073  ecall
   5948 02053823  sd x0, 48(a0)
   5949 02053c23  sd x0, 56(a0)
c5_23_s6_987:
   5950 0bd00213  addi tp, x0, 189
   5951 00452223  sw tp, 4(a0)
   5952 00000073  ecall
   5953 02053823  sd x0, 48(a0)
   5954 02053c23  sd x0, 56(a0)
c5_23_s7_988:
   5955 0be00213  addi tp, x0, 190
   5956 00452223  sw tp, 4(a0)
   5957 4d000613  addi a2, x0, 1232
   5958 00000073  ecall
   5959 02050613  addi a2, a0, 32
        ; chain lay=5 i=24
c5_23_next_989:
c5_24_1011:
   5960 03489193  slli gp, a7, 52
   5961 1e0ab083  ld ra, 480(s5)
   5962 1e8ab103  ld sp, 488(s5)
   5963 0e103023  sd ra, 224(x0)
   5964 0e203423  sd sp, 232(x0)
   5965 4ef1f663  bgeu gp, a5, +1260
   5966 4c91f263  bgeu gp, s1, +1220
   5967 4c81f863  bgeu gp, s0, +1232
   5968 4c71f463  bgeu gp, t2, +1224
   5969 0061fc63  bgeu gp, t1, +24
c5_24_s1_997:
   5970 0c000213  addi tp, x0, 192
   5971 00452223  sw tp, 4(a0)
   5972 00000073  ecall
   5973 02053823  sd x0, 48(a0)
   5974 02053c23  sd x0, 56(a0)
c5_24_s2_998:
   5975 0c100213  addi tp, x0, 193
   5976 00452223  sw tp, 4(a0)
   5977 00000073  ecall
   5978 02053823  sd x0, 48(a0)
   5979 02053c23  sd x0, 56(a0)
c5_24_s3_999:
   5980 0c200213  addi tp, x0, 194
   5981 00452223  sw tp, 4(a0)
   5982 00000073  ecall
   5983 02053823  sd x0, 48(a0)
   5984 02053c23  sd x0, 56(a0)
c5_24_s4_1000:
   5985 0c300213  addi tp, x0, 195
   5986 00452223  sw tp, 4(a0)
   5987 00000073  ecall
   5988 02053823  sd x0, 48(a0)
   5989 02053c23  sd x0, 56(a0)
c5_24_s5_1001:
   5990 0c400213  addi tp, x0, 196
   5991 00452223  sw tp, 4(a0)
   5992 00000073  ecall
   5993 02053823  sd x0, 48(a0)
   5994 02053c23  sd x0, 56(a0)
c5_24_s6_1002:
   5995 0c500213  addi tp, x0, 197
   5996 00452223  sw tp, 4(a0)
   5997 00000073  ecall
   5998 02053823  sd x0, 48(a0)
   5999 02053c23  sd x0, 56(a0)
c5_24_s7_1003:
   6000 0c600213  addi tp, x0, 198
   6001 00452223  sw tp, 4(a0)
   6002 4e000613  addi a2, x0, 1248
   6003 00000073  ecall
   6004 02050613  addi a2, a0, 32
        ; chain lay=5 i=25
c5_24_next_1004:
c5_25_1026:
   6005 03189193  slli gp, a7, 49
   6006 1f0ab083  ld ra, 496(s5)
   6007 1f8ab103  ld sp, 504(s5)
   6008 0e103023  sd ra, 224(x0)
   6009 0e203423  sd sp, 232(x0)
   6010 46f1f663  bgeu gp, a5, +1132
   6011 4491f263  bgeu gp, s1, +1092
   6012 4481f863  bgeu gp, s0, +1104
   6013 4471f463  bgeu gp, t2, +1096
   6014 0061fc63  bgeu gp, t1, +24
c5_25_s1_1012:
   6015 0c800213  addi tp, x0, 200
   6016 00452223  sw tp, 4(a0)
   6017 00000073  ecall
   6018 02053823  sd x0, 48(a0)
   6019 02053c23  sd x0, 56(a0)
c5_25_s2_1013:
   6020 0c900213  addi tp, x0, 201
   6021 00452223  sw tp, 4(a0)
   6022 00000073  ecall
   6023 02053823  sd x0, 48(a0)
   6024 02053c23  sd x0, 56(a0)
c5_25_s3_1014:
   6025 0ca00213  addi tp, x0, 202
   6026 00452223  sw tp, 4(a0)
   6027 00000073  ecall
   6028 02053823  sd x0, 48(a0)
   6029 02053c23  sd x0, 56(a0)
c5_25_s4_1015:
   6030 0cb00213  addi tp, x0, 203
   6031 00452223  sw tp, 4(a0)
   6032 00000073  ecall
   6033 02053823  sd x0, 48(a0)
   6034 02053c23  sd x0, 56(a0)
c5_25_s5_1016:
   6035 0cc00213  addi tp, x0, 204
   6036 00452223  sw tp, 4(a0)
   6037 00000073  ecall
   6038 02053823  sd x0, 48(a0)
   6039 02053c23  sd x0, 56(a0)
c5_25_s6_1017:
   6040 0cd00213  addi tp, x0, 205
   6041 00452223  sw tp, 4(a0)
   6042 00000073  ecall
   6043 02053823  sd x0, 48(a0)
   6044 02053c23  sd x0, 56(a0)
c5_25_s7_1018:
   6045 0ce00213  addi tp, x0, 206
   6046 00452223  sw tp, 4(a0)
   6047 4f000613  addi a2, x0, 1264
   6048 00000073  ecall
   6049 02050613  addi a2, a0, 32
        ; chain lay=5 i=26
c5_25_next_1019:
c5_26_1041:
   6050 02e89193  slli gp, a7, 46
   6051 200ab083  ld ra, 512(s5)
   6052 208ab103  ld sp, 520(s5)
   6053 0e103023  sd ra, 224(x0)
   6054 0e203423  sd sp, 232(x0)
   6055 3ef1f663  bgeu gp, a5, +1004
   6056 3c91f263  bgeu gp, s1, +964
   6057 3c81f863  bgeu gp, s0, +976
   6058 3c71f463  bgeu gp, t2, +968
   6059 0061fc63  bgeu gp, t1, +24
c5_26_s1_1027:
   6060 0d000213  addi tp, x0, 208
   6061 00452223  sw tp, 4(a0)
   6062 00000073  ecall
   6063 02053823  sd x0, 48(a0)
   6064 02053c23  sd x0, 56(a0)
c5_26_s2_1028:
   6065 0d100213  addi tp, x0, 209
   6066 00452223  sw tp, 4(a0)
   6067 00000073  ecall
   6068 02053823  sd x0, 48(a0)
   6069 02053c23  sd x0, 56(a0)
c5_26_s3_1029:
   6070 0d200213  addi tp, x0, 210
   6071 00452223  sw tp, 4(a0)
   6072 00000073  ecall
   6073 02053823  sd x0, 48(a0)
   6074 02053c23  sd x0, 56(a0)
c5_26_s4_1030:
   6075 0d300213  addi tp, x0, 211
   6076 00452223  sw tp, 4(a0)
   6077 00000073  ecall
   6078 02053823  sd x0, 48(a0)
   6079 02053c23  sd x0, 56(a0)
c5_26_s5_1031:
   6080 0d400213  addi tp, x0, 212
   6081 00452223  sw tp, 4(a0)
   6082 00000073  ecall
   6083 02053823  sd x0, 48(a0)
   6084 02053c23  sd x0, 56(a0)
c5_26_s6_1032:
   6085 0d500213  addi tp, x0, 213
   6086 00452223  sw tp, 4(a0)
   6087 00000073  ecall
   6088 02053823  sd x0, 48(a0)
   6089 02053c23  sd x0, 56(a0)
c5_26_s7_1033:
   6090 0d600213  addi tp, x0, 214
   6091 00452223  sw tp, 4(a0)
   6092 50000613  addi a2, x0, 1280
   6093 00000073  ecall
   6094 02050613  addi a2, a0, 32
        ; chain lay=5 i=27
c5_26_next_1034:
c5_27_1056:
   6095 02b89193  slli gp, a7, 43
   6096 210ab083  ld ra, 528(s5)
   6097 218ab103  ld sp, 536(s5)
   6098 0e103023  sd ra, 224(x0)
   6099 0e203423  sd sp, 232(x0)
   6100 36f1f663  bgeu gp, a5, +876
   6101 3491f263  bgeu gp, s1, +836
   6102 3481f863  bgeu gp, s0, +848
   6103 3471f463  bgeu gp, t2, +840
   6104 0061fc63  bgeu gp, t1, +24
c5_27_s1_1042:
   6105 0d800213  addi tp, x0, 216
   6106 00452223  sw tp, 4(a0)
   6107 00000073  ecall
   6108 02053823  sd x0, 48(a0)
   6109 02053c23  sd x0, 56(a0)
c5_27_s2_1043:
   6110 0d900213  addi tp, x0, 217
   6111 00452223  sw tp, 4(a0)
   6112 00000073  ecall
   6113 02053823  sd x0, 48(a0)
   6114 02053c23  sd x0, 56(a0)
c5_27_s3_1044:
   6115 0da00213  addi tp, x0, 218
   6116 00452223  sw tp, 4(a0)
   6117 00000073  ecall
   6118 02053823  sd x0, 48(a0)
   6119 02053c23  sd x0, 56(a0)
c5_27_s4_1045:
   6120 0db00213  addi tp, x0, 219
   6121 00452223  sw tp, 4(a0)
   6122 00000073  ecall
   6123 02053823  sd x0, 48(a0)
   6124 02053c23  sd x0, 56(a0)
c5_27_s5_1046:
   6125 0dc00213  addi tp, x0, 220
   6126 00452223  sw tp, 4(a0)
   6127 00000073  ecall
   6128 02053823  sd x0, 48(a0)
   6129 02053c23  sd x0, 56(a0)
c5_27_s6_1047:
   6130 0dd00213  addi tp, x0, 221
   6131 00452223  sw tp, 4(a0)
   6132 00000073  ecall
   6133 02053823  sd x0, 48(a0)
   6134 02053c23  sd x0, 56(a0)
c5_27_s7_1048:
   6135 0de00213  addi tp, x0, 222
   6136 00452223  sw tp, 4(a0)
   6137 51000613  addi a2, x0, 1296
   6138 00000073  ecall
   6139 02050613  addi a2, a0, 32
c5_27_next_1049:
   6140 2dc0006f  jal x0, +732
c5_14_g4_856:
   6141 00e1fe63  bgeu gp, a4, +28
   6142 00d1fa63  bgeu gp, a3, +20
   6143 e94ff06f  jal x0, -2412
c5_14_p2_857:
   6144 e68ff06f  jal x0, -2456
c5_14_p3_858:
   6145 00000013  addi x0, x0, 0
   6146 e74ff06f  jal x0, -2444
c5_14_p5_859:
   6147 e98ff06f  jal x0, -2408
c5_14_p6_860:
   6148 00000013  addi x0, x0, 0
   6149 ea4ff06f  jal x0, -2396
c5_14_h7_855:
   6150 44103023  sd ra, 1088(x0)
   6151 44203423  sd sp, 1096(x0)
   6152 00000013  addi x0, x0, 0
   6153 ea8ff06f  jal x0, -2392
c5_15_g4_871:
   6154 00e1fe63  bgeu gp, a4, +28
   6155 00d1fa63  bgeu gp, a3, +20
   6156 f14ff06f  jal x0, -2284
c5_15_p2_872:
   6157 ee8ff06f  jal x0, -2328
c5_15_p3_873:
   6158 00000013  addi x0, x0, 0
   6159 ef4ff06f  jal x0, -2316
c5_15_p5_874:
   6160 f18ff06f  jal x0, -2280
c5_15_p6_875:
   6161 00000013  addi x0, x0, 0
   6162 f24ff06f  jal x0, -2268
c5_15_h7_870:
   6163 44103823  sd ra, 1104(x0)
   6164 44203c23  sd sp, 1112(x0)
   6165 00000013  addi x0, x0, 0
   6166 f28ff06f  jal x0, -2264
c5_16_g4_886:
   6167 00e1fe63  bgeu gp, a4, +28
   6168 00d1fa63  bgeu gp, a3, +20
   6169 f94ff06f  jal x0, -2156
c5_16_p2_887:
   6170 f68ff06f  jal x0, -2200
c5_16_p3_888:
   6171 00000013  addi x0, x0, 0
   6172 f74ff06f  jal x0, -2188
c5_16_p5_889:
   6173 f98ff06f  jal x0, -2152
c5_16_p6_890:
   6174 00000013  addi x0, x0, 0
   6175 fa4ff06f  jal x0, -2140
c5_16_h7_885:
   6176 46103023  sd ra, 1120(x0)
   6177 46203423  sd sp, 1128(x0)
   6178 00000013  addi x0, x0, 0
   6179 fa8ff06f  jal x0, -2136
c5_17_g4_901:
   6180 00e1fe63  bgeu gp, a4, +28
   6181 00d1fa63  bgeu gp, a3, +20
   6182 815ff06f  jal x0, -2028
c5_17_p2_902:
   6183 fe8ff06f  jal x0, -2072
c5_17_p3_903:
   6184 00000013  addi x0, x0, 0
   6185 ff4ff06f  jal x0, -2060
c5_17_p5_904:
   6186 819ff06f  jal x0, -2024
c5_17_p6_905:
   6187 00000013  addi x0, x0, 0
   6188 825ff06f  jal x0, -2012
c5_17_h7_900:
   6189 46103823  sd ra, 1136(x0)
   6190 46203c23  sd sp, 1144(x0)
   6191 00000013  addi x0, x0, 0
   6192 829ff06f  jal x0, -2008
c5_18_g4_916:
   6193 00e1fe63  bgeu gp, a4, +28
   6194 00d1fa63  bgeu gp, a3, +20
   6195 895ff06f  jal x0, -1900
c5_18_p2_917:
   6196 869ff06f  jal x0, -1944
c5_18_p3_918:
   6197 00000013  addi x0, x0, 0
   6198 875ff06f  jal x0, -1932
c5_18_p5_919:
   6199 899ff06f  jal x0, -1896
c5_18_p6_920:
   6200 00000013  addi x0, x0, 0
   6201 8a5ff06f  jal x0, -1884
c5_18_h7_915:
   6202 48103023  sd ra, 1152(x0)
   6203 48203423  sd sp, 1160(x0)
   6204 00000013  addi x0, x0, 0
   6205 8a9ff06f  jal x0, -1880
c5_19_g4_931:
   6206 00e1fe63  bgeu gp, a4, +28
   6207 00d1fa63  bgeu gp, a3, +20
   6208 915ff06f  jal x0, -1772
c5_19_p2_932:
   6209 8e9ff06f  jal x0, -1816
c5_19_p3_933:
   6210 00000013  addi x0, x0, 0
   6211 8f5ff06f  jal x0, -1804
c5_19_p5_934:
   6212 919ff06f  jal x0, -1768
c5_19_p6_935:
   6213 00000013  addi x0, x0, 0
   6214 925ff06f  jal x0, -1756
c5_19_h7_930:
   6215 48103823  sd ra, 1168(x0)
   6216 48203c23  sd sp, 1176(x0)
   6217 00000013  addi x0, x0, 0
   6218 929ff06f  jal x0, -1752
c5_20_g4_946:
   6219 00e1fe63  bgeu gp, a4, +28
   6220 00d1fa63  bgeu gp, a3, +20
   6221 995ff06f  jal x0, -1644
c5_20_p2_947:
   6222 969ff06f  jal x0, -1688
c5_20_p3_948:
   6223 00000013  addi x0, x0, 0
   6224 975ff06f  jal x0, -1676
c5_20_p5_949:
   6225 999ff06f  jal x0, -1640
c5_20_p6_950:
   6226 00000013  addi x0, x0, 0
   6227 9a5ff06f  jal x0, -1628
c5_20_h7_945:
   6228 4a103023  sd ra, 1184(x0)
   6229 4a203423  sd sp, 1192(x0)
   6230 00000013  addi x0, x0, 0
   6231 9a9ff06f  jal x0, -1624
c5_21_g4_961:
   6232 00e1fe63  bgeu gp, a4, +28
   6233 00d1fa63  bgeu gp, a3, +20
   6234 a15ff06f  jal x0, -1516
c5_21_p2_962:
   6235 9e9ff06f  jal x0, -1560
c5_21_p3_963:
   6236 00000013  addi x0, x0, 0
   6237 9f5ff06f  jal x0, -1548
c5_21_p5_964:
   6238 a19ff06f  jal x0, -1512
c5_21_p6_965:
   6239 00000013  addi x0, x0, 0
   6240 a25ff06f  jal x0, -1500
c5_21_h7_960:
   6241 4a103823  sd ra, 1200(x0)
   6242 4a203c23  sd sp, 1208(x0)
   6243 00000013  addi x0, x0, 0
   6244 a29ff06f  jal x0, -1496
c5_22_g4_976:
   6245 00e1fe63  bgeu gp, a4, +28
   6246 00d1fa63  bgeu gp, a3, +20
   6247 a95ff06f  jal x0, -1388
c5_22_p2_977:
   6248 a69ff06f  jal x0, -1432
c5_22_p3_978:
   6249 00000013  addi x0, x0, 0
   6250 a75ff06f  jal x0, -1420
c5_22_p5_979:
   6251 a99ff06f  jal x0, -1384
c5_22_p6_980:
   6252 00000013  addi x0, x0, 0
   6253 aa5ff06f  jal x0, -1372
c5_22_h7_975:
   6254 4c103023  sd ra, 1216(x0)
   6255 4c203423  sd sp, 1224(x0)
   6256 00000013  addi x0, x0, 0
   6257 aa9ff06f  jal x0, -1368
c5_23_g4_991:
   6258 00e1fe63  bgeu gp, a4, +28
   6259 00d1fa63  bgeu gp, a3, +20
   6260 b15ff06f  jal x0, -1260
c5_23_p2_992:
   6261 ae9ff06f  jal x0, -1304
c5_23_p3_993:
   6262 00000013  addi x0, x0, 0
   6263 af5ff06f  jal x0, -1292
c5_23_p5_994:
   6264 b19ff06f  jal x0, -1256
c5_23_p6_995:
   6265 00000013  addi x0, x0, 0
   6266 b25ff06f  jal x0, -1244
c5_23_h7_990:
   6267 4c103823  sd ra, 1232(x0)
   6268 4c203c23  sd sp, 1240(x0)
   6269 00000013  addi x0, x0, 0
   6270 b29ff06f  jal x0, -1240
c5_24_g4_1006:
   6271 00e1fe63  bgeu gp, a4, +28
   6272 00d1fa63  bgeu gp, a3, +20
   6273 b95ff06f  jal x0, -1132
c5_24_p2_1007:
   6274 b69ff06f  jal x0, -1176
c5_24_p3_1008:
   6275 00000013  addi x0, x0, 0
   6276 b75ff06f  jal x0, -1164
c5_24_p5_1009:
   6277 b99ff06f  jal x0, -1128
c5_24_p6_1010:
   6278 00000013  addi x0, x0, 0
   6279 ba5ff06f  jal x0, -1116
c5_24_h7_1005:
   6280 4e103023  sd ra, 1248(x0)
   6281 4e203423  sd sp, 1256(x0)
   6282 00000013  addi x0, x0, 0
   6283 ba9ff06f  jal x0, -1112
c5_25_g4_1021:
   6284 00e1fe63  bgeu gp, a4, +28
   6285 00d1fa63  bgeu gp, a3, +20
   6286 c15ff06f  jal x0, -1004
c5_25_p2_1022:
   6287 be9ff06f  jal x0, -1048
c5_25_p3_1023:
   6288 00000013  addi x0, x0, 0
   6289 bf5ff06f  jal x0, -1036
c5_25_p5_1024:
   6290 c19ff06f  jal x0, -1000
c5_25_p6_1025:
   6291 00000013  addi x0, x0, 0
   6292 c25ff06f  jal x0, -988
c5_25_h7_1020:
   6293 4e103823  sd ra, 1264(x0)
   6294 4e203c23  sd sp, 1272(x0)
   6295 00000013  addi x0, x0, 0
   6296 c29ff06f  jal x0, -984
c5_26_g4_1036:
   6297 00e1fe63  bgeu gp, a4, +28
   6298 00d1fa63  bgeu gp, a3, +20
   6299 c95ff06f  jal x0, -876
c5_26_p2_1037:
   6300 c69ff06f  jal x0, -920
c5_26_p3_1038:
   6301 00000013  addi x0, x0, 0
   6302 c75ff06f  jal x0, -908
c5_26_p5_1039:
   6303 c99ff06f  jal x0, -872
c5_26_p6_1040:
   6304 00000013  addi x0, x0, 0
   6305 ca5ff06f  jal x0, -860
c5_26_h7_1035:
   6306 50103023  sd ra, 1280(x0)
   6307 50203423  sd sp, 1288(x0)
   6308 00000013  addi x0, x0, 0
   6309 ca9ff06f  jal x0, -856
c5_27_g4_1051:
   6310 00e1fe63  bgeu gp, a4, +28
   6311 00d1fa63  bgeu gp, a3, +20
   6312 d15ff06f  jal x0, -748
c5_27_p2_1052:
   6313 ce9ff06f  jal x0, -792
c5_27_p3_1053:
   6314 00000013  addi x0, x0, 0
   6315 cf5ff06f  jal x0, -780
c5_27_p5_1054:
   6316 d19ff06f  jal x0, -744
c5_27_p6_1055:
   6317 00000013  addi x0, x0, 0
   6318 d25ff06f  jal x0, -732
c5_27_h7_1050:
   6319 50103823  sd ra, 1296(x0)
   6320 50203c23  sd sp, 1304(x0)
   6321 00000013  addi x0, x0, 0
   6322 d29ff06f  jal x0, -728
        ; chain lay=5 i=28
l5_after1_1057:
c5_28_1072:
   6323 02889193  slli gp, a7, 40
   6324 220ab083  ld ra, 544(s5)
   6325 228ab103  ld sp, 552(s5)
   6326 0e103023  sd ra, 224(x0)
   6327 0e203423  sd sp, 232(x0)
   6328 1ef1f6e3  bgeu gp, a5, +2540
   6329 1c91f2e3  bgeu gp, s1, +2500
   6330 1c81f8e3  bgeu gp, s0, +2512
   6331 1c71f4e3  bgeu gp, t2, +2504
   6332 0061fc63  bgeu gp, t1, +24
c5_28_s1_1058:
   6333 0e000213  addi tp, x0, 224
   6334 00452223  sw tp, 4(a0)
   6335 00000073  ecall
   6336 02053823  sd x0, 48(a0)
   6337 02053c23  sd x0, 56(a0)
c5_28_s2_1059:
   6338 0e100213  addi tp, x0, 225
   6339 00452223  sw tp, 4(a0)
   6340 00000073  ecall
   6341 02053823  sd x0, 48(a0)
   6342 02053c23  sd x0, 56(a0)
c5_28_s3_1060:
   6343 0e200213  addi tp, x0, 226
   6344 00452223  sw tp, 4(a0)
   6345 00000073  ecall
   6346 02053823  sd x0, 48(a0)
   6347 02053c23  sd x0, 56(a0)
c5_28_s4_1061:
   6348 0e300213  addi tp, x0, 227
   6349 00452223  sw tp, 4(a0)
   6350 00000073  ecall
   6351 02053823  sd x0, 48(a0)
   6352 02053c23  sd x0, 56(a0)
c5_28_s5_1062:
   6353 0e400213  addi tp, x0, 228
   6354 00452223  sw tp, 4(a0)
   6355 00000073  ecall
   6356 02053823  sd x0, 48(a0)
   6357 02053c23  sd x0, 56(a0)
c5_28_s6_1063:
   6358 0e500213  addi tp, x0, 229
   6359 00452223  sw tp, 4(a0)
   6360 00000073  ecall
   6361 02053823  sd x0, 48(a0)
   6362 02053c23  sd x0, 56(a0)
c5_28_s7_1064:
   6363 0e600213  addi tp, x0, 230
   6364 00452223  sw tp, 4(a0)
   6365 52000613  addi a2, x0, 1312
   6366 00000073  ecall
   6367 02050613  addi a2, a0, 32
        ; chain lay=5 i=29
c5_28_next_1065:
c5_29_1087:
   6368 02589193  slli gp, a7, 37
   6369 230ab083  ld ra, 560(s5)
   6370 238ab103  ld sp, 568(s5)
   6371 0e103023  sd ra, 224(x0)
   6372 0e203423  sd sp, 232(x0)
   6373 16f1f6e3  bgeu gp, a5, +2412
   6374 1491f2e3  bgeu gp, s1, +2372
   6375 1481f8e3  bgeu gp, s0, +2384
   6376 1471f4e3  bgeu gp, t2, +2376
   6377 0061fc63  bgeu gp, t1, +24
c5_29_s1_1073:
   6378 0e800213  addi tp, x0, 232
   6379 00452223  sw tp, 4(a0)
   6380 00000073  ecall
   6381 02053823  sd x0, 48(a0)
   6382 02053c23  sd x0, 56(a0)
c5_29_s2_1074:
   6383 0e900213  addi tp, x0, 233
   6384 00452223  sw tp, 4(a0)
   6385 00000073  ecall
   6386 02053823  sd x0, 48(a0)
   6387 02053c23  sd x0, 56(a0)
c5_29_s3_1075:
   6388 0ea00213  addi tp, x0, 234
   6389 00452223  sw tp, 4(a0)
   6390 00000073  ecall
   6391 02053823  sd x0, 48(a0)
   6392 02053c23  sd x0, 56(a0)
c5_29_s4_1076:
   6393 0eb00213  addi tp, x0, 235
   6394 00452223  sw tp, 4(a0)
   6395 00000073  ecall
   6396 02053823  sd x0, 48(a0)
   6397 02053c23  sd x0, 56(a0)
c5_29_s5_1077:
   6398 0ec00213  addi tp, x0, 236
   6399 00452223  sw tp, 4(a0)
   6400 00000073  ecall
   6401 02053823  sd x0, 48(a0)
   6402 02053c23  sd x0, 56(a0)
c5_29_s6_1078:
   6403 0ed00213  addi tp, x0, 237
   6404 00452223  sw tp, 4(a0)
   6405 00000073  ecall
   6406 02053823  sd x0, 48(a0)
   6407 02053c23  sd x0, 56(a0)
c5_29_s7_1079:
   6408 0ee00213  addi tp, x0, 238
   6409 00452223  sw tp, 4(a0)
   6410 53000613  addi a2, x0, 1328
   6411 00000073  ecall
   6412 02050613  addi a2, a0, 32
        ; chain lay=5 i=30
c5_29_next_1080:
c5_30_1102:
   6413 02289193  slli gp, a7, 34
   6414 240ab083  ld ra, 576(s5)
   6415 248ab103  ld sp, 584(s5)
   6416 0e103023  sd ra, 224(x0)
   6417 0e203423  sd sp, 232(x0)
   6418 0ef1f6e3  bgeu gp, a5, +2284
   6419 0c91f2e3  bgeu gp, s1, +2244
   6420 0c81f8e3  bgeu gp, s0, +2256
   6421 0c71f4e3  bgeu gp, t2, +2248
   6422 0061fc63  bgeu gp, t1, +24
c5_30_s1_1088:
   6423 0f000213  addi tp, x0, 240
   6424 00452223  sw tp, 4(a0)
   6425 00000073  ecall
   6426 02053823  sd x0, 48(a0)
   6427 02053c23  sd x0, 56(a0)
c5_30_s2_1089:
   6428 0f100213  addi tp, x0, 241
   6429 00452223  sw tp, 4(a0)
   6430 00000073  ecall
   6431 02053823  sd x0, 48(a0)
   6432 02053c23  sd x0, 56(a0)
c5_30_s3_1090:
   6433 0f200213  addi tp, x0, 242
   6434 00452223  sw tp, 4(a0)
   6435 00000073  ecall
   6436 02053823  sd x0, 48(a0)
   6437 02053c23  sd x0, 56(a0)
c5_30_s4_1091:
   6438 0f300213  addi tp, x0, 243
   6439 00452223  sw tp, 4(a0)
   6440 00000073  ecall
   6441 02053823  sd x0, 48(a0)
   6442 02053c23  sd x0, 56(a0)
c5_30_s5_1092:
   6443 0f400213  addi tp, x0, 244
   6444 00452223  sw tp, 4(a0)
   6445 00000073  ecall
   6446 02053823  sd x0, 48(a0)
   6447 02053c23  sd x0, 56(a0)
c5_30_s6_1093:
   6448 0f500213  addi tp, x0, 245
   6449 00452223  sw tp, 4(a0)
   6450 00000073  ecall
   6451 02053823  sd x0, 48(a0)
   6452 02053c23  sd x0, 56(a0)
c5_30_s7_1094:
   6453 0f600213  addi tp, x0, 246
   6454 00452223  sw tp, 4(a0)
   6455 54000613  addi a2, x0, 1344
   6456 00000073  ecall
   6457 02050613  addi a2, a0, 32
        ; chain lay=5 i=31
c5_30_next_1095:
c5_31_1117:
   6458 01f89193  slli gp, a7, 31
   6459 250ab083  ld ra, 592(s5)
   6460 258ab103  ld sp, 600(s5)
   6461 0e103023  sd ra, 224(x0)
   6462 0e203423  sd sp, 232(x0)
   6463 06f1f6e3  bgeu gp, a5, +2156
   6464 0491f2e3  bgeu gp, s1, +2116
   6465 0481f8e3  bgeu gp, s0, +2128
   6466 0471f4e3  bgeu gp, t2, +2120
   6467 0061fc63  bgeu gp, t1, +24
c5_31_s1_1103:
   6468 0f800213  addi tp, x0, 248
   6469 00452223  sw tp, 4(a0)
   6470 00000073  ecall
   6471 02053823  sd x0, 48(a0)
   6472 02053c23  sd x0, 56(a0)
c5_31_s2_1104:
   6473 0f900213  addi tp, x0, 249
   6474 00452223  sw tp, 4(a0)
   6475 00000073  ecall
   6476 02053823  sd x0, 48(a0)
   6477 02053c23  sd x0, 56(a0)
c5_31_s3_1105:
   6478 0fa00213  addi tp, x0, 250
   6479 00452223  sw tp, 4(a0)
   6480 00000073  ecall
   6481 02053823  sd x0, 48(a0)
   6482 02053c23  sd x0, 56(a0)
c5_31_s4_1106:
   6483 0fb00213  addi tp, x0, 251
   6484 00452223  sw tp, 4(a0)
   6485 00000073  ecall
   6486 02053823  sd x0, 48(a0)
   6487 02053c23  sd x0, 56(a0)
c5_31_s5_1107:
   6488 0fc00213  addi tp, x0, 252
   6489 00452223  sw tp, 4(a0)
   6490 00000073  ecall
   6491 02053823  sd x0, 48(a0)
   6492 02053c23  sd x0, 56(a0)
c5_31_s6_1108:
   6493 0fd00213  addi tp, x0, 253
   6494 00452223  sw tp, 4(a0)
   6495 00000073  ecall
   6496 02053823  sd x0, 48(a0)
   6497 02053c23  sd x0, 56(a0)
c5_31_s7_1109:
   6498 0fe00213  addi tp, x0, 254
   6499 00452223  sw tp, 4(a0)
   6500 55000613  addi a2, x0, 1360
   6501 00000073  ecall
   6502 02050613  addi a2, a0, 32
        ; chain lay=5 i=32
c5_31_next_1110:
c5_32_1132:
   6503 01c89193  slli gp, a7, 28
   6504 260ab083  ld ra, 608(s5)
   6505 268ab103  ld sp, 616(s5)
   6506 0e103023  sd ra, 224(x0)
   6507 0e203423  sd sp, 232(x0)
   6508 7ef1f663  bgeu gp, a5, +2028
   6509 7c91f263  bgeu gp, s1, +1988
   6510 7c81f863  bgeu gp, s0, +2000
   6511 7c71f463  bgeu gp, t2, +1992
   6512 0061fc63  bgeu gp, t1, +24
c5_32_s1_1118:
   6513 10000213  addi tp, x0, 256
   6514 00452223  sw tp, 4(a0)
   6515 00000073  ecall
   6516 02053823  sd x0, 48(a0)
   6517 02053c23  sd x0, 56(a0)
c5_32_s2_1119:
   6518 10100213  addi tp, x0, 257
   6519 00452223  sw tp, 4(a0)
   6520 00000073  ecall
   6521 02053823  sd x0, 48(a0)
   6522 02053c23  sd x0, 56(a0)
c5_32_s3_1120:
   6523 10200213  addi tp, x0, 258
   6524 00452223  sw tp, 4(a0)
   6525 00000073  ecall
   6526 02053823  sd x0, 48(a0)
   6527 02053c23  sd x0, 56(a0)
c5_32_s4_1121:
   6528 10300213  addi tp, x0, 259
   6529 00452223  sw tp, 4(a0)
   6530 00000073  ecall
   6531 02053823  sd x0, 48(a0)
   6532 02053c23  sd x0, 56(a0)
c5_32_s5_1122:
   6533 10400213  addi tp, x0, 260
   6534 00452223  sw tp, 4(a0)
   6535 00000073  ecall
   6536 02053823  sd x0, 48(a0)
   6537 02053c23  sd x0, 56(a0)
c5_32_s6_1123:
   6538 10500213  addi tp, x0, 261
   6539 00452223  sw tp, 4(a0)
   6540 00000073  ecall
   6541 02053823  sd x0, 48(a0)
   6542 02053c23  sd x0, 56(a0)
c5_32_s7_1124:
   6543 10600213  addi tp, x0, 262
   6544 00452223  sw tp, 4(a0)
   6545 56000613  addi a2, x0, 1376
   6546 00000073  ecall
   6547 02050613  addi a2, a0, 32
        ; chain lay=5 i=33
c5_32_next_1125:
c5_33_1147:
   6548 01989193  slli gp, a7, 25
   6549 270ab083  ld ra, 624(s5)
   6550 278ab103  ld sp, 632(s5)
   6551 0e103023  sd ra, 224(x0)
   6552 0e203423  sd sp, 232(x0)
   6553 76f1f663  bgeu gp, a5, +1900
   6554 7491f263  bgeu gp, s1, +1860
   6555 7481f863  bgeu gp, s0, +1872
   6556 7471f463  bgeu gp, t2, +1864
   6557 0061fc63  bgeu gp, t1, +24
c5_33_s1_1133:
   6558 10800213  addi tp, x0, 264
   6559 00452223  sw tp, 4(a0)
   6560 00000073  ecall
   6561 02053823  sd x0, 48(a0)
   6562 02053c23  sd x0, 56(a0)
c5_33_s2_1134:
   6563 10900213  addi tp, x0, 265
   6564 00452223  sw tp, 4(a0)
   6565 00000073  ecall
   6566 02053823  sd x0, 48(a0)
   6567 02053c23  sd x0, 56(a0)
c5_33_s3_1135:
   6568 10a00213  addi tp, x0, 266
   6569 00452223  sw tp, 4(a0)
   6570 00000073  ecall
   6571 02053823  sd x0, 48(a0)
   6572 02053c23  sd x0, 56(a0)
c5_33_s4_1136:
   6573 10b00213  addi tp, x0, 267
   6574 00452223  sw tp, 4(a0)
   6575 00000073  ecall
   6576 02053823  sd x0, 48(a0)
   6577 02053c23  sd x0, 56(a0)
c5_33_s5_1137:
   6578 10c00213  addi tp, x0, 268
   6579 00452223  sw tp, 4(a0)
   6580 00000073  ecall
   6581 02053823  sd x0, 48(a0)
   6582 02053c23  sd x0, 56(a0)
c5_33_s6_1138:
   6583 10d00213  addi tp, x0, 269
   6584 00452223  sw tp, 4(a0)
   6585 00000073  ecall
   6586 02053823  sd x0, 48(a0)
   6587 02053c23  sd x0, 56(a0)
c5_33_s7_1139:
   6588 10e00213  addi tp, x0, 270
   6589 00452223  sw tp, 4(a0)
   6590 57000613  addi a2, x0, 1392
   6591 00000073  ecall
   6592 02050613  addi a2, a0, 32
        ; chain lay=5 i=34
c5_33_next_1140:
c5_34_1162:
   6593 01689193  slli gp, a7, 22
   6594 280ab083  ld ra, 640(s5)
   6595 288ab103  ld sp, 648(s5)
   6596 0e103023  sd ra, 224(x0)
   6597 0e203423  sd sp, 232(x0)
   6598 6ef1f663  bgeu gp, a5, +1772
   6599 6c91f263  bgeu gp, s1, +1732
   6600 6c81f863  bgeu gp, s0, +1744
   6601 6c71f463  bgeu gp, t2, +1736
   6602 0061fc63  bgeu gp, t1, +24
c5_34_s1_1148:
   6603 11000213  addi tp, x0, 272
   6604 00452223  sw tp, 4(a0)
   6605 00000073  ecall
   6606 02053823  sd x0, 48(a0)
   6607 02053c23  sd x0, 56(a0)
c5_34_s2_1149:
   6608 11100213  addi tp, x0, 273
   6609 00452223  sw tp, 4(a0)
   6610 00000073  ecall
   6611 02053823  sd x0, 48(a0)
   6612 02053c23  sd x0, 56(a0)
c5_34_s3_1150:
   6613 11200213  addi tp, x0, 274
   6614 00452223  sw tp, 4(a0)
   6615 00000073  ecall
   6616 02053823  sd x0, 48(a0)
   6617 02053c23  sd x0, 56(a0)
c5_34_s4_1151:
   6618 11300213  addi tp, x0, 275
   6619 00452223  sw tp, 4(a0)
   6620 00000073  ecall
   6621 02053823  sd x0, 48(a0)
   6622 02053c23  sd x0, 56(a0)
c5_34_s5_1152:
   6623 11400213  addi tp, x0, 276
   6624 00452223  sw tp, 4(a0)
   6625 00000073  ecall
   6626 02053823  sd x0, 48(a0)
   6627 02053c23  sd x0, 56(a0)
c5_34_s6_1153:
   6628 11500213  addi tp, x0, 277
   6629 00452223  sw tp, 4(a0)
   6630 00000073  ecall
   6631 02053823  sd x0, 48(a0)
   6632 02053c23  sd x0, 56(a0)
c5_34_s7_1154:
   6633 11600213  addi tp, x0, 278
   6634 00452223  sw tp, 4(a0)
   6635 58000613  addi a2, x0, 1408
   6636 00000073  ecall
   6637 02050613  addi a2, a0, 32
        ; chain lay=5 i=35
c5_34_next_1155:
c5_35_1177:
   6638 01389193  slli gp, a7, 19
   6639 290ab083  ld ra, 656(s5)
   6640 298ab103  ld sp, 664(s5)
   6641 0e103023  sd ra, 224(x0)
   6642 0e203423  sd sp, 232(x0)
   6643 66f1f663  bgeu gp, a5, +1644
   6644 6491f263  bgeu gp, s1, +1604
   6645 6481f863  bgeu gp, s0, +1616
   6646 6471f463  bgeu gp, t2, +1608
   6647 0061fc63  bgeu gp, t1, +24
c5_35_s1_1163:
   6648 11800213  addi tp, x0, 280
   6649 00452223  sw tp, 4(a0)
   6650 00000073  ecall
   6651 02053823  sd x0, 48(a0)
   6652 02053c23  sd x0, 56(a0)
c5_35_s2_1164:
   6653 11900213  addi tp, x0, 281
   6654 00452223  sw tp, 4(a0)
   6655 00000073  ecall
   6656 02053823  sd x0, 48(a0)
   6657 02053c23  sd x0, 56(a0)
c5_35_s3_1165:
   6658 11a00213  addi tp, x0, 282
   6659 00452223  sw tp, 4(a0)
   6660 00000073  ecall
   6661 02053823  sd x0, 48(a0)
   6662 02053c23  sd x0, 56(a0)
c5_35_s4_1166:
   6663 11b00213  addi tp, x0, 283
   6664 00452223  sw tp, 4(a0)
   6665 00000073  ecall
   6666 02053823  sd x0, 48(a0)
   6667 02053c23  sd x0, 56(a0)
c5_35_s5_1167:
   6668 11c00213  addi tp, x0, 284
   6669 00452223  sw tp, 4(a0)
   6670 00000073  ecall
   6671 02053823  sd x0, 48(a0)
   6672 02053c23  sd x0, 56(a0)
c5_35_s6_1168:
   6673 11d00213  addi tp, x0, 285
   6674 00452223  sw tp, 4(a0)
   6675 00000073  ecall
   6676 02053823  sd x0, 48(a0)
   6677 02053c23  sd x0, 56(a0)
c5_35_s7_1169:
   6678 11e00213  addi tp, x0, 286
   6679 00452223  sw tp, 4(a0)
   6680 59000613  addi a2, x0, 1424
   6681 00000073  ecall
   6682 02050613  addi a2, a0, 32
        ; chain lay=5 i=36
c5_35_next_1170:
c5_36_1192:
   6683 01089193  slli gp, a7, 16
   6684 2a0ab083  ld ra, 672(s5)
   6685 2a8ab103  ld sp, 680(s5)
   6686 0e103023  sd ra, 224(x0)
   6687 0e203423  sd sp, 232(x0)
   6688 5ef1f663  bgeu gp, a5, +1516
   6689 5c91f263  bgeu gp, s1, +1476
   6690 5c81f863  bgeu gp, s0, +1488
   6691 5c71f463  bgeu gp, t2, +1480
   6692 0061fc63  bgeu gp, t1, +24
c5_36_s1_1178:
   6693 12000213  addi tp, x0, 288
   6694 00452223  sw tp, 4(a0)
   6695 00000073  ecall
   6696 02053823  sd x0, 48(a0)
   6697 02053c23  sd x0, 56(a0)
c5_36_s2_1179:
   6698 12100213  addi tp, x0, 289
   6699 00452223  sw tp, 4(a0)
   6700 00000073  ecall
   6701 02053823  sd x0, 48(a0)
   6702 02053c23  sd x0, 56(a0)
c5_36_s3_1180:
   6703 12200213  addi tp, x0, 290
   6704 00452223  sw tp, 4(a0)
   6705 00000073  ecall
   6706 02053823  sd x0, 48(a0)
   6707 02053c23  sd x0, 56(a0)
c5_36_s4_1181:
   6708 12300213  addi tp, x0, 291
   6709 00452223  sw tp, 4(a0)
   6710 00000073  ecall
   6711 02053823  sd x0, 48(a0)
   6712 02053c23  sd x0, 56(a0)
c5_36_s5_1182:
   6713 12400213  addi tp, x0, 292
   6714 00452223  sw tp, 4(a0)
   6715 00000073  ecall
   6716 02053823  sd x0, 48(a0)
   6717 02053c23  sd x0, 56(a0)
c5_36_s6_1183:
   6718 12500213  addi tp, x0, 293
   6719 00452223  sw tp, 4(a0)
   6720 00000073  ecall
   6721 02053823  sd x0, 48(a0)
   6722 02053c23  sd x0, 56(a0)
c5_36_s7_1184:
   6723 12600213  addi tp, x0, 294
   6724 00452223  sw tp, 4(a0)
   6725 5a000613  addi a2, x0, 1440
   6726 00000073  ecall
   6727 02050613  addi a2, a0, 32
        ; chain lay=5 i=37
c5_36_next_1185:
c5_37_1207:
   6728 00d89193  slli gp, a7, 13
   6729 2b0ab083  ld ra, 688(s5)
   6730 2b8ab103  ld sp, 696(s5)
   6731 0e103023  sd ra, 224(x0)
   6732 0e203423  sd sp, 232(x0)
   6733 56f1f663  bgeu gp, a5, +1388
   6734 5491f263  bgeu gp, s1, +1348
   6735 5481f863  bgeu gp, s0, +1360
   6736 5471f463  bgeu gp, t2, +1352
   6737 0061fc63  bgeu gp, t1, +24
c5_37_s1_1193:
   6738 12800213  addi tp, x0, 296
   6739 00452223  sw tp, 4(a0)
   6740 00000073  ecall
   6741 02053823  sd x0, 48(a0)
   6742 02053c23  sd x0, 56(a0)
c5_37_s2_1194:
   6743 12900213  addi tp, x0, 297
   6744 00452223  sw tp, 4(a0)
   6745 00000073  ecall
   6746 02053823  sd x0, 48(a0)
   6747 02053c23  sd x0, 56(a0)
c5_37_s3_1195:
   6748 12a00213  addi tp, x0, 298
   6749 00452223  sw tp, 4(a0)
   6750 00000073  ecall
   6751 02053823  sd x0, 48(a0)
   6752 02053c23  sd x0, 56(a0)
c5_37_s4_1196:
   6753 12b00213  addi tp, x0, 299
   6754 00452223  sw tp, 4(a0)
   6755 00000073  ecall
   6756 02053823  sd x0, 48(a0)
   6757 02053c23  sd x0, 56(a0)
c5_37_s5_1197:
   6758 12c00213  addi tp, x0, 300
   6759 00452223  sw tp, 4(a0)
   6760 00000073  ecall
   6761 02053823  sd x0, 48(a0)
   6762 02053c23  sd x0, 56(a0)
c5_37_s6_1198:
   6763 12d00213  addi tp, x0, 301
   6764 00452223  sw tp, 4(a0)
   6765 00000073  ecall
   6766 02053823  sd x0, 48(a0)
   6767 02053c23  sd x0, 56(a0)
c5_37_s7_1199:
   6768 12e00213  addi tp, x0, 302
   6769 00452223  sw tp, 4(a0)
   6770 5b000613  addi a2, x0, 1456
   6771 00000073  ecall
   6772 02050613  addi a2, a0, 32
        ; chain lay=5 i=38
c5_37_next_1200:
c5_38_1222:
   6773 00a89193  slli gp, a7, 10
   6774 2c0ab083  ld ra, 704(s5)
   6775 2c8ab103  ld sp, 712(s5)
   6776 0e103023  sd ra, 224(x0)
   6777 0e203423  sd sp, 232(x0)
   6778 4ef1f663  bgeu gp, a5, +1260
   6779 4c91f263  bgeu gp, s1, +1220
   6780 4c81f863  bgeu gp, s0, +1232
   6781 4c71f463  bgeu gp, t2, +1224
   6782 0061fc63  bgeu gp, t1, +24
c5_38_s1_1208:
   6783 13000213  addi tp, x0, 304
   6784 00452223  sw tp, 4(a0)
   6785 00000073  ecall
   6786 02053823  sd x0, 48(a0)
   6787 02053c23  sd x0, 56(a0)
c5_38_s2_1209:
   6788 13100213  addi tp, x0, 305
   6789 00452223  sw tp, 4(a0)
   6790 00000073  ecall
   6791 02053823  sd x0, 48(a0)
   6792 02053c23  sd x0, 56(a0)
c5_38_s3_1210:
   6793 13200213  addi tp, x0, 306
   6794 00452223  sw tp, 4(a0)
   6795 00000073  ecall
   6796 02053823  sd x0, 48(a0)
   6797 02053c23  sd x0, 56(a0)
c5_38_s4_1211:
   6798 13300213  addi tp, x0, 307
   6799 00452223  sw tp, 4(a0)
   6800 00000073  ecall
   6801 02053823  sd x0, 48(a0)
   6802 02053c23  sd x0, 56(a0)
c5_38_s5_1212:
   6803 13400213  addi tp, x0, 308
   6804 00452223  sw tp, 4(a0)
   6805 00000073  ecall
   6806 02053823  sd x0, 48(a0)
   6807 02053c23  sd x0, 56(a0)
c5_38_s6_1213:
   6808 13500213  addi tp, x0, 309
   6809 00452223  sw tp, 4(a0)
   6810 00000073  ecall
   6811 02053823  sd x0, 48(a0)
   6812 02053c23  sd x0, 56(a0)
c5_38_s7_1214:
   6813 13600213  addi tp, x0, 310
   6814 00452223  sw tp, 4(a0)
   6815 5c000613  addi a2, x0, 1472
   6816 00000073  ecall
   6817 02050613  addi a2, a0, 32
        ; chain lay=5 i=39
c5_38_next_1215:
c5_39_1237:
   6818 00789193  slli gp, a7, 7
   6819 2d0ab083  ld ra, 720(s5)
   6820 2d8ab103  ld sp, 728(s5)
   6821 0e103023  sd ra, 224(x0)
   6822 0e203423  sd sp, 232(x0)
   6823 46f1f663  bgeu gp, a5, +1132
   6824 4491f263  bgeu gp, s1, +1092
   6825 4481f863  bgeu gp, s0, +1104
   6826 4471f463  bgeu gp, t2, +1096
   6827 0061fc63  bgeu gp, t1, +24
c5_39_s1_1223:
   6828 13800213  addi tp, x0, 312
   6829 00452223  sw tp, 4(a0)
   6830 00000073  ecall
   6831 02053823  sd x0, 48(a0)
   6832 02053c23  sd x0, 56(a0)
c5_39_s2_1224:
   6833 13900213  addi tp, x0, 313
   6834 00452223  sw tp, 4(a0)
   6835 00000073  ecall
   6836 02053823  sd x0, 48(a0)
   6837 02053c23  sd x0, 56(a0)
c5_39_s3_1225:
   6838 13a00213  addi tp, x0, 314
   6839 00452223  sw tp, 4(a0)
   6840 00000073  ecall
   6841 02053823  sd x0, 48(a0)
   6842 02053c23  sd x0, 56(a0)
c5_39_s4_1226:
   6843 13b00213  addi tp, x0, 315
   6844 00452223  sw tp, 4(a0)
   6845 00000073  ecall
   6846 02053823  sd x0, 48(a0)
   6847 02053c23  sd x0, 56(a0)
c5_39_s5_1227:
   6848 13c00213  addi tp, x0, 316
   6849 00452223  sw tp, 4(a0)
   6850 00000073  ecall
   6851 02053823  sd x0, 48(a0)
   6852 02053c23  sd x0, 56(a0)
c5_39_s6_1228:
   6853 13d00213  addi tp, x0, 317
   6854 00452223  sw tp, 4(a0)
   6855 00000073  ecall
   6856 02053823  sd x0, 48(a0)
   6857 02053c23  sd x0, 56(a0)
c5_39_s7_1229:
   6858 13e00213  addi tp, x0, 318
   6859 00452223  sw tp, 4(a0)
   6860 5d000613  addi a2, x0, 1488
   6861 00000073  ecall
   6862 02050613  addi a2, a0, 32
        ; chain lay=5 i=40
c5_39_next_1230:
c5_40_1252:
   6863 00489193  slli gp, a7, 4
   6864 2e0ab083  ld ra, 736(s5)
   6865 2e8ab103  ld sp, 744(s5)
   6866 0e103023  sd ra, 224(x0)
   6867 0e203423  sd sp, 232(x0)
   6868 3ef1f663  bgeu gp, a5, +1004
   6869 3c91f263  bgeu gp, s1, +964
   6870 3c81f863  bgeu gp, s0, +976
   6871 3c71f463  bgeu gp, t2, +968
   6872 0061fc63  bgeu gp, t1, +24
c5_40_s1_1238:
   6873 14000213  addi tp, x0, 320
   6874 00452223  sw tp, 4(a0)
   6875 00000073  ecall
   6876 02053823  sd x0, 48(a0)
   6877 02053c23  sd x0, 56(a0)
c5_40_s2_1239:
   6878 14100213  addi tp, x0, 321
   6879 00452223  sw tp, 4(a0)
   6880 00000073  ecall
   6881 02053823  sd x0, 48(a0)
   6882 02053c23  sd x0, 56(a0)
c5_40_s3_1240:
   6883 14200213  addi tp, x0, 322
   6884 00452223  sw tp, 4(a0)
   6885 00000073  ecall
   6886 02053823  sd x0, 48(a0)
   6887 02053c23  sd x0, 56(a0)
c5_40_s4_1241:
   6888 14300213  addi tp, x0, 323
   6889 00452223  sw tp, 4(a0)
   6890 00000073  ecall
   6891 02053823  sd x0, 48(a0)
   6892 02053c23  sd x0, 56(a0)
c5_40_s5_1242:
   6893 14400213  addi tp, x0, 324
   6894 00452223  sw tp, 4(a0)
   6895 00000073  ecall
   6896 02053823  sd x0, 48(a0)
   6897 02053c23  sd x0, 56(a0)
c5_40_s6_1243:
   6898 14500213  addi tp, x0, 325
   6899 00452223  sw tp, 4(a0)
   6900 00000073  ecall
   6901 02053823  sd x0, 48(a0)
   6902 02053c23  sd x0, 56(a0)
c5_40_s7_1244:
   6903 14600213  addi tp, x0, 326
   6904 00452223  sw tp, 4(a0)
   6905 5e000613  addi a2, x0, 1504
   6906 00000073  ecall
   6907 02050613  addi a2, a0, 32
        ; chain lay=5 i=41
c5_40_next_1245:
c5_41_1267:
   6908 00189193  slli gp, a7, 1
   6909 2f0ab083  ld ra, 752(s5)
   6910 2f8ab103  ld sp, 760(s5)
   6911 0e103023  sd ra, 224(x0)
   6912 0e203423  sd sp, 232(x0)
   6913 36f1f663  bgeu gp, a5, +876
   6914 3491f263  bgeu gp, s1, +836
   6915 3481f863  bgeu gp, s0, +848
   6916 3471f463  bgeu gp, t2, +840
   6917 0061fc63  bgeu gp, t1, +24
c5_41_s1_1253:
   6918 14800213  addi tp, x0, 328
   6919 00452223  sw tp, 4(a0)
   6920 00000073  ecall
   6921 02053823  sd x0, 48(a0)
   6922 02053c23  sd x0, 56(a0)
c5_41_s2_1254:
   6923 14900213  addi tp, x0, 329
   6924 00452223  sw tp, 4(a0)
   6925 00000073  ecall
   6926 02053823  sd x0, 48(a0)
   6927 02053c23  sd x0, 56(a0)
c5_41_s3_1255:
   6928 14a00213  addi tp, x0, 330
   6929 00452223  sw tp, 4(a0)
   6930 00000073  ecall
   6931 02053823  sd x0, 48(a0)
   6932 02053c23  sd x0, 56(a0)
c5_41_s4_1256:
   6933 14b00213  addi tp, x0, 331
   6934 00452223  sw tp, 4(a0)
   6935 00000073  ecall
   6936 02053823  sd x0, 48(a0)
   6937 02053c23  sd x0, 56(a0)
c5_41_s5_1257:
   6938 14c00213  addi tp, x0, 332
   6939 00452223  sw tp, 4(a0)
   6940 00000073  ecall
   6941 02053823  sd x0, 48(a0)
   6942 02053c23  sd x0, 56(a0)
c5_41_s6_1258:
   6943 14d00213  addi tp, x0, 333
   6944 00452223  sw tp, 4(a0)
   6945 00000073  ecall
   6946 02053823  sd x0, 48(a0)
   6947 02053c23  sd x0, 56(a0)
c5_41_s7_1259:
   6948 14e00213  addi tp, x0, 334
   6949 00452223  sw tp, 4(a0)
   6950 5f000613  addi a2, x0, 1520
   6951 00000073  ecall
   6952 02050613  addi a2, a0, 32
c5_41_next_1260:
   6953 2dc0006f  jal x0, +732
c5_28_g4_1067:
   6954 00e1fe63  bgeu gp, a4, +28
   6955 00d1fa63  bgeu gp, a3, +20
   6956 e94ff06f  jal x0, -2412
c5_28_p2_1068:
   6957 e68ff06f  jal x0, -2456
c5_28_p3_1069:
   6958 00000013  addi x0, x0, 0
   6959 e74ff06f  jal x0, -2444
c5_28_p5_1070:
   6960 e98ff06f  jal x0, -2408
c5_28_p6_1071:
   6961 00000013  addi x0, x0, 0
   6962 ea4ff06f  jal x0, -2396
c5_28_h7_1066:
   6963 52103023  sd ra, 1312(x0)
   6964 52203423  sd sp, 1320(x0)
   6965 00000013  addi x0, x0, 0
   6966 ea8ff06f  jal x0, -2392
c5_29_g4_1082:
   6967 00e1fe63  bgeu gp, a4, +28
   6968 00d1fa63  bgeu gp, a3, +20
   6969 f14ff06f  jal x0, -2284
c5_29_p2_1083:
   6970 ee8ff06f  jal x0, -2328
c5_29_p3_1084:
   6971 00000013  addi x0, x0, 0
   6972 ef4ff06f  jal x0, -2316
c5_29_p5_1085:
   6973 f18ff06f  jal x0, -2280
c5_29_p6_1086:
   6974 00000013  addi x0, x0, 0
   6975 f24ff06f  jal x0, -2268
c5_29_h7_1081:
   6976 52103823  sd ra, 1328(x0)
   6977 52203c23  sd sp, 1336(x0)
   6978 00000013  addi x0, x0, 0
   6979 f28ff06f  jal x0, -2264
c5_30_g4_1097:
   6980 00e1fe63  bgeu gp, a4, +28
   6981 00d1fa63  bgeu gp, a3, +20
   6982 f94ff06f  jal x0, -2156
c5_30_p2_1098:
   6983 f68ff06f  jal x0, -2200
c5_30_p3_1099:
   6984 00000013  addi x0, x0, 0
   6985 f74ff06f  jal x0, -2188
c5_30_p5_1100:
   6986 f98ff06f  jal x0, -2152
c5_30_p6_1101:
   6987 00000013  addi x0, x0, 0
   6988 fa4ff06f  jal x0, -2140
c5_30_h7_1096:
   6989 54103023  sd ra, 1344(x0)
   6990 54203423  sd sp, 1352(x0)
   6991 00000013  addi x0, x0, 0
   6992 fa8ff06f  jal x0, -2136
c5_31_g4_1112:
   6993 00e1fe63  bgeu gp, a4, +28
   6994 00d1fa63  bgeu gp, a3, +20
   6995 815ff06f  jal x0, -2028
c5_31_p2_1113:
   6996 fe8ff06f  jal x0, -2072
c5_31_p3_1114:
   6997 00000013  addi x0, x0, 0
   6998 ff4ff06f  jal x0, -2060
c5_31_p5_1115:
   6999 819ff06f  jal x0, -2024
c5_31_p6_1116:
   7000 00000013  addi x0, x0, 0
   7001 825ff06f  jal x0, -2012
c5_31_h7_1111:
   7002 54103823  sd ra, 1360(x0)
   7003 54203c23  sd sp, 1368(x0)
   7004 00000013  addi x0, x0, 0
   7005 829ff06f  jal x0, -2008
c5_32_g4_1127:
   7006 00e1fe63  bgeu gp, a4, +28
   7007 00d1fa63  bgeu gp, a3, +20
   7008 895ff06f  jal x0, -1900
c5_32_p2_1128:
   7009 869ff06f  jal x0, -1944
c5_32_p3_1129:
   7010 00000013  addi x0, x0, 0
   7011 875ff06f  jal x0, -1932
c5_32_p5_1130:
   7012 899ff06f  jal x0, -1896
c5_32_p6_1131:
   7013 00000013  addi x0, x0, 0
   7014 8a5ff06f  jal x0, -1884
c5_32_h7_1126:
   7015 56103023  sd ra, 1376(x0)
   7016 56203423  sd sp, 1384(x0)
   7017 00000013  addi x0, x0, 0
   7018 8a9ff06f  jal x0, -1880
c5_33_g4_1142:
   7019 00e1fe63  bgeu gp, a4, +28
   7020 00d1fa63  bgeu gp, a3, +20
   7021 915ff06f  jal x0, -1772
c5_33_p2_1143:
   7022 8e9ff06f  jal x0, -1816
c5_33_p3_1144:
   7023 00000013  addi x0, x0, 0
   7024 8f5ff06f  jal x0, -1804
c5_33_p5_1145:
   7025 919ff06f  jal x0, -1768
c5_33_p6_1146:
   7026 00000013  addi x0, x0, 0
   7027 925ff06f  jal x0, -1756
c5_33_h7_1141:
   7028 56103823  sd ra, 1392(x0)
   7029 56203c23  sd sp, 1400(x0)
   7030 00000013  addi x0, x0, 0
   7031 929ff06f  jal x0, -1752
c5_34_g4_1157:
   7032 00e1fe63  bgeu gp, a4, +28
   7033 00d1fa63  bgeu gp, a3, +20
   7034 995ff06f  jal x0, -1644
c5_34_p2_1158:
   7035 969ff06f  jal x0, -1688
c5_34_p3_1159:
   7036 00000013  addi x0, x0, 0
   7037 975ff06f  jal x0, -1676
c5_34_p5_1160:
   7038 999ff06f  jal x0, -1640
c5_34_p6_1161:
   7039 00000013  addi x0, x0, 0
   7040 9a5ff06f  jal x0, -1628
c5_34_h7_1156:
   7041 58103023  sd ra, 1408(x0)
   7042 58203423  sd sp, 1416(x0)
   7043 00000013  addi x0, x0, 0
   7044 9a9ff06f  jal x0, -1624
c5_35_g4_1172:
   7045 00e1fe63  bgeu gp, a4, +28
   7046 00d1fa63  bgeu gp, a3, +20
   7047 a15ff06f  jal x0, -1516
c5_35_p2_1173:
   7048 9e9ff06f  jal x0, -1560
c5_35_p3_1174:
   7049 00000013  addi x0, x0, 0
   7050 9f5ff06f  jal x0, -1548
c5_35_p5_1175:
   7051 a19ff06f  jal x0, -1512
c5_35_p6_1176:
   7052 00000013  addi x0, x0, 0
   7053 a25ff06f  jal x0, -1500
c5_35_h7_1171:
   7054 58103823  sd ra, 1424(x0)
   7055 58203c23  sd sp, 1432(x0)
   7056 00000013  addi x0, x0, 0
   7057 a29ff06f  jal x0, -1496
c5_36_g4_1187:
   7058 00e1fe63  bgeu gp, a4, +28
   7059 00d1fa63  bgeu gp, a3, +20
   7060 a95ff06f  jal x0, -1388
c5_36_p2_1188:
   7061 a69ff06f  jal x0, -1432
c5_36_p3_1189:
   7062 00000013  addi x0, x0, 0
   7063 a75ff06f  jal x0, -1420
c5_36_p5_1190:
   7064 a99ff06f  jal x0, -1384
c5_36_p6_1191:
   7065 00000013  addi x0, x0, 0
   7066 aa5ff06f  jal x0, -1372
c5_36_h7_1186:
   7067 5a103023  sd ra, 1440(x0)
   7068 5a203423  sd sp, 1448(x0)
   7069 00000013  addi x0, x0, 0
   7070 aa9ff06f  jal x0, -1368
c5_37_g4_1202:
   7071 00e1fe63  bgeu gp, a4, +28
   7072 00d1fa63  bgeu gp, a3, +20
   7073 b15ff06f  jal x0, -1260
c5_37_p2_1203:
   7074 ae9ff06f  jal x0, -1304
c5_37_p3_1204:
   7075 00000013  addi x0, x0, 0
   7076 af5ff06f  jal x0, -1292
c5_37_p5_1205:
   7077 b19ff06f  jal x0, -1256
c5_37_p6_1206:
   7078 00000013  addi x0, x0, 0
   7079 b25ff06f  jal x0, -1244
c5_37_h7_1201:
   7080 5a103823  sd ra, 1456(x0)
   7081 5a203c23  sd sp, 1464(x0)
   7082 00000013  addi x0, x0, 0
   7083 b29ff06f  jal x0, -1240
c5_38_g4_1217:
   7084 00e1fe63  bgeu gp, a4, +28
   7085 00d1fa63  bgeu gp, a3, +20
   7086 b95ff06f  jal x0, -1132
c5_38_p2_1218:
   7087 b69ff06f  jal x0, -1176
c5_38_p3_1219:
   7088 00000013  addi x0, x0, 0
   7089 b75ff06f  jal x0, -1164
c5_38_p5_1220:
   7090 b99ff06f  jal x0, -1128
c5_38_p6_1221:
   7091 00000013  addi x0, x0, 0
   7092 ba5ff06f  jal x0, -1116
c5_38_h7_1216:
   7093 5c103023  sd ra, 1472(x0)
   7094 5c203423  sd sp, 1480(x0)
   7095 00000013  addi x0, x0, 0
   7096 ba9ff06f  jal x0, -1112
c5_39_g4_1232:
   7097 00e1fe63  bgeu gp, a4, +28
   7098 00d1fa63  bgeu gp, a3, +20
   7099 c15ff06f  jal x0, -1004
c5_39_p2_1233:
   7100 be9ff06f  jal x0, -1048
c5_39_p3_1234:
   7101 00000013  addi x0, x0, 0
   7102 bf5ff06f  jal x0, -1036
c5_39_p5_1235:
   7103 c19ff06f  jal x0, -1000
c5_39_p6_1236:
   7104 00000013  addi x0, x0, 0
   7105 c25ff06f  jal x0, -988
c5_39_h7_1231:
   7106 5c103823  sd ra, 1488(x0)
   7107 5c203c23  sd sp, 1496(x0)
   7108 00000013  addi x0, x0, 0
   7109 c29ff06f  jal x0, -984
c5_40_g4_1247:
   7110 00e1fe63  bgeu gp, a4, +28
   7111 00d1fa63  bgeu gp, a3, +20
   7112 c95ff06f  jal x0, -876
c5_40_p2_1248:
   7113 c69ff06f  jal x0, -920
c5_40_p3_1249:
   7114 00000013  addi x0, x0, 0
   7115 c75ff06f  jal x0, -908
c5_40_p5_1250:
   7116 c99ff06f  jal x0, -872
c5_40_p6_1251:
   7117 00000013  addi x0, x0, 0
   7118 ca5ff06f  jal x0, -860
c5_40_h7_1246:
   7119 5e103023  sd ra, 1504(x0)
   7120 5e203423  sd sp, 1512(x0)
   7121 00000013  addi x0, x0, 0
   7122 ca9ff06f  jal x0, -856
c5_41_g4_1262:
   7123 00e1fe63  bgeu gp, a4, +28
   7124 00d1fa63  bgeu gp, a3, +20
   7125 d15ff06f  jal x0, -748
c5_41_p2_1263:
   7126 ce9ff06f  jal x0, -792
c5_41_p3_1264:
   7127 00000013  addi x0, x0, 0
   7128 cf5ff06f  jal x0, -780
c5_41_p5_1265:
   7129 d19ff06f  jal x0, -744
c5_41_p6_1266:
   7130 00000013  addi x0, x0, 0
   7131 d25ff06f  jal x0, -732
c5_41_h7_1261:
   7132 5e103823  sd ra, 1520(x0)
   7133 5e203c23  sd sp, 1528(x0)
   7134 00000013  addi x0, x0, 0
   7135 d29ff06f  jal x0, -728
        ; layer 5: leaf
l5_after2_1268:
   7136 000501b7  lui gp, 0x50
   7137 20118193  addi gp, gp, 513
   7138 34303023  sd gp, 832(x0)
   7139 35f03423  sd t6, 840(x0)
   7140 34000513  addi a0, x0, 832
   7141 2c000593  addi a1, x0, 704
   7142 004b9c13  slli s8, s7, 4
   7143 010c7193  andi gp, s8, 16
   7144 1e018613  addi a2, gp, 480
   7145 00000073  ecall
        ; layer 5: tree fold
   7146 000501b7  lui gp, 0x50
   7147 30118193  addi gp, gp, 769
   7148 1c302023  sw gp, 448(x0)
   7149 1de02423  sw t5, 456(x0)
   7150 1c000513  addi a0, x0, 448
   7151 04000593  addi a1, x0, 64
        ; fold level 1
   7152 01064193  xori gp, a2, 16
   7153 300ab083  ld ra, 768(s5)
   7154 308ab103  ld sp, 776(s5)
   7155 0011b023  sd ra, 0(gp)
   7156 0021b423  sd sp, 8(gp)
   7157 00100213  addi tp, x0, 1
   7158 1c402223  sw tp, 452(x0)
   7159 001bd213  srli tp, s7, 1
   7160 1c402623  sw tp, 460(x0)
   7161 001c5193  srli gp, s8, 1
   7162 0101f193  andi gp, gp, 16
   7163 1e018613  addi a2, gp, 480
   7164 00000073  ecall
        ; fold level 2
   7165 01064193  xori gp, a2, 16
   7166 310ab083  ld ra, 784(s5)
   7167 318ab103  ld sp, 792(s5)
   7168 0011b023  sd ra, 0(gp)
   7169 0021b423  sd sp, 8(gp)
   7170 00200213  addi tp, x0, 2
   7171 1c402223  sw tp, 452(x0)
   7172 002bd213  srli tp, s7, 2
   7173 1c402623  sw tp, 460(x0)
   7174 002c5193  srli gp, s8, 2
   7175 0101f193  andi gp, gp, 16
   7176 1e018613  addi a2, gp, 480
   7177 00000073  ecall
        ; fold level 3
   7178 01064193  xori gp, a2, 16
   7179 320ab083  ld ra, 800(s5)
   7180 328ab103  ld sp, 808(s5)
   7181 0011b023  sd ra, 0(gp)
   7182 0021b423  sd sp, 8(gp)
   7183 00300213  addi tp, x0, 3
   7184 1c402223  sw tp, 452(x0)
   7185 003bd213  srli tp, s7, 3
   7186 1c402623  sw tp, 460(x0)
   7187 003c5193  srli gp, s8, 3
   7188 0101f193  andi gp, gp, 16
   7189 1e018613  addi a2, gp, 480
   7190 00000073  ecall
        ; fold level 4
   7191 01064193  xori gp, a2, 16
   7192 330ab083  ld ra, 816(s5)
   7193 338ab103  ld sp, 824(s5)
   7194 0011b023  sd ra, 0(gp)
   7195 0021b423  sd sp, 8(gp)
   7196 00400213  addi tp, x0, 4
   7197 1c402223  sw tp, 452(x0)
   7198 004bd213  srli tp, s7, 4
   7199 1c402623  sw tp, 460(x0)
   7200 010bf193  andi gp, s7, 16
   7201 1e018613  addi a2, gp, 480
   7202 00000073  ecall
        ; fold level 5
   7203 01064193  xori gp, a2, 16
   7204 340ab083  ld ra, 832(s5)
   7205 348ab103  ld sp, 840(s5)
   7206 0011b023  sd ra, 0(gp)
   7207 0021b423  sd sp, 8(gp)
   7208 00500213  addi tp, x0, 5
   7209 1c402223  sw tp, 452(x0)
   7210 1c002623  sw x0, 460(x0)
   7211 12000613  addi a2, x0, 288
   7212 00000073  ecall
        ; layer 4: route
layer_4:
   7213 009b5b93  srli s7, s6, 9
   7214 01fbfb93  andi s7, s7, 31
   7215 00eb5f13  srli t5, s6, 14
   7216 020b9193  slli gp, s7, 32
   7217 003f6fb3  or t6, t5, gp
        ; layer 4: encoding
   7218 000401b7  lui gp, 0x40
   7219 40118193  addi gp, gp, 1025
   7220 10303023  sd gp, 256(x0)
   7221 11f03423  sd t6, 264(x0)
   7222 640ae183  lwu gp, 1600(s5)
   7223 12302823  sw gp, 304(x0)
   7224 12002a23  sw x0, 308(x0)
   7225 12003c23  sd x0, 312(x0)
   7226 10000513  addi a0, x0, 256
   7227 04000593  addi a1, x0, 64
   7228 14000613  addi a2, x0, 320
   7229 00000073  ecall
   7230 14003803  ld a6, 320(x0)
   7231 14803883  ld a7, 328(x0)
   7232 011861b3  or gp, a6, a7
   7233 2401c6e3  blt gp, x0, +2636
   7234 00385c93  srli s9, a6, 3
   7235 01acfcb3  and s9, s9, s10
   7236 01a87e33  and t3, a6, s10
   7237 01cc8cb3  add s9, s9, t3
   7238 0038de13  srli t3, a7, 3
   7239 01ae7e33  and t3, t3, s10
   7240 01cc8cb3  add s9, s9, t3
   7241 01a8fe33  and t3, a7, s10
   7242 01cc8cb3  add s9, s9, t3
   7243 006cde13  srli t3, s9, 6
   7244 01cc8cb3  add s9, s9, t3
   7245 01bcfcb3  and s9, s9, s11
   7246 00ccde13  srli t3, s9, 12
   7247 01cc8cb3  add s9, s9, t3
   7248 018cde13  srli t3, s9, 24
   7249 01cc8cb3  add s9, s9, t3
   7250 030cde13  srli t3, s9, 48
   7251 01cc8cb3  add s9, s9, t3
   7252 7ffcfc93  andi s9, s9, 2047
   7253 f56c8c93  addi s9, s9, -170
   7254 1e0c9ce3  bne s9, x0, +2552
        ; layer 4: chains
   7255 000401b7  lui gp, 0x40
   7256 10118193  addi gp, gp, 257
   7257 0c302023  sw gp, 192(x0)
   7258 0df03423  sd t6, 200(x0)
   7259 0c000513  addi a0, x0, 192
   7260 0e000613  addi a2, x0, 224
        ; chain lay=4 i=0
c4_0_1284:
   7261 03d81193  slli gp, a6, 61
   7262 570a3083  ld ra, 1392(s4)
   7263 578a3103  ld sp, 1400(s4)
   7264 0e103023  sd ra, 224(x0)
   7265 0e203423  sd sp, 232(x0)
   7266 1ef1f8e3  bgeu gp, a5, +2544
   7267 1c91f4e3  bgeu gp, s1, +2504
   7268 1c81fae3  bgeu gp, s0, +2516
   7269 1c71f6e3  bgeu gp, t2, +2508
   7270 0061fc63  bgeu gp, t1, +24
c4_0_s1_1270:
   7271 00000213  addi tp, x0, 0
   7272 00452223  sw tp, 4(a0)
   7273 00000073  ecall
   7274 02053823  sd x0, 48(a0)
   7275 02053c23  sd x0, 56(a0)
c4_0_s2_1271:
   7276 00100213  addi tp, x0, 1
   7277 00452223  sw tp, 4(a0)
   7278 00000073  ecall
   7279 02053823  sd x0, 48(a0)
   7280 02053c23  sd x0, 56(a0)
c4_0_s3_1272:
   7281 00200213  addi tp, x0, 2
   7282 00452223  sw tp, 4(a0)
   7283 00000073  ecall
   7284 02053823  sd x0, 48(a0)
   7285 02053c23  sd x0, 56(a0)
c4_0_s4_1273:
   7286 00300213  addi tp, x0, 3
   7287 00452223  sw tp, 4(a0)
   7288 00000073  ecall
   7289 02053823  sd x0, 48(a0)
   7290 02053c23  sd x0, 56(a0)
c4_0_s5_1274:
   7291 00400213  addi tp, x0, 4
   7292 00452223  sw tp, 4(a0)
   7293 00000073  ecall
   7294 02053823  sd x0, 48(a0)
   7295 02053c23  sd x0, 56(a0)
c4_0_s6_1275:
   7296 00500213  addi tp, x0, 5
   7297 00452223  sw tp, 4(a0)
   7298 00000073  ecall
   7299 02053823  sd x0, 48(a0)
   7300 02053c23  sd x0, 56(a0)
c4_0_s7_1276:
   7301 00600213  addi tp, x0, 6
   7302 00452223  sw tp, 4(a0)
   7303 36000613  addi a2, x0, 864
   7304 00000073  ecall
   7305 02050613  addi a2, a0, 32
        ; chain lay=4 i=1
c4_0_next_1277:
c4_1_1299:
   7306 03a81193  slli gp, a6, 58
   7307 580a3083  ld ra, 1408(s4)
   7308 588a3103  ld sp, 1416(s4)
   7309 0e103023  sd ra, 224(x0)
   7310 0e203423  sd sp, 232(x0)
   7311 16f1f8e3  bgeu gp, a5, +2416
   7312 1491f4e3  bgeu gp, s1, +2376
   7313 1481fae3  bgeu gp, s0, +2388
   7314 1471f6e3  bgeu gp, t2, +2380
   7315 0061fc63  bgeu gp, t1, +24
c4_1_s1_1285:
   7316 00800213  addi tp, x0, 8
   7317 00452223  sw tp, 4(a0)
   7318 00000073  ecall
   7319 02053823  sd x0, 48(a0)
   7320 02053c23  sd x0, 56(a0)
c4_1_s2_1286:
   7321 00900213  addi tp, x0, 9
   7322 00452223  sw tp, 4(a0)
   7323 00000073  ecall
   7324 02053823  sd x0, 48(a0)
   7325 02053c23  sd x0, 56(a0)
c4_1_s3_1287:
   7326 00a00213  addi tp, x0, 10
   7327 00452223  sw tp, 4(a0)
   7328 00000073  ecall
   7329 02053823  sd x0, 48(a0)
   7330 02053c23  sd x0, 56(a0)
c4_1_s4_1288:
   7331 00b00213  addi tp, x0, 11
   7332 00452223  sw tp, 4(a0)
   7333 00000073  ecall
   7334 02053823  sd x0, 48(a0)
   7335 02053c23  sd x0, 56(a0)
c4_1_s5_1289:
   7336 00c00213  addi tp, x0, 12
   7337 00452223  sw tp, 4(a0)
   7338 00000073  ecall
   7339 02053823  sd x0, 48(a0)
   7340 02053c23  sd x0, 56(a0)
c4_1_s6_1290:
   7341 00d00213  addi tp, x0, 13
   7342 00452223  sw tp, 4(a0)
   7343 00000073  ecall
   7344 02053823  sd x0, 48(a0)
   7345 02053c23  sd x0, 56(a0)
c4_1_s7_1291:
   7346 00e00213  addi tp, x0, 14
   7347 00452223  sw tp, 4(a0)
   7348 37000613  addi a2, x0, 880
   7349 00000073  ecall
   7350 02050613  addi a2, a0, 32
        ; chain lay=4 i=2
c4_1_next_1292:
c4_2_1314:
   7351 03781193  slli gp, a6, 55
   7352 590a3083  ld ra, 1424(s4)
   7353 598a3103  ld sp, 1432(s4)
   7354 0e103023  sd ra, 224(x0)
   7355 0e203423  sd sp, 232(x0)
   7356 0ef1f8e3  bgeu gp, a5, +2288
   7357 0c91f4e3  bgeu gp, s1, +2248
   7358 0c81fae3  bgeu gp, s0, +2260
   7359 0c71f6e3  bgeu gp, t2, +2252
   7360 0061fc63  bgeu gp, t1, +24
c4_2_s1_1300:
   7361 01000213  addi tp, x0, 16
   7362 00452223  sw tp, 4(a0)
   7363 00000073  ecall
   7364 02053823  sd x0, 48(a0)
   7365 02053c23  sd x0, 56(a0)
c4_2_s2_1301:
   7366 01100213  addi tp, x0, 17
   7367 00452223  sw tp, 4(a0)
   7368 00000073  ecall
   7369 02053823  sd x0, 48(a0)
   7370 02053c23  sd x0, 56(a0)
c4_2_s3_1302:
   7371 01200213  addi tp, x0, 18
   7372 00452223  sw tp, 4(a0)
   7373 00000073  ecall
   7374 02053823  sd x0, 48(a0)
   7375 02053c23  sd x0, 56(a0)
c4_2_s4_1303:
   7376 01300213  addi tp, x0, 19
   7377 00452223  sw tp, 4(a0)
   7378 00000073  ecall
   7379 02053823  sd x0, 48(a0)
   7380 02053c23  sd x0, 56(a0)
c4_2_s5_1304:
   7381 01400213  addi tp, x0, 20
   7382 00452223  sw tp, 4(a0)
   7383 00000073  ecall
   7384 02053823  sd x0, 48(a0)
   7385 02053c23  sd x0, 56(a0)
c4_2_s6_1305:
   7386 01500213  addi tp, x0, 21
   7387 00452223  sw tp, 4(a0)
   7388 00000073  ecall
   7389 02053823  sd x0, 48(a0)
   7390 02053c23  sd x0, 56(a0)
c4_2_s7_1306:
   7391 01600213  addi tp, x0, 22
   7392 00452223  sw tp, 4(a0)
   7393 38000613  addi a2, x0, 896
   7394 00000073  ecall
   7395 02050613  addi a2, a0, 32
        ; chain lay=4 i=3
c4_2_next_1307:
c4_3_1329:
   7396 03481193  slli gp, a6, 52
   7397 5a0a3083  ld ra, 1440(s4)
   7398 5a8a3103  ld sp, 1448(s4)
   7399 0e103023  sd ra, 224(x0)
   7400 0e203423  sd sp, 232(x0)
   7401 06f1f8e3  bgeu gp, a5, +2160
   7402 0491f4e3  bgeu gp, s1, +2120
   7403 0481fae3  bgeu gp, s0, +2132
   7404 0471f6e3  bgeu gp, t2, +2124
   7405 0061fc63  bgeu gp, t1, +24
c4_3_s1_1315:
   7406 01800213  addi tp, x0, 24
   7407 00452223  sw tp, 4(a0)
   7408 00000073  ecall
   7409 02053823  sd x0, 48(a0)
   7410 02053c23  sd x0, 56(a0)
c4_3_s2_1316:
   7411 01900213  addi tp, x0, 25
   7412 00452223  sw tp, 4(a0)
   7413 00000073  ecall
   7414 02053823  sd x0, 48(a0)
   7415 02053c23  sd x0, 56(a0)
c4_3_s3_1317:
   7416 01a00213  addi tp, x0, 26
   7417 00452223  sw tp, 4(a0)
   7418 00000073  ecall
   7419 02053823  sd x0, 48(a0)
   7420 02053c23  sd x0, 56(a0)
c4_3_s4_1318:
   7421 01b00213  addi tp, x0, 27
   7422 00452223  sw tp, 4(a0)
   7423 00000073  ecall
   7424 02053823  sd x0, 48(a0)
   7425 02053c23  sd x0, 56(a0)
c4_3_s5_1319:
   7426 01c00213  addi tp, x0, 28
   7427 00452223  sw tp, 4(a0)
   7428 00000073  ecall
   7429 02053823  sd x0, 48(a0)
   7430 02053c23  sd x0, 56(a0)
c4_3_s6_1320:
   7431 01d00213  addi tp, x0, 29
   7432 00452223  sw tp, 4(a0)
   7433 00000073  ecall
   7434 02053823  sd x0, 48(a0)
   7435 02053c23  sd x0, 56(a0)
c4_3_s7_1321:
   7436 01e00213  addi tp, x0, 30
   7437 00452223  sw tp, 4(a0)
   7438 39000613  addi a2, x0, 912
   7439 00000073  ecall
   7440 02050613  addi a2, a0, 32
        ; chain lay=4 i=4
c4_3_next_1322:
c4_4_1344:
   7441 03181193  slli gp, a6, 49
   7442 5b0a3083  ld ra, 1456(s4)
   7443 5b8a3103  ld sp, 1464(s4)
   7444 0e103023  sd ra, 224(x0)
   7445 0e203423  sd sp, 232(x0)
   7446 7ef1f863  bgeu gp, a5, +2032
   7447 7c91f463  bgeu gp, s1, +1992
   7448 7c81fa63  bgeu gp, s0, +2004
   7449 7c71f663  bgeu gp, t2, +1996
   7450 0061fc63  bgeu gp, t1, +24
c4_4_s1_1330:
   7451 02000213  addi tp, x0, 32
   7452 00452223  sw tp, 4(a0)
   7453 00000073  ecall
   7454 02053823  sd x0, 48(a0)
   7455 02053c23  sd x0, 56(a0)
c4_4_s2_1331:
   7456 02100213  addi tp, x0, 33
   7457 00452223  sw tp, 4(a0)
   7458 00000073  ecall
   7459 02053823  sd x0, 48(a0)
   7460 02053c23  sd x0, 56(a0)
c4_4_s3_1332:
   7461 02200213  addi tp, x0, 34
   7462 00452223  sw tp, 4(a0)
   7463 00000073  ecall
   7464 02053823  sd x0, 48(a0)
   7465 02053c23  sd x0, 56(a0)
c4_4_s4_1333:
   7466 02300213  addi tp, x0, 35
   7467 00452223  sw tp, 4(a0)
   7468 00000073  ecall
   7469 02053823  sd x0, 48(a0)
   7470 02053c23  sd x0, 56(a0)
c4_4_s5_1334:
   7471 02400213  addi tp, x0, 36
   7472 00452223  sw tp, 4(a0)
   7473 00000073  ecall
   7474 02053823  sd x0, 48(a0)
   7475 02053c23  sd x0, 56(a0)
c4_4_s6_1335:
   7476 02500213  addi tp, x0, 37
   7477 00452223  sw tp, 4(a0)
   7478 00000073  ecall
   7479 02053823  sd x0, 48(a0)
   7480 02053c23  sd x0, 56(a0)
c4_4_s7_1336:
   7481 02600213  addi tp, x0, 38
   7482 00452223  sw tp, 4(a0)
   7483 3a000613  addi a2, x0, 928
   7484 00000073  ecall
   7485 02050613  addi a2, a0, 32
        ; chain lay=4 i=5
c4_4_next_1337:
c4_5_1359:
   7486 02e81193  slli gp, a6, 46
   7487 5c0a3083  ld ra, 1472(s4)
   7488 5c8a3103  ld sp, 1480(s4)
   7489 0e103023  sd ra, 224(x0)
   7490 0e203423  sd sp, 232(x0)
   7491 76f1f863  bgeu gp, a5, +1904
   7492 7491f463  bgeu gp, s1, +1864
   7493 7481fa63  bgeu gp, s0, +1876
   7494 7471f663  bgeu gp, t2, +1868
   7495 0061fc63  bgeu gp, t1, +24
c4_5_s1_1345:
   7496 02800213  addi tp, x0, 40
   7497 00452223  sw tp, 4(a0)
   7498 00000073  ecall
   7499 02053823  sd x0, 48(a0)
   7500 02053c23  sd x0, 56(a0)
c4_5_s2_1346:
   7501 02900213  addi tp, x0, 41
   7502 00452223  sw tp, 4(a0)
   7503 00000073  ecall
   7504 02053823  sd x0, 48(a0)
   7505 02053c23  sd x0, 56(a0)
c4_5_s3_1347:
   7506 02a00213  addi tp, x0, 42
   7507 00452223  sw tp, 4(a0)
   7508 00000073  ecall
   7509 02053823  sd x0, 48(a0)
   7510 02053c23  sd x0, 56(a0)
c4_5_s4_1348:
   7511 02b00213  addi tp, x0, 43
   7512 00452223  sw tp, 4(a0)
   7513 00000073  ecall
   7514 02053823  sd x0, 48(a0)
   7515 02053c23  sd x0, 56(a0)
c4_5_s5_1349:
   7516 02c00213  addi tp, x0, 44
   7517 00452223  sw tp, 4(a0)
   7518 00000073  ecall
   7519 02053823  sd x0, 48(a0)
   7520 02053c23  sd x0, 56(a0)
c4_5_s6_1350:
   7521 02d00213  addi tp, x0, 45
   7522 00452223  sw tp, 4(a0)
   7523 00000073  ecall
   7524 02053823  sd x0, 48(a0)
   7525 02053c23  sd x0, 56(a0)
c4_5_s7_1351:
   7526 02e00213  addi tp, x0, 46
   7527 00452223  sw tp, 4(a0)
   7528 3b000613  addi a2, x0, 944
   7529 00000073  ecall
   7530 02050613  addi a2, a0, 32
        ; chain lay=4 i=6
c4_5_next_1352:
c4_6_1374:
   7531 02b81193  slli gp, a6, 43
   7532 5d0a3083  ld ra, 1488(s4)
   7533 5d8a3103  ld sp, 1496(s4)
   7534 0e103023  sd ra, 224(x0)
   7535 0e203423  sd sp, 232(x0)
   7536 6ef1f863  bgeu gp, a5, +1776
   7537 6c91f463  bgeu gp, s1, +1736
   7538 6c81fa63  bgeu gp, s0, +1748
   7539 6c71f663  bgeu gp, t2, +1740
   7540 0061fc63  bgeu gp, t1, +24
c4_6_s1_1360:
   7541 03000213  addi tp, x0, 48
   7542 00452223  sw tp, 4(a0)
   7543 00000073  ecall
   7544 02053823  sd x0, 48(a0)
   7545 02053c23  sd x0, 56(a0)
c4_6_s2_1361:
   7546 03100213  addi tp, x0, 49
   7547 00452223  sw tp, 4(a0)
   7548 00000073  ecall
   7549 02053823  sd x0, 48(a0)
   7550 02053c23  sd x0, 56(a0)
c4_6_s3_1362:
   7551 03200213  addi tp, x0, 50
   7552 00452223  sw tp, 4(a0)
   7553 00000073  ecall
   7554 02053823  sd x0, 48(a0)
   7555 02053c23  sd x0, 56(a0)
c4_6_s4_1363:
   7556 03300213  addi tp, x0, 51
   7557 00452223  sw tp, 4(a0)
   7558 00000073  ecall
   7559 02053823  sd x0, 48(a0)
   7560 02053c23  sd x0, 56(a0)
c4_6_s5_1364:
   7561 03400213  addi tp, x0, 52
   7562 00452223  sw tp, 4(a0)
   7563 00000073  ecall
   7564 02053823  sd x0, 48(a0)
   7565 02053c23  sd x0, 56(a0)
c4_6_s6_1365:
   7566 03500213  addi tp, x0, 53
   7567 00452223  sw tp, 4(a0)
   7568 00000073  ecall
   7569 02053823  sd x0, 48(a0)
   7570 02053c23  sd x0, 56(a0)
c4_6_s7_1366:
   7571 03600213  addi tp, x0, 54
   7572 00452223  sw tp, 4(a0)
   7573 3c000613  addi a2, x0, 960
   7574 00000073  ecall
   7575 02050613  addi a2, a0, 32
        ; chain lay=4 i=7
c4_6_next_1367:
c4_7_1389:
   7576 02881193  slli gp, a6, 40
   7577 5e0a3083  ld ra, 1504(s4)
   7578 5e8a3103  ld sp, 1512(s4)
   7579 0e103023  sd ra, 224(x0)
   7580 0e203423  sd sp, 232(x0)
   7581 66f1f863  bgeu gp, a5, +1648
   7582 6491f463  bgeu gp, s1, +1608
   7583 6481fa63  bgeu gp, s0, +1620
   7584 6471f663  bgeu gp, t2, +1612
   7585 0061fc63  bgeu gp, t1, +24
c4_7_s1_1375:
   7586 03800213  addi tp, x0, 56
   7587 00452223  sw tp, 4(a0)
   7588 00000073  ecall
   7589 02053823  sd x0, 48(a0)
   7590 02053c23  sd x0, 56(a0)
c4_7_s2_1376:
   7591 03900213  addi tp, x0, 57
   7592 00452223  sw tp, 4(a0)
   7593 00000073  ecall
   7594 02053823  sd x0, 48(a0)
   7595 02053c23  sd x0, 56(a0)
c4_7_s3_1377:
   7596 03a00213  addi tp, x0, 58
   7597 00452223  sw tp, 4(a0)
   7598 00000073  ecall
   7599 02053823  sd x0, 48(a0)
   7600 02053c23  sd x0, 56(a0)
c4_7_s4_1378:
   7601 03b00213  addi tp, x0, 59
   7602 00452223  sw tp, 4(a0)
   7603 00000073  ecall
   7604 02053823  sd x0, 48(a0)
   7605 02053c23  sd x0, 56(a0)
c4_7_s5_1379:
   7606 03c00213  addi tp, x0, 60
   7607 00452223  sw tp, 4(a0)
   7608 00000073  ecall
   7609 02053823  sd x0, 48(a0)
   7610 02053c23  sd x0, 56(a0)
c4_7_s6_1380:
   7611 03d00213  addi tp, x0, 61
   7612 00452223  sw tp, 4(a0)
   7613 00000073  ecall
   7614 02053823  sd x0, 48(a0)
   7615 02053c23  sd x0, 56(a0)
c4_7_s7_1381:
   7616 03e00213  addi tp, x0, 62
   7617 00452223  sw tp, 4(a0)
   7618 3d000613  addi a2, x0, 976
   7619 00000073  ecall
   7620 02050613  addi a2, a0, 32
        ; chain lay=4 i=8
c4_7_next_1382:
c4_8_1404:
   7621 02581193  slli gp, a6, 37
   7622 5f0a3083  ld ra, 1520(s4)
   7623 5f8a3103  ld sp, 1528(s4)
   7624 0e103023  sd ra, 224(x0)
   7625 0e203423  sd sp, 232(x0)
   7626 5ef1f863  bgeu gp, a5, +1520
   7627 5c91f463  bgeu gp, s1, +1480
   7628 5c81fa63  bgeu gp, s0, +1492
   7629 5c71f663  bgeu gp, t2, +1484
   7630 0061fc63  bgeu gp, t1, +24
c4_8_s1_1390:
   7631 04000213  addi tp, x0, 64
   7632 00452223  sw tp, 4(a0)
   7633 00000073  ecall
   7634 02053823  sd x0, 48(a0)
   7635 02053c23  sd x0, 56(a0)
c4_8_s2_1391:
   7636 04100213  addi tp, x0, 65
   7637 00452223  sw tp, 4(a0)
   7638 00000073  ecall
   7639 02053823  sd x0, 48(a0)
   7640 02053c23  sd x0, 56(a0)
c4_8_s3_1392:
   7641 04200213  addi tp, x0, 66
   7642 00452223  sw tp, 4(a0)
   7643 00000073  ecall
   7644 02053823  sd x0, 48(a0)
   7645 02053c23  sd x0, 56(a0)
c4_8_s4_1393:
   7646 04300213  addi tp, x0, 67
   7647 00452223  sw tp, 4(a0)
   7648 00000073  ecall
   7649 02053823  sd x0, 48(a0)
   7650 02053c23  sd x0, 56(a0)
c4_8_s5_1394:
   7651 04400213  addi tp, x0, 68
   7652 00452223  sw tp, 4(a0)
   7653 00000073  ecall
   7654 02053823  sd x0, 48(a0)
   7655 02053c23  sd x0, 56(a0)
c4_8_s6_1395:
   7656 04500213  addi tp, x0, 69
   7657 00452223  sw tp, 4(a0)
   7658 00000073  ecall
   7659 02053823  sd x0, 48(a0)
   7660 02053c23  sd x0, 56(a0)
c4_8_s7_1396:
   7661 04600213  addi tp, x0, 70
   7662 00452223  sw tp, 4(a0)
   7663 3e000613  addi a2, x0, 992
   7664 00000073  ecall
   7665 02050613  addi a2, a0, 32
        ; chain lay=4 i=9
c4_8_next_1397:
c4_9_1419:
   7666 02281193  slli gp, a6, 34
   7667 600a3083  ld ra, 1536(s4)
   7668 608a3103  ld sp, 1544(s4)
   7669 0e103023  sd ra, 224(x0)
   7670 0e203423  sd sp, 232(x0)
   7671 56f1f863  bgeu gp, a5, +1392
   7672 5491f463  bgeu gp, s1, +1352
   7673 5481fa63  bgeu gp, s0, +1364
   7674 5471f663  bgeu gp, t2, +1356
   7675 0061fc63  bgeu gp, t1, +24
c4_9_s1_1405:
   7676 04800213  addi tp, x0, 72
   7677 00452223  sw tp, 4(a0)
   7678 00000073  ecall
   7679 02053823  sd x0, 48(a0)
   7680 02053c23  sd x0, 56(a0)
c4_9_s2_1406:
   7681 04900213  addi tp, x0, 73
   7682 00452223  sw tp, 4(a0)
   7683 00000073  ecall
   7684 02053823  sd x0, 48(a0)
   7685 02053c23  sd x0, 56(a0)
c4_9_s3_1407:
   7686 04a00213  addi tp, x0, 74
   7687 00452223  sw tp, 4(a0)
   7688 00000073  ecall
   7689 02053823  sd x0, 48(a0)
   7690 02053c23  sd x0, 56(a0)
c4_9_s4_1408:
   7691 04b00213  addi tp, x0, 75
   7692 00452223  sw tp, 4(a0)
   7693 00000073  ecall
   7694 02053823  sd x0, 48(a0)
   7695 02053c23  sd x0, 56(a0)
c4_9_s5_1409:
   7696 04c00213  addi tp, x0, 76
   7697 00452223  sw tp, 4(a0)
   7698 00000073  ecall
   7699 02053823  sd x0, 48(a0)
   7700 02053c23  sd x0, 56(a0)
c4_9_s6_1410:
   7701 04d00213  addi tp, x0, 77
   7702 00452223  sw tp, 4(a0)
   7703 00000073  ecall
   7704 02053823  sd x0, 48(a0)
   7705 02053c23  sd x0, 56(a0)
c4_9_s7_1411:
   7706 04e00213  addi tp, x0, 78
   7707 00452223  sw tp, 4(a0)
   7708 3f000613  addi a2, x0, 1008
   7709 00000073  ecall
   7710 02050613  addi a2, a0, 32
        ; chain lay=4 i=10
c4_9_next_1412:
c4_10_1434:
   7711 01f81193  slli gp, a6, 31
   7712 610a3083  ld ra, 1552(s4)
   7713 618a3103  ld sp, 1560(s4)
   7714 0e103023  sd ra, 224(x0)
   7715 0e203423  sd sp, 232(x0)
   7716 4ef1f863  bgeu gp, a5, +1264
   7717 4c91f463  bgeu gp, s1, +1224
   7718 4c81fa63  bgeu gp, s0, +1236
   7719 4c71f663  bgeu gp, t2, +1228
   7720 0061fc63  bgeu gp, t1, +24
c4_10_s1_1420:
   7721 05000213  addi tp, x0, 80
   7722 00452223  sw tp, 4(a0)
   7723 00000073  ecall
   7724 02053823  sd x0, 48(a0)
   7725 02053c23  sd x0, 56(a0)
c4_10_s2_1421:
   7726 05100213  addi tp, x0, 81
   7727 00452223  sw tp, 4(a0)
   7728 00000073  ecall
   7729 02053823  sd x0, 48(a0)
   7730 02053c23  sd x0, 56(a0)
c4_10_s3_1422:
   7731 05200213  addi tp, x0, 82
   7732 00452223  sw tp, 4(a0)
   7733 00000073  ecall
   7734 02053823  sd x0, 48(a0)
   7735 02053c23  sd x0, 56(a0)
c4_10_s4_1423:
   7736 05300213  addi tp, x0, 83
   7737 00452223  sw tp, 4(a0)
   7738 00000073  ecall
   7739 02053823  sd x0, 48(a0)
   7740 02053c23  sd x0, 56(a0)
c4_10_s5_1424:
   7741 05400213  addi tp, x0, 84
   7742 00452223  sw tp, 4(a0)
   7743 00000073  ecall
   7744 02053823  sd x0, 48(a0)
   7745 02053c23  sd x0, 56(a0)
c4_10_s6_1425:
   7746 05500213  addi tp, x0, 85
   7747 00452223  sw tp, 4(a0)
   7748 00000073  ecall
   7749 02053823  sd x0, 48(a0)
   7750 02053c23  sd x0, 56(a0)
c4_10_s7_1426:
   7751 05600213  addi tp, x0, 86
   7752 00452223  sw tp, 4(a0)
   7753 40000613  addi a2, x0, 1024
   7754 00000073  ecall
   7755 02050613  addi a2, a0, 32
        ; chain lay=4 i=11
c4_10_next_1427:
c4_11_1449:
   7756 01c81193  slli gp, a6, 28
   7757 620a3083  ld ra, 1568(s4)
   7758 628a3103  ld sp, 1576(s4)
   7759 0e103023  sd ra, 224(x0)
   7760 0e203423  sd sp, 232(x0)
   7761 46f1f863  bgeu gp, a5, +1136
   7762 4491f463  bgeu gp, s1, +1096
   7763 4481fa63  bgeu gp, s0, +1108
   7764 4471f663  bgeu gp, t2, +1100
   7765 0061fc63  bgeu gp, t1, +24
c4_11_s1_1435:
   7766 05800213  addi tp, x0, 88
   7767 00452223  sw tp, 4(a0)
   7768 00000073  ecall
   7769 02053823  sd x0, 48(a0)
   7770 02053c23  sd x0, 56(a0)
c4_11_s2_1436:
   7771 05900213  addi tp, x0, 89
   7772 00452223  sw tp, 4(a0)
   7773 00000073  ecall
   7774 02053823  sd x0, 48(a0)
   7775 02053c23  sd x0, 56(a0)
c4_11_s3_1437:
   7776 05a00213  addi tp, x0, 90
   7777 00452223  sw tp, 4(a0)
   7778 00000073  ecall
   7779 02053823  sd x0, 48(a0)
   7780 02053c23  sd x0, 56(a0)
c4_11_s4_1438:
   7781 05b00213  addi tp, x0, 91
   7782 00452223  sw tp, 4(a0)
   7783 00000073  ecall
   7784 02053823  sd x0, 48(a0)
   7785 02053c23  sd x0, 56(a0)
c4_11_s5_1439:
   7786 05c00213  addi tp, x0, 92
   7787 00452223  sw tp, 4(a0)
   7788 00000073  ecall
   7789 02053823  sd x0, 48(a0)
   7790 02053c23  sd x0, 56(a0)
c4_11_s6_1440:
   7791 05d00213  addi tp, x0, 93
   7792 00452223  sw tp, 4(a0)
   7793 00000073  ecall
   7794 02053823  sd x0, 48(a0)
   7795 02053c23  sd x0, 56(a0)
c4_11_s7_1441:
   7796 05e00213  addi tp, x0, 94
   7797 00452223  sw tp, 4(a0)
   7798 41000613  addi a2, x0, 1040
   7799 00000073  ecall
   7800 02050613  addi a2, a0, 32
        ; chain lay=4 i=12
c4_11_next_1442:
c4_12_1464:
   7801 01981193  slli gp, a6, 25
   7802 630a3083  ld ra, 1584(s4)
   7803 638a3103  ld sp, 1592(s4)
   7804 0e103023  sd ra, 224(x0)
   7805 0e203423  sd sp, 232(x0)
   7806 3ef1f863  bgeu gp, a5, +1008
   7807 3c91f463  bgeu gp, s1, +968
   7808 3c81fa63  bgeu gp, s0, +980
   7809 3c71f663  bgeu gp, t2, +972
   7810 0061fc63  bgeu gp, t1, +24
c4_12_s1_1450:
   7811 06000213  addi tp, x0, 96
   7812 00452223  sw tp, 4(a0)
   7813 00000073  ecall
   7814 02053823  sd x0, 48(a0)
   7815 02053c23  sd x0, 56(a0)
c4_12_s2_1451:
   7816 06100213  addi tp, x0, 97
   7817 00452223  sw tp, 4(a0)
   7818 00000073  ecall
   7819 02053823  sd x0, 48(a0)
   7820 02053c23  sd x0, 56(a0)
c4_12_s3_1452:
   7821 06200213  addi tp, x0, 98
   7822 00452223  sw tp, 4(a0)
   7823 00000073  ecall
   7824 02053823  sd x0, 48(a0)
   7825 02053c23  sd x0, 56(a0)
c4_12_s4_1453:
   7826 06300213  addi tp, x0, 99
   7827 00452223  sw tp, 4(a0)
   7828 00000073  ecall
   7829 02053823  sd x0, 48(a0)
   7830 02053c23  sd x0, 56(a0)
c4_12_s5_1454:
   7831 06400213  addi tp, x0, 100
   7832 00452223  sw tp, 4(a0)
   7833 00000073  ecall
   7834 02053823  sd x0, 48(a0)
   7835 02053c23  sd x0, 56(a0)
c4_12_s6_1455:
   7836 06500213  addi tp, x0, 101
   7837 00452223  sw tp, 4(a0)
   7838 00000073  ecall
   7839 02053823  sd x0, 48(a0)
   7840 02053c23  sd x0, 56(a0)
c4_12_s7_1456:
   7841 06600213  addi tp, x0, 102
   7842 00452223  sw tp, 4(a0)
   7843 42000613  addi a2, x0, 1056
   7844 00000073  ecall
   7845 02050613  addi a2, a0, 32
        ; chain lay=4 i=13
c4_12_next_1457:
c4_13_1479:
   7846 01681193  slli gp, a6, 22
   7847 640a3083  ld ra, 1600(s4)
   7848 648a3103  ld sp, 1608(s4)
   7849 0e103023  sd ra, 224(x0)
   7850 0e203423  sd sp, 232(x0)
   7851 36f1f863  bgeu gp, a5, +880
   7852 3491f463  bgeu gp, s1, +840
   7853 3481fa63  bgeu gp, s0, +852
   7854 3471f663  bgeu gp, t2, +844
   7855 0061fc63  bgeu gp, t1, +24
c4_13_s1_1465:
   7856 06800213  addi tp, x0, 104
   7857 00452223  sw tp, 4(a0)
   7858 00000073  ecall
   7859 02053823  sd x0, 48(a0)
   7860 02053c23  sd x0, 56(a0)
c4_13_s2_1466:
   7861 06900213  addi tp, x0, 105
   7862 00452223  sw tp, 4(a0)
   7863 00000073  ecall
   7864 02053823  sd x0, 48(a0)
   7865 02053c23  sd x0, 56(a0)
c4_13_s3_1467:
   7866 06a00213  addi tp, x0, 106
   7867 00452223  sw tp, 4(a0)
   7868 00000073  ecall
   7869 02053823  sd x0, 48(a0)
   7870 02053c23  sd x0, 56(a0)
c4_13_s4_1468:
   7871 06b00213  addi tp, x0, 107
   7872 00452223  sw tp, 4(a0)
   7873 00000073  ecall
   7874 02053823  sd x0, 48(a0)
   7875 02053c23  sd x0, 56(a0)
c4_13_s5_1469:
   7876 06c00213  addi tp, x0, 108
   7877 00452223  sw tp, 4(a0)
   7878 00000073  ecall
   7879 02053823  sd x0, 48(a0)
   7880 02053c23  sd x0, 56(a0)
c4_13_s6_1470:
   7881 06d00213  addi tp, x0, 109
   7882 00452223  sw tp, 4(a0)
   7883 00000073  ecall
   7884 02053823  sd x0, 48(a0)
   7885 02053c23  sd x0, 56(a0)
c4_13_s7_1471:
   7886 06e00213  addi tp, x0, 110
   7887 00452223  sw tp, 4(a0)
   7888 43000613  addi a2, x0, 1072
   7889 00000073  ecall
   7890 02050613  addi a2, a0, 32
c4_13_next_1472:
   7891 2e00006f  jal x0, +736
rej_l4_1269:
   7892 dbcf806f  jal x0, -31300
c4_0_g4_1279:
   7893 00e1fe63  bgeu gp, a4, +28
   7894 00d1fa63  bgeu gp, a3, +20
   7895 e90ff06f  jal x0, -2416
c4_0_p2_1280:
   7896 e64ff06f  jal x0, -2460
c4_0_p3_1281:
   7897 00000013  addi x0, x0, 0
   7898 e70ff06f  jal x0, -2448
c4_0_p5_1282:
   7899 e94ff06f  jal x0, -2412
c4_0_p6_1283:
   7900 00000013  addi x0, x0, 0
   7901 ea0ff06f  jal x0, -2400
c4_0_h7_1278:
   7902 36103023  sd ra, 864(x0)
   7903 36203423  sd sp, 872(x0)
   7904 00000013  addi x0, x0, 0
   7905 ea4ff06f  jal x0, -2396
c4_1_g4_1294:
   7906 00e1fe63  bgeu gp, a4, +28
   7907 00d1fa63  bgeu gp, a3, +20
   7908 f10ff06f  jal x0, -2288
c4_1_p2_1295:
   7909 ee4ff06f  jal x0, -2332
c4_1_p3_1296:
   7910 00000013  addi x0, x0, 0
   7911 ef0ff06f  jal x0, -2320
c4_1_p5_1297:
   7912 f14ff06f  jal x0, -2284
c4_1_p6_1298:
   7913 00000013  addi x0, x0, 0
   7914 f20ff06f  jal x0, -2272
c4_1_h7_1293:
   7915 36103823  sd ra, 880(x0)
   7916 36203c23  sd sp, 888(x0)
   7917 00000013  addi x0, x0, 0
   7918 f24ff06f  jal x0, -2268
c4_2_g4_1309:
   7919 00e1fe63  bgeu gp, a4, +28
   7920 00d1fa63  bgeu gp, a3, +20
   7921 f90ff06f  jal x0, -2160
c4_2_p2_1310:
   7922 f64ff06f  jal x0, -2204
c4_2_p3_1311:
   7923 00000013  addi x0, x0, 0
   7924 f70ff06f  jal x0, -2192
c4_2_p5_1312:
   7925 f94ff06f  jal x0, -2156
c4_2_p6_1313:
   7926 00000013  addi x0, x0, 0
   7927 fa0ff06f  jal x0, -2144
c4_2_h7_1308:
   7928 38103023  sd ra, 896(x0)
   7929 38203423  sd sp, 904(x0)
   7930 00000013  addi x0, x0, 0
   7931 fa4ff06f  jal x0, -2140
c4_3_g4_1324:
   7932 00e1fe63  bgeu gp, a4, +28
   7933 00d1fa63  bgeu gp, a3, +20
   7934 811ff06f  jal x0, -2032
c4_3_p2_1325:
   7935 fe4ff06f  jal x0, -2076
c4_3_p3_1326:
   7936 00000013  addi x0, x0, 0
   7937 ff0ff06f  jal x0, -2064
c4_3_p5_1327:
   7938 815ff06f  jal x0, -2028
c4_3_p6_1328:
   7939 00000013  addi x0, x0, 0
   7940 821ff06f  jal x0, -2016
c4_3_h7_1323:
   7941 38103823  sd ra, 912(x0)
   7942 38203c23  sd sp, 920(x0)
   7943 00000013  addi x0, x0, 0
   7944 825ff06f  jal x0, -2012
c4_4_g4_1339:
   7945 00e1fe63  bgeu gp, a4, +28
   7946 00d1fa63  bgeu gp, a3, +20
   7947 891ff06f  jal x0, -1904
c4_4_p2_1340:
   7948 865ff06f  jal x0, -1948
c4_4_p3_1341:
   7949 00000013  addi x0, x0, 0
   7950 871ff06f  jal x0, -1936
c4_4_p5_1342:
   7951 895ff06f  jal x0, -1900
c4_4_p6_1343:
   7952 00000013  addi x0, x0, 0
   7953 8a1ff06f  jal x0, -1888
c4_4_h7_1338:
   7954 3a103023  sd ra, 928(x0)
   7955 3a203423  sd sp, 936(x0)
   7956 00000013  addi x0, x0, 0
   7957 8a5ff06f  jal x0, -1884
c4_5_g4_1354:
   7958 00e1fe63  bgeu gp, a4, +28
   7959 00d1fa63  bgeu gp, a3, +20
   7960 911ff06f  jal x0, -1776
c4_5_p2_1355:
   7961 8e5ff06f  jal x0, -1820
c4_5_p3_1356:
   7962 00000013  addi x0, x0, 0
   7963 8f1ff06f  jal x0, -1808
c4_5_p5_1357:
   7964 915ff06f  jal x0, -1772
c4_5_p6_1358:
   7965 00000013  addi x0, x0, 0
   7966 921ff06f  jal x0, -1760
c4_5_h7_1353:
   7967 3a103823  sd ra, 944(x0)
   7968 3a203c23  sd sp, 952(x0)
   7969 00000013  addi x0, x0, 0
   7970 925ff06f  jal x0, -1756
c4_6_g4_1369:
   7971 00e1fe63  bgeu gp, a4, +28
   7972 00d1fa63  bgeu gp, a3, +20
   7973 991ff06f  jal x0, -1648
c4_6_p2_1370:
   7974 965ff06f  jal x0, -1692
c4_6_p3_1371:
   7975 00000013  addi x0, x0, 0
   7976 971ff06f  jal x0, -1680
c4_6_p5_1372:
   7977 995ff06f  jal x0, -1644
c4_6_p6_1373:
   7978 00000013  addi x0, x0, 0
   7979 9a1ff06f  jal x0, -1632
c4_6_h7_1368:
   7980 3c103023  sd ra, 960(x0)
   7981 3c203423  sd sp, 968(x0)
   7982 00000013  addi x0, x0, 0
   7983 9a5ff06f  jal x0, -1628
c4_7_g4_1384:
   7984 00e1fe63  bgeu gp, a4, +28
   7985 00d1fa63  bgeu gp, a3, +20
   7986 a11ff06f  jal x0, -1520
c4_7_p2_1385:
   7987 9e5ff06f  jal x0, -1564
c4_7_p3_1386:
   7988 00000013  addi x0, x0, 0
   7989 9f1ff06f  jal x0, -1552
c4_7_p5_1387:
   7990 a15ff06f  jal x0, -1516
c4_7_p6_1388:
   7991 00000013  addi x0, x0, 0
   7992 a21ff06f  jal x0, -1504
c4_7_h7_1383:
   7993 3c103823  sd ra, 976(x0)
   7994 3c203c23  sd sp, 984(x0)
   7995 00000013  addi x0, x0, 0
   7996 a25ff06f  jal x0, -1500
c4_8_g4_1399:
   7997 00e1fe63  bgeu gp, a4, +28
   7998 00d1fa63  bgeu gp, a3, +20
   7999 a91ff06f  jal x0, -1392
c4_8_p2_1400:
   8000 a65ff06f  jal x0, -1436
c4_8_p3_1401:
   8001 00000013  addi x0, x0, 0
   8002 a71ff06f  jal x0, -1424
c4_8_p5_1402:
   8003 a95ff06f  jal x0, -1388
c4_8_p6_1403:
   8004 00000013  addi x0, x0, 0
   8005 aa1ff06f  jal x0, -1376
c4_8_h7_1398:
   8006 3e103023  sd ra, 992(x0)
   8007 3e203423  sd sp, 1000(x0)
   8008 00000013  addi x0, x0, 0
   8009 aa5ff06f  jal x0, -1372
c4_9_g4_1414:
   8010 00e1fe63  bgeu gp, a4, +28
   8011 00d1fa63  bgeu gp, a3, +20
   8012 b11ff06f  jal x0, -1264
c4_9_p2_1415:
   8013 ae5ff06f  jal x0, -1308
c4_9_p3_1416:
   8014 00000013  addi x0, x0, 0
   8015 af1ff06f  jal x0, -1296
c4_9_p5_1417:
   8016 b15ff06f  jal x0, -1260
c4_9_p6_1418:
   8017 00000013  addi x0, x0, 0
   8018 b21ff06f  jal x0, -1248
c4_9_h7_1413:
   8019 3e103823  sd ra, 1008(x0)
   8020 3e203c23  sd sp, 1016(x0)
   8021 00000013  addi x0, x0, 0
   8022 b25ff06f  jal x0, -1244
c4_10_g4_1429:
   8023 00e1fe63  bgeu gp, a4, +28
   8024 00d1fa63  bgeu gp, a3, +20
   8025 b91ff06f  jal x0, -1136
c4_10_p2_1430:
   8026 b65ff06f  jal x0, -1180
c4_10_p3_1431:
   8027 00000013  addi x0, x0, 0
   8028 b71ff06f  jal x0, -1168
c4_10_p5_1432:
   8029 b95ff06f  jal x0, -1132
c4_10_p6_1433:
   8030 00000013  addi x0, x0, 0
   8031 ba1ff06f  jal x0, -1120
c4_10_h7_1428:
   8032 40103023  sd ra, 1024(x0)
   8033 40203423  sd sp, 1032(x0)
   8034 00000013  addi x0, x0, 0
   8035 ba5ff06f  jal x0, -1116
c4_11_g4_1444:
   8036 00e1fe63  bgeu gp, a4, +28
   8037 00d1fa63  bgeu gp, a3, +20
   8038 c11ff06f  jal x0, -1008
c4_11_p2_1445:
   8039 be5ff06f  jal x0, -1052
c4_11_p3_1446:
   8040 00000013  addi x0, x0, 0
   8041 bf1ff06f  jal x0, -1040
c4_11_p5_1447:
   8042 c15ff06f  jal x0, -1004
c4_11_p6_1448:
   8043 00000013  addi x0, x0, 0
   8044 c21ff06f  jal x0, -992
c4_11_h7_1443:
   8045 40103823  sd ra, 1040(x0)
   8046 40203c23  sd sp, 1048(x0)
   8047 00000013  addi x0, x0, 0
   8048 c25ff06f  jal x0, -988
c4_12_g4_1459:
   8049 00e1fe63  bgeu gp, a4, +28
   8050 00d1fa63  bgeu gp, a3, +20
   8051 c91ff06f  jal x0, -880
c4_12_p2_1460:
   8052 c65ff06f  jal x0, -924
c4_12_p3_1461:
   8053 00000013  addi x0, x0, 0
   8054 c71ff06f  jal x0, -912
c4_12_p5_1462:
   8055 c95ff06f  jal x0, -876
c4_12_p6_1463:
   8056 00000013  addi x0, x0, 0
   8057 ca1ff06f  jal x0, -864
c4_12_h7_1458:
   8058 42103023  sd ra, 1056(x0)
   8059 42203423  sd sp, 1064(x0)
   8060 00000013  addi x0, x0, 0
   8061 ca5ff06f  jal x0, -860
c4_13_g4_1474:
   8062 00e1fe63  bgeu gp, a4, +28
   8063 00d1fa63  bgeu gp, a3, +20
   8064 d11ff06f  jal x0, -752
c4_13_p2_1475:
   8065 ce5ff06f  jal x0, -796
c4_13_p3_1476:
   8066 00000013  addi x0, x0, 0
   8067 cf1ff06f  jal x0, -784
c4_13_p5_1477:
   8068 d15ff06f  jal x0, -748
c4_13_p6_1478:
   8069 00000013  addi x0, x0, 0
   8070 d21ff06f  jal x0, -736
c4_13_h7_1473:
   8071 42103823  sd ra, 1072(x0)
   8072 42203c23  sd sp, 1080(x0)
   8073 00000013  addi x0, x0, 0
   8074 d25ff06f  jal x0, -732
        ; chain lay=4 i=14
l4_after0_1480:
c4_14_1495:
   8075 01381193  slli gp, a6, 19
   8076 650a3083  ld ra, 1616(s4)
   8077 658a3103  ld sp, 1624(s4)
   8078 0e103023  sd ra, 224(x0)
   8079 0e203423  sd sp, 232(x0)
   8080 1ef1f6e3  bgeu gp, a5, +2540
   8081 1c91f2e3  bgeu gp, s1, +2500
   8082 1c81f8e3  bgeu gp, s0, +2512
   8083 1c71f4e3  bgeu gp, t2, +2504
   8084 0061fc63  bgeu gp, t1, +24
c4_14_s1_1481:
   8085 07000213  addi tp, x0, 112
   8086 00452223  sw tp, 4(a0)
   8087 00000073  ecall
   8088 02053823  sd x0, 48(a0)
   8089 02053c23  sd x0, 56(a0)
c4_14_s2_1482:
   8090 07100213  addi tp, x0, 113
   8091 00452223  sw tp, 4(a0)
   8092 00000073  ecall
   8093 02053823  sd x0, 48(a0)
   8094 02053c23  sd x0, 56(a0)
c4_14_s3_1483:
   8095 07200213  addi tp, x0, 114
   8096 00452223  sw tp, 4(a0)
   8097 00000073  ecall
   8098 02053823  sd x0, 48(a0)
   8099 02053c23  sd x0, 56(a0)
c4_14_s4_1484:
   8100 07300213  addi tp, x0, 115
   8101 00452223  sw tp, 4(a0)
   8102 00000073  ecall
   8103 02053823  sd x0, 48(a0)
   8104 02053c23  sd x0, 56(a0)
c4_14_s5_1485:
   8105 07400213  addi tp, x0, 116
   8106 00452223  sw tp, 4(a0)
   8107 00000073  ecall
   8108 02053823  sd x0, 48(a0)
   8109 02053c23  sd x0, 56(a0)
c4_14_s6_1486:
   8110 07500213  addi tp, x0, 117
   8111 00452223  sw tp, 4(a0)
   8112 00000073  ecall
   8113 02053823  sd x0, 48(a0)
   8114 02053c23  sd x0, 56(a0)
c4_14_s7_1487:
   8115 07600213  addi tp, x0, 118
   8116 00452223  sw tp, 4(a0)
   8117 44000613  addi a2, x0, 1088
   8118 00000073  ecall
   8119 02050613  addi a2, a0, 32
        ; chain lay=4 i=15
c4_14_next_1488:
c4_15_1510:
   8120 01081193  slli gp, a6, 16
   8121 660a3083  ld ra, 1632(s4)
   8122 668a3103  ld sp, 1640(s4)
   8123 0e103023  sd ra, 224(x0)
   8124 0e203423  sd sp, 232(x0)
   8125 16f1f6e3  bgeu gp, a5, +2412
   8126 1491f2e3  bgeu gp, s1, +2372
   8127 1481f8e3  bgeu gp, s0, +2384
   8128 1471f4e3  bgeu gp, t2, +2376
   8129 0061fc63  bgeu gp, t1, +24
c4_15_s1_1496:
   8130 07800213  addi tp, x0, 120
   8131 00452223  sw tp, 4(a0)
   8132 00000073  ecall
   8133 02053823  sd x0, 48(a0)
   8134 02053c23  sd x0, 56(a0)
c4_15_s2_1497:
   8135 07900213  addi tp, x0, 121
   8136 00452223  sw tp, 4(a0)
   8137 00000073  ecall
   8138 02053823  sd x0, 48(a0)
   8139 02053c23  sd x0, 56(a0)
c4_15_s3_1498:
   8140 07a00213  addi tp, x0, 122
   8141 00452223  sw tp, 4(a0)
   8142 00000073  ecall
   8143 02053823  sd x0, 48(a0)
   8144 02053c23  sd x0, 56(a0)
c4_15_s4_1499:
   8145 07b00213  addi tp, x0, 123
   8146 00452223  sw tp, 4(a0)
   8147 00000073  ecall
   8148 02053823  sd x0, 48(a0)
   8149 02053c23  sd x0, 56(a0)
c4_15_s5_1500:
   8150 07c00213  addi tp, x0, 124
   8151 00452223  sw tp, 4(a0)
   8152 00000073  ecall
   8153 02053823  sd x0, 48(a0)
   8154 02053c23  sd x0, 56(a0)
c4_15_s6_1501:
   8155 07d00213  addi tp, x0, 125
   8156 00452223  sw tp, 4(a0)
   8157 00000073  ecall
   8158 02053823  sd x0, 48(a0)
   8159 02053c23  sd x0, 56(a0)
c4_15_s7_1502:
   8160 07e00213  addi tp, x0, 126
   8161 00452223  sw tp, 4(a0)
   8162 45000613  addi a2, x0, 1104
   8163 00000073  ecall
   8164 02050613  addi a2, a0, 32
        ; chain lay=4 i=16
c4_15_next_1503:
c4_16_1525:
   8165 00d81193  slli gp, a6, 13
   8166 670a3083  ld ra, 1648(s4)
   8167 678a3103  ld sp, 1656(s4)
   8168 0e103023  sd ra, 224(x0)
   8169 0e203423  sd sp, 232(x0)
   8170 0ef1f6e3  bgeu gp, a5, +2284
   8171 0c91f2e3  bgeu gp, s1, +2244
   8172 0c81f8e3  bgeu gp, s0, +2256
   8173 0c71f4e3  bgeu gp, t2, +2248
   8174 0061fc63  bgeu gp, t1, +24
c4_16_s1_1511:
   8175 08000213  addi tp, x0, 128
   8176 00452223  sw tp, 4(a0)
   8177 00000073  ecall
   8178 02053823  sd x0, 48(a0)
   8179 02053c23  sd x0, 56(a0)
c4_16_s2_1512:
   8180 08100213  addi tp, x0, 129
   8181 00452223  sw tp, 4(a0)
   8182 00000073  ecall
   8183 02053823  sd x0, 48(a0)
   8184 02053c23  sd x0, 56(a0)
c4_16_s3_1513:
   8185 08200213  addi tp, x0, 130
   8186 00452223  sw tp, 4(a0)
   8187 00000073  ecall
   8188 02053823  sd x0, 48(a0)
   8189 02053c23  sd x0, 56(a0)
c4_16_s4_1514:
   8190 08300213  addi tp, x0, 131
   8191 00452223  sw tp, 4(a0)
   8192 00000073  ecall
   8193 02053823  sd x0, 48(a0)
   8194 02053c23  sd x0, 56(a0)
c4_16_s5_1515:
   8195 08400213  addi tp, x0, 132
   8196 00452223  sw tp, 4(a0)
   8197 00000073  ecall
   8198 02053823  sd x0, 48(a0)
   8199 02053c23  sd x0, 56(a0)
c4_16_s6_1516:
   8200 08500213  addi tp, x0, 133
   8201 00452223  sw tp, 4(a0)
   8202 00000073  ecall
   8203 02053823  sd x0, 48(a0)
   8204 02053c23  sd x0, 56(a0)
c4_16_s7_1517:
   8205 08600213  addi tp, x0, 134
   8206 00452223  sw tp, 4(a0)
   8207 46000613  addi a2, x0, 1120
   8208 00000073  ecall
   8209 02050613  addi a2, a0, 32
        ; chain lay=4 i=17
c4_16_next_1518:
c4_17_1540:
   8210 00a81193  slli gp, a6, 10
   8211 680a3083  ld ra, 1664(s4)
   8212 688a3103  ld sp, 1672(s4)
   8213 0e103023  sd ra, 224(x0)
   8214 0e203423  sd sp, 232(x0)
   8215 06f1f6e3  bgeu gp, a5, +2156
   8216 0491f2e3  bgeu gp, s1, +2116
   8217 0481f8e3  bgeu gp, s0, +2128
   8218 0471f4e3  bgeu gp, t2, +2120
   8219 0061fc63  bgeu gp, t1, +24
c4_17_s1_1526:
   8220 08800213  addi tp, x0, 136
   8221 00452223  sw tp, 4(a0)
   8222 00000073  ecall
   8223 02053823  sd x0, 48(a0)
   8224 02053c23  sd x0, 56(a0)
c4_17_s2_1527:
   8225 08900213  addi tp, x0, 137
   8226 00452223  sw tp, 4(a0)
   8227 00000073  ecall
   8228 02053823  sd x0, 48(a0)
   8229 02053c23  sd x0, 56(a0)
c4_17_s3_1528:
   8230 08a00213  addi tp, x0, 138
   8231 00452223  sw tp, 4(a0)
   8232 00000073  ecall
   8233 02053823  sd x0, 48(a0)
   8234 02053c23  sd x0, 56(a0)
c4_17_s4_1529:
   8235 08b00213  addi tp, x0, 139
   8236 00452223  sw tp, 4(a0)
   8237 00000073  ecall
   8238 02053823  sd x0, 48(a0)
   8239 02053c23  sd x0, 56(a0)
c4_17_s5_1530:
   8240 08c00213  addi tp, x0, 140
   8241 00452223  sw tp, 4(a0)
   8242 00000073  ecall
   8243 02053823  sd x0, 48(a0)
   8244 02053c23  sd x0, 56(a0)
c4_17_s6_1531:
   8245 08d00213  addi tp, x0, 141
   8246 00452223  sw tp, 4(a0)
   8247 00000073  ecall
   8248 02053823  sd x0, 48(a0)
   8249 02053c23  sd x0, 56(a0)
c4_17_s7_1532:
   8250 08e00213  addi tp, x0, 142
   8251 00452223  sw tp, 4(a0)
   8252 47000613  addi a2, x0, 1136
   8253 00000073  ecall
   8254 02050613  addi a2, a0, 32
        ; chain lay=4 i=18
c4_17_next_1533:
c4_18_1555:
   8255 00781193  slli gp, a6, 7
   8256 690a3083  ld ra, 1680(s4)
   8257 698a3103  ld sp, 1688(s4)
   8258 0e103023  sd ra, 224(x0)
   8259 0e203423  sd sp, 232(x0)
   8260 7ef1f663  bgeu gp, a5, +2028
   8261 7c91f263  bgeu gp, s1, +1988
   8262 7c81f863  bgeu gp, s0, +2000
   8263 7c71f463  bgeu gp, t2, +1992
   8264 0061fc63  bgeu gp, t1, +24
c4_18_s1_1541:
   8265 09000213  addi tp, x0, 144
   8266 00452223  sw tp, 4(a0)
   8267 00000073  ecall
   8268 02053823  sd x0, 48(a0)
   8269 02053c23  sd x0, 56(a0)
c4_18_s2_1542:
   8270 09100213  addi tp, x0, 145
   8271 00452223  sw tp, 4(a0)
   8272 00000073  ecall
   8273 02053823  sd x0, 48(a0)
   8274 02053c23  sd x0, 56(a0)
c4_18_s3_1543:
   8275 09200213  addi tp, x0, 146
   8276 00452223  sw tp, 4(a0)
   8277 00000073  ecall
   8278 02053823  sd x0, 48(a0)
   8279 02053c23  sd x0, 56(a0)
c4_18_s4_1544:
   8280 09300213  addi tp, x0, 147
   8281 00452223  sw tp, 4(a0)
   8282 00000073  ecall
   8283 02053823  sd x0, 48(a0)
   8284 02053c23  sd x0, 56(a0)
c4_18_s5_1545:
   8285 09400213  addi tp, x0, 148
   8286 00452223  sw tp, 4(a0)
   8287 00000073  ecall
   8288 02053823  sd x0, 48(a0)
   8289 02053c23  sd x0, 56(a0)
c4_18_s6_1546:
   8290 09500213  addi tp, x0, 149
   8291 00452223  sw tp, 4(a0)
   8292 00000073  ecall
   8293 02053823  sd x0, 48(a0)
   8294 02053c23  sd x0, 56(a0)
c4_18_s7_1547:
   8295 09600213  addi tp, x0, 150
   8296 00452223  sw tp, 4(a0)
   8297 48000613  addi a2, x0, 1152
   8298 00000073  ecall
   8299 02050613  addi a2, a0, 32
        ; chain lay=4 i=19
c4_18_next_1548:
c4_19_1570:
   8300 00481193  slli gp, a6, 4
   8301 6a0a3083  ld ra, 1696(s4)
   8302 6a8a3103  ld sp, 1704(s4)
   8303 0e103023  sd ra, 224(x0)
   8304 0e203423  sd sp, 232(x0)
   8305 76f1f663  bgeu gp, a5, +1900
   8306 7491f263  bgeu gp, s1, +1860
   8307 7481f863  bgeu gp, s0, +1872
   8308 7471f463  bgeu gp, t2, +1864
   8309 0061fc63  bgeu gp, t1, +24
c4_19_s1_1556:
   8310 09800213  addi tp, x0, 152
   8311 00452223  sw tp, 4(a0)
   8312 00000073  ecall
   8313 02053823  sd x0, 48(a0)
   8314 02053c23  sd x0, 56(a0)
c4_19_s2_1557:
   8315 09900213  addi tp, x0, 153
   8316 00452223  sw tp, 4(a0)
   8317 00000073  ecall
   8318 02053823  sd x0, 48(a0)
   8319 02053c23  sd x0, 56(a0)
c4_19_s3_1558:
   8320 09a00213  addi tp, x0, 154
   8321 00452223  sw tp, 4(a0)
   8322 00000073  ecall
   8323 02053823  sd x0, 48(a0)
   8324 02053c23  sd x0, 56(a0)
c4_19_s4_1559:
   8325 09b00213  addi tp, x0, 155
   8326 00452223  sw tp, 4(a0)
   8327 00000073  ecall
   8328 02053823  sd x0, 48(a0)
   8329 02053c23  sd x0, 56(a0)
c4_19_s5_1560:
   8330 09c00213  addi tp, x0, 156
   8331 00452223  sw tp, 4(a0)
   8332 00000073  ecall
   8333 02053823  sd x0, 48(a0)
   8334 02053c23  sd x0, 56(a0)
c4_19_s6_1561:
   8335 09d00213  addi tp, x0, 157
   8336 00452223  sw tp, 4(a0)
   8337 00000073  ecall
   8338 02053823  sd x0, 48(a0)
   8339 02053c23  sd x0, 56(a0)
c4_19_s7_1562:
   8340 09e00213  addi tp, x0, 158
   8341 00452223  sw tp, 4(a0)
   8342 49000613  addi a2, x0, 1168
   8343 00000073  ecall
   8344 02050613  addi a2, a0, 32
        ; chain lay=4 i=20
c4_19_next_1563:
c4_20_1585:
   8345 00181193  slli gp, a6, 1
   8346 6b0a3083  ld ra, 1712(s4)
   8347 6b8a3103  ld sp, 1720(s4)
   8348 0e103023  sd ra, 224(x0)
   8349 0e203423  sd sp, 232(x0)
   8350 6ef1f663  bgeu gp, a5, +1772
   8351 6c91f263  bgeu gp, s1, +1732
   8352 6c81f863  bgeu gp, s0, +1744
   8353 6c71f463  bgeu gp, t2, +1736
   8354 0061fc63  bgeu gp, t1, +24
c4_20_s1_1571:
   8355 0a000213  addi tp, x0, 160
   8356 00452223  sw tp, 4(a0)
   8357 00000073  ecall
   8358 02053823  sd x0, 48(a0)
   8359 02053c23  sd x0, 56(a0)
c4_20_s2_1572:
   8360 0a100213  addi tp, x0, 161
   8361 00452223  sw tp, 4(a0)
   8362 00000073  ecall
   8363 02053823  sd x0, 48(a0)
   8364 02053c23  sd x0, 56(a0)
c4_20_s3_1573:
   8365 0a200213  addi tp, x0, 162
   8366 00452223  sw tp, 4(a0)
   8367 00000073  ecall
   8368 02053823  sd x0, 48(a0)
   8369 02053c23  sd x0, 56(a0)
c4_20_s4_1574:
   8370 0a300213  addi tp, x0, 163
   8371 00452223  sw tp, 4(a0)
   8372 00000073  ecall
   8373 02053823  sd x0, 48(a0)
   8374 02053c23  sd x0, 56(a0)
c4_20_s5_1575:
   8375 0a400213  addi tp, x0, 164
   8376 00452223  sw tp, 4(a0)
   8377 00000073  ecall
   8378 02053823  sd x0, 48(a0)
   8379 02053c23  sd x0, 56(a0)
c4_20_s6_1576:
   8380 0a500213  addi tp, x0, 165
   8381 00452223  sw tp, 4(a0)
   8382 00000073  ecall
   8383 02053823  sd x0, 48(a0)
   8384 02053c23  sd x0, 56(a0)
c4_20_s7_1577:
   8385 0a600213  addi tp, x0, 166
   8386 00452223  sw tp, 4(a0)
   8387 4a000613  addi a2, x0, 1184
   8388 00000073  ecall
   8389 02050613  addi a2, a0, 32
        ; chain lay=4 i=21
c4_20_next_1578:
c4_21_1600:
   8390 03d89193  slli gp, a7, 61
   8391 6c0a3083  ld ra, 1728(s4)
   8392 6c8a3103  ld sp, 1736(s4)
   8393 0e103023  sd ra, 224(x0)
   8394 0e203423  sd sp, 232(x0)
   8395 66f1f663  bgeu gp, a5, +1644
   8396 6491f263  bgeu gp, s1, +1604
   8397 6481f863  bgeu gp, s0, +1616
   8398 6471f463  bgeu gp, t2, +1608
   8399 0061fc63  bgeu gp, t1, +24
c4_21_s1_1586:
   8400 0a800213  addi tp, x0, 168
   8401 00452223  sw tp, 4(a0)
   8402 00000073  ecall
   8403 02053823  sd x0, 48(a0)
   8404 02053c23  sd x0, 56(a0)
c4_21_s2_1587:
   8405 0a900213  addi tp, x0, 169
   8406 00452223  sw tp, 4(a0)
   8407 00000073  ecall
   8408 02053823  sd x0, 48(a0)
   8409 02053c23  sd x0, 56(a0)
c4_21_s3_1588:
   8410 0aa00213  addi tp, x0, 170
   8411 00452223  sw tp, 4(a0)
   8412 00000073  ecall
   8413 02053823  sd x0, 48(a0)
   8414 02053c23  sd x0, 56(a0)
c4_21_s4_1589:
   8415 0ab00213  addi tp, x0, 171
   8416 00452223  sw tp, 4(a0)
   8417 00000073  ecall
   8418 02053823  sd x0, 48(a0)
   8419 02053c23  sd x0, 56(a0)
c4_21_s5_1590:
   8420 0ac00213  addi tp, x0, 172
   8421 00452223  sw tp, 4(a0)
   8422 00000073  ecall
   8423 02053823  sd x0, 48(a0)
   8424 02053c23  sd x0, 56(a0)
c4_21_s6_1591:
   8425 0ad00213  addi tp, x0, 173
   8426 00452223  sw tp, 4(a0)
   8427 00000073  ecall
   8428 02053823  sd x0, 48(a0)
   8429 02053c23  sd x0, 56(a0)
c4_21_s7_1592:
   8430 0ae00213  addi tp, x0, 174
   8431 00452223  sw tp, 4(a0)
   8432 4b000613  addi a2, x0, 1200
   8433 00000073  ecall
   8434 02050613  addi a2, a0, 32
        ; chain lay=4 i=22
c4_21_next_1593:
c4_22_1615:
   8435 03a89193  slli gp, a7, 58
   8436 6d0a3083  ld ra, 1744(s4)
   8437 6d8a3103  ld sp, 1752(s4)
   8438 0e103023  sd ra, 224(x0)
   8439 0e203423  sd sp, 232(x0)
   8440 5ef1f663  bgeu gp, a5, +1516
   8441 5c91f263  bgeu gp, s1, +1476
   8442 5c81f863  bgeu gp, s0, +1488
   8443 5c71f463  bgeu gp, t2, +1480
   8444 0061fc63  bgeu gp, t1, +24
c4_22_s1_1601:
   8445 0b000213  addi tp, x0, 176
   8446 00452223  sw tp, 4(a0)
   8447 00000073  ecall
   8448 02053823  sd x0, 48(a0)
   8449 02053c23  sd x0, 56(a0)
c4_22_s2_1602:
   8450 0b100213  addi tp, x0, 177
   8451 00452223  sw tp, 4(a0)
   8452 00000073  ecall
   8453 02053823  sd x0, 48(a0)
   8454 02053c23  sd x0, 56(a0)
c4_22_s3_1603:
   8455 0b200213  addi tp, x0, 178
   8456 00452223  sw tp, 4(a0)
   8457 00000073  ecall
   8458 02053823  sd x0, 48(a0)
   8459 02053c23  sd x0, 56(a0)
c4_22_s4_1604:
   8460 0b300213  addi tp, x0, 179
   8461 00452223  sw tp, 4(a0)
   8462 00000073  ecall
   8463 02053823  sd x0, 48(a0)
   8464 02053c23  sd x0, 56(a0)
c4_22_s5_1605:
   8465 0b400213  addi tp, x0, 180
   8466 00452223  sw tp, 4(a0)
   8467 00000073  ecall
   8468 02053823  sd x0, 48(a0)
   8469 02053c23  sd x0, 56(a0)
c4_22_s6_1606:
   8470 0b500213  addi tp, x0, 181
   8471 00452223  sw tp, 4(a0)
   8472 00000073  ecall
   8473 02053823  sd x0, 48(a0)
   8474 02053c23  sd x0, 56(a0)
c4_22_s7_1607:
   8475 0b600213  addi tp, x0, 182
   8476 00452223  sw tp, 4(a0)
   8477 4c000613  addi a2, x0, 1216
   8478 00000073  ecall
   8479 02050613  addi a2, a0, 32
        ; chain lay=4 i=23
c4_22_next_1608:
c4_23_1630:
   8480 03789193  slli gp, a7, 55
   8481 6e0a3083  ld ra, 1760(s4)
   8482 6e8a3103  ld sp, 1768(s4)
   8483 0e103023  sd ra, 224(x0)
   8484 0e203423  sd sp, 232(x0)
   8485 56f1f663  bgeu gp, a5, +1388
   8486 5491f263  bgeu gp, s1, +1348
   8487 5481f863  bgeu gp, s0, +1360
   8488 5471f463  bgeu gp, t2, +1352
   8489 0061fc63  bgeu gp, t1, +24
c4_23_s1_1616:
   8490 0b800213  addi tp, x0, 184
   8491 00452223  sw tp, 4(a0)
   8492 00000073  ecall
   8493 02053823  sd x0, 48(a0)
   8494 02053c23  sd x0, 56(a0)
c4_23_s2_1617:
   8495 0b900213  addi tp, x0, 185
   8496 00452223  sw tp, 4(a0)
   8497 00000073  ecall
   8498 02053823  sd x0, 48(a0)
   8499 02053c23  sd x0, 56(a0)
c4_23_s3_1618:
   8500 0ba00213  addi tp, x0, 186
   8501 00452223  sw tp, 4(a0)
   8502 00000073  ecall
   8503 02053823  sd x0, 48(a0)
   8504 02053c23  sd x0, 56(a0)
c4_23_s4_1619:
   8505 0bb00213  addi tp, x0, 187
   8506 00452223  sw tp, 4(a0)
   8507 00000073  ecall
   8508 02053823  sd x0, 48(a0)
   8509 02053c23  sd x0, 56(a0)
c4_23_s5_1620:
   8510 0bc00213  addi tp, x0, 188
   8511 00452223  sw tp, 4(a0)
   8512 00000073  ecall
   8513 02053823  sd x0, 48(a0)
   8514 02053c23  sd x0, 56(a0)
c4_23_s6_1621:
   8515 0bd00213  addi tp, x0, 189
   8516 00452223  sw tp, 4(a0)
   8517 00000073  ecall
   8518 02053823  sd x0, 48(a0)
   8519 02053c23  sd x0, 56(a0)
c4_23_s7_1622:
   8520 0be00213  addi tp, x0, 190
   8521 00452223  sw tp, 4(a0)
   8522 4d000613  addi a2, x0, 1232
   8523 00000073  ecall
   8524 02050613  addi a2, a0, 32
        ; chain lay=4 i=24
c4_23_next_1623:
c4_24_1645:
   8525 03489193  slli gp, a7, 52
   8526 6f0a3083  ld ra, 1776(s4)
   8527 6f8a3103  ld sp, 1784(s4)
   8528 0e103023  sd ra, 224(x0)
   8529 0e203423  sd sp, 232(x0)
   8530 4ef1f663  bgeu gp, a5, +1260
   8531 4c91f263  bgeu gp, s1, +1220
   8532 4c81f863  bgeu gp, s0, +1232
   8533 4c71f463  bgeu gp, t2, +1224
   8534 0061fc63  bgeu gp, t1, +24
c4_24_s1_1631:
   8535 0c000213  addi tp, x0, 192
   8536 00452223  sw tp, 4(a0)
   8537 00000073  ecall
   8538 02053823  sd x0, 48(a0)
   8539 02053c23  sd x0, 56(a0)
c4_24_s2_1632:
   8540 0c100213  addi tp, x0, 193
   8541 00452223  sw tp, 4(a0)
   8542 00000073  ecall
   8543 02053823  sd x0, 48(a0)
   8544 02053c23  sd x0, 56(a0)
c4_24_s3_1633:
   8545 0c200213  addi tp, x0, 194
   8546 00452223  sw tp, 4(a0)
   8547 00000073  ecall
   8548 02053823  sd x0, 48(a0)
   8549 02053c23  sd x0, 56(a0)
c4_24_s4_1634:
   8550 0c300213  addi tp, x0, 195
   8551 00452223  sw tp, 4(a0)
   8552 00000073  ecall
   8553 02053823  sd x0, 48(a0)
   8554 02053c23  sd x0, 56(a0)
c4_24_s5_1635:
   8555 0c400213  addi tp, x0, 196
   8556 00452223  sw tp, 4(a0)
   8557 00000073  ecall
   8558 02053823  sd x0, 48(a0)
   8559 02053c23  sd x0, 56(a0)
c4_24_s6_1636:
   8560 0c500213  addi tp, x0, 197
   8561 00452223  sw tp, 4(a0)
   8562 00000073  ecall
   8563 02053823  sd x0, 48(a0)
   8564 02053c23  sd x0, 56(a0)
c4_24_s7_1637:
   8565 0c600213  addi tp, x0, 198
   8566 00452223  sw tp, 4(a0)
   8567 4e000613  addi a2, x0, 1248
   8568 00000073  ecall
   8569 02050613  addi a2, a0, 32
        ; chain lay=4 i=25
c4_24_next_1638:
c4_25_1660:
   8570 03189193  slli gp, a7, 49
   8571 700a3083  ld ra, 1792(s4)
   8572 708a3103  ld sp, 1800(s4)
   8573 0e103023  sd ra, 224(x0)
   8574 0e203423  sd sp, 232(x0)
   8575 46f1f663  bgeu gp, a5, +1132
   8576 4491f263  bgeu gp, s1, +1092
   8577 4481f863  bgeu gp, s0, +1104
   8578 4471f463  bgeu gp, t2, +1096
   8579 0061fc63  bgeu gp, t1, +24
c4_25_s1_1646:
   8580 0c800213  addi tp, x0, 200
   8581 00452223  sw tp, 4(a0)
   8582 00000073  ecall
   8583 02053823  sd x0, 48(a0)
   8584 02053c23  sd x0, 56(a0)
c4_25_s2_1647:
   8585 0c900213  addi tp, x0, 201
   8586 00452223  sw tp, 4(a0)
   8587 00000073  ecall
   8588 02053823  sd x0, 48(a0)
   8589 02053c23  sd x0, 56(a0)
c4_25_s3_1648:
   8590 0ca00213  addi tp, x0, 202
   8591 00452223  sw tp, 4(a0)
   8592 00000073  ecall
   8593 02053823  sd x0, 48(a0)
   8594 02053c23  sd x0, 56(a0)
c4_25_s4_1649:
   8595 0cb00213  addi tp, x0, 203
   8596 00452223  sw tp, 4(a0)
   8597 00000073  ecall
   8598 02053823  sd x0, 48(a0)
   8599 02053c23  sd x0, 56(a0)
c4_25_s5_1650:
   8600 0cc00213  addi tp, x0, 204
   8601 00452223  sw tp, 4(a0)
   8602 00000073  ecall
   8603 02053823  sd x0, 48(a0)
   8604 02053c23  sd x0, 56(a0)
c4_25_s6_1651:
   8605 0cd00213  addi tp, x0, 205
   8606 00452223  sw tp, 4(a0)
   8607 00000073  ecall
   8608 02053823  sd x0, 48(a0)
   8609 02053c23  sd x0, 56(a0)
c4_25_s7_1652:
   8610 0ce00213  addi tp, x0, 206
   8611 00452223  sw tp, 4(a0)
   8612 4f000613  addi a2, x0, 1264
   8613 00000073  ecall
   8614 02050613  addi a2, a0, 32
        ; chain lay=4 i=26
c4_25_next_1653:
c4_26_1675:
   8615 02e89193  slli gp, a7, 46
   8616 710a3083  ld ra, 1808(s4)
   8617 718a3103  ld sp, 1816(s4)
   8618 0e103023  sd ra, 224(x0)
   8619 0e203423  sd sp, 232(x0)
   8620 3ef1f663  bgeu gp, a5, +1004
   8621 3c91f263  bgeu gp, s1, +964
   8622 3c81f863  bgeu gp, s0, +976
   8623 3c71f463  bgeu gp, t2, +968
   8624 0061fc63  bgeu gp, t1, +24
c4_26_s1_1661:
   8625 0d000213  addi tp, x0, 208
   8626 00452223  sw tp, 4(a0)
   8627 00000073  ecall
   8628 02053823  sd x0, 48(a0)
   8629 02053c23  sd x0, 56(a0)
c4_26_s2_1662:
   8630 0d100213  addi tp, x0, 209
   8631 00452223  sw tp, 4(a0)
   8632 00000073  ecall
   8633 02053823  sd x0, 48(a0)
   8634 02053c23  sd x0, 56(a0)
c4_26_s3_1663:
   8635 0d200213  addi tp, x0, 210
   8636 00452223  sw tp, 4(a0)
   8637 00000073  ecall
   8638 02053823  sd x0, 48(a0)
   8639 02053c23  sd x0, 56(a0)
c4_26_s4_1664:
   8640 0d300213  addi tp, x0, 211
   8641 00452223  sw tp, 4(a0)
   8642 00000073  ecall
   8643 02053823  sd x0, 48(a0)
   8644 02053c23  sd x0, 56(a0)
c4_26_s5_1665:
   8645 0d400213  addi tp, x0, 212
   8646 00452223  sw tp, 4(a0)
   8647 00000073  ecall
   8648 02053823  sd x0, 48(a0)
   8649 02053c23  sd x0, 56(a0)
c4_26_s6_1666:
   8650 0d500213  addi tp, x0, 213
   8651 00452223  sw tp, 4(a0)
   8652 00000073  ecall
   8653 02053823  sd x0, 48(a0)
   8654 02053c23  sd x0, 56(a0)
c4_26_s7_1667:
   8655 0d600213  addi tp, x0, 214
   8656 00452223  sw tp, 4(a0)
   8657 50000613  addi a2, x0, 1280
   8658 00000073  ecall
   8659 02050613  addi a2, a0, 32
        ; chain lay=4 i=27
c4_26_next_1668:
c4_27_1690:
   8660 02b89193  slli gp, a7, 43
   8661 720a3083  ld ra, 1824(s4)
   8662 728a3103  ld sp, 1832(s4)
   8663 0e103023  sd ra, 224(x0)
   8664 0e203423  sd sp, 232(x0)
   8665 36f1f663  bgeu gp, a5, +876
   8666 3491f263  bgeu gp, s1, +836
   8667 3481f863  bgeu gp, s0, +848
   8668 3471f463  bgeu gp, t2, +840
   8669 0061fc63  bgeu gp, t1, +24
c4_27_s1_1676:
   8670 0d800213  addi tp, x0, 216
   8671 00452223  sw tp, 4(a0)
   8672 00000073  ecall
   8673 02053823  sd x0, 48(a0)
   8674 02053c23  sd x0, 56(a0)
c4_27_s2_1677:
   8675 0d900213  addi tp, x0, 217
   8676 00452223  sw tp, 4(a0)
   8677 00000073  ecall
   8678 02053823  sd x0, 48(a0)
   8679 02053c23  sd x0, 56(a0)
c4_27_s3_1678:
   8680 0da00213  addi tp, x0, 218
   8681 00452223  sw tp, 4(a0)
   8682 00000073  ecall
   8683 02053823  sd x0, 48(a0)
   8684 02053c23  sd x0, 56(a0)
c4_27_s4_1679:
   8685 0db00213  addi tp, x0, 219
   8686 00452223  sw tp, 4(a0)
   8687 00000073  ecall
   8688 02053823  sd x0, 48(a0)
   8689 02053c23  sd x0, 56(a0)
c4_27_s5_1680:
   8690 0dc00213  addi tp, x0, 220
   8691 00452223  sw tp, 4(a0)
   8692 00000073  ecall
   8693 02053823  sd x0, 48(a0)
   8694 02053c23  sd x0, 56(a0)
c4_27_s6_1681:
   8695 0dd00213  addi tp, x0, 221
   8696 00452223  sw tp, 4(a0)
   8697 00000073  ecall
   8698 02053823  sd x0, 48(a0)
   8699 02053c23  sd x0, 56(a0)
c4_27_s7_1682:
   8700 0de00213  addi tp, x0, 222
   8701 00452223  sw tp, 4(a0)
   8702 51000613  addi a2, x0, 1296
   8703 00000073  ecall
   8704 02050613  addi a2, a0, 32
c4_27_next_1683:
   8705 2dc0006f  jal x0, +732
c4_14_g4_1490:
   8706 00e1fe63  bgeu gp, a4, +28
   8707 00d1fa63  bgeu gp, a3, +20
   8708 e94ff06f  jal x0, -2412
c4_14_p2_1491:
   8709 e68ff06f  jal x0, -2456
c4_14_p3_1492:
   8710 00000013  addi x0, x0, 0
   8711 e74ff06f  jal x0, -2444
c4_14_p5_1493:
   8712 e98ff06f  jal x0, -2408
c4_14_p6_1494:
   8713 00000013  addi x0, x0, 0
   8714 ea4ff06f  jal x0, -2396
c4_14_h7_1489:
   8715 44103023  sd ra, 1088(x0)
   8716 44203423  sd sp, 1096(x0)
   8717 00000013  addi x0, x0, 0
   8718 ea8ff06f  jal x0, -2392
c4_15_g4_1505:
   8719 00e1fe63  bgeu gp, a4, +28
   8720 00d1fa63  bgeu gp, a3, +20
   8721 f14ff06f  jal x0, -2284
c4_15_p2_1506:
   8722 ee8ff06f  jal x0, -2328
c4_15_p3_1507:
   8723 00000013  addi x0, x0, 0
   8724 ef4ff06f  jal x0, -2316
c4_15_p5_1508:
   8725 f18ff06f  jal x0, -2280
c4_15_p6_1509:
   8726 00000013  addi x0, x0, 0
   8727 f24ff06f  jal x0, -2268
c4_15_h7_1504:
   8728 44103823  sd ra, 1104(x0)
   8729 44203c23  sd sp, 1112(x0)
   8730 00000013  addi x0, x0, 0
   8731 f28ff06f  jal x0, -2264
c4_16_g4_1520:
   8732 00e1fe63  bgeu gp, a4, +28
   8733 00d1fa63  bgeu gp, a3, +20
   8734 f94ff06f  jal x0, -2156
c4_16_p2_1521:
   8735 f68ff06f  jal x0, -2200
c4_16_p3_1522:
   8736 00000013  addi x0, x0, 0
   8737 f74ff06f  jal x0, -2188
c4_16_p5_1523:
   8738 f98ff06f  jal x0, -2152
c4_16_p6_1524:
   8739 00000013  addi x0, x0, 0
   8740 fa4ff06f  jal x0, -2140
c4_16_h7_1519:
   8741 46103023  sd ra, 1120(x0)
   8742 46203423  sd sp, 1128(x0)
   8743 00000013  addi x0, x0, 0
   8744 fa8ff06f  jal x0, -2136
c4_17_g4_1535:
   8745 00e1fe63  bgeu gp, a4, +28
   8746 00d1fa63  bgeu gp, a3, +20
   8747 815ff06f  jal x0, -2028
c4_17_p2_1536:
   8748 fe8ff06f  jal x0, -2072
c4_17_p3_1537:
   8749 00000013  addi x0, x0, 0
   8750 ff4ff06f  jal x0, -2060
c4_17_p5_1538:
   8751 819ff06f  jal x0, -2024
c4_17_p6_1539:
   8752 00000013  addi x0, x0, 0
   8753 825ff06f  jal x0, -2012
c4_17_h7_1534:
   8754 46103823  sd ra, 1136(x0)
   8755 46203c23  sd sp, 1144(x0)
   8756 00000013  addi x0, x0, 0
   8757 829ff06f  jal x0, -2008
c4_18_g4_1550:
   8758 00e1fe63  bgeu gp, a4, +28
   8759 00d1fa63  bgeu gp, a3, +20
   8760 895ff06f  jal x0, -1900
c4_18_p2_1551:
   8761 869ff06f  jal x0, -1944
c4_18_p3_1552:
   8762 00000013  addi x0, x0, 0
   8763 875ff06f  jal x0, -1932
c4_18_p5_1553:
   8764 899ff06f  jal x0, -1896
c4_18_p6_1554:
   8765 00000013  addi x0, x0, 0
   8766 8a5ff06f  jal x0, -1884
c4_18_h7_1549:
   8767 48103023  sd ra, 1152(x0)
   8768 48203423  sd sp, 1160(x0)
   8769 00000013  addi x0, x0, 0
   8770 8a9ff06f  jal x0, -1880
c4_19_g4_1565:
   8771 00e1fe63  bgeu gp, a4, +28
   8772 00d1fa63  bgeu gp, a3, +20
   8773 915ff06f  jal x0, -1772
c4_19_p2_1566:
   8774 8e9ff06f  jal x0, -1816
c4_19_p3_1567:
   8775 00000013  addi x0, x0, 0
   8776 8f5ff06f  jal x0, -1804
c4_19_p5_1568:
   8777 919ff06f  jal x0, -1768
c4_19_p6_1569:
   8778 00000013  addi x0, x0, 0
   8779 925ff06f  jal x0, -1756
c4_19_h7_1564:
   8780 48103823  sd ra, 1168(x0)
   8781 48203c23  sd sp, 1176(x0)
   8782 00000013  addi x0, x0, 0
   8783 929ff06f  jal x0, -1752
c4_20_g4_1580:
   8784 00e1fe63  bgeu gp, a4, +28
   8785 00d1fa63  bgeu gp, a3, +20
   8786 995ff06f  jal x0, -1644
c4_20_p2_1581:
   8787 969ff06f  jal x0, -1688
c4_20_p3_1582:
   8788 00000013  addi x0, x0, 0
   8789 975ff06f  jal x0, -1676
c4_20_p5_1583:
   8790 999ff06f  jal x0, -1640
c4_20_p6_1584:
   8791 00000013  addi x0, x0, 0
   8792 9a5ff06f  jal x0, -1628
c4_20_h7_1579:
   8793 4a103023  sd ra, 1184(x0)
   8794 4a203423  sd sp, 1192(x0)
   8795 00000013  addi x0, x0, 0
   8796 9a9ff06f  jal x0, -1624
c4_21_g4_1595:
   8797 00e1fe63  bgeu gp, a4, +28
   8798 00d1fa63  bgeu gp, a3, +20
   8799 a15ff06f  jal x0, -1516
c4_21_p2_1596:
   8800 9e9ff06f  jal x0, -1560
c4_21_p3_1597:
   8801 00000013  addi x0, x0, 0
   8802 9f5ff06f  jal x0, -1548
c4_21_p5_1598:
   8803 a19ff06f  jal x0, -1512
c4_21_p6_1599:
   8804 00000013  addi x0, x0, 0
   8805 a25ff06f  jal x0, -1500
c4_21_h7_1594:
   8806 4a103823  sd ra, 1200(x0)
   8807 4a203c23  sd sp, 1208(x0)
   8808 00000013  addi x0, x0, 0
   8809 a29ff06f  jal x0, -1496
c4_22_g4_1610:
   8810 00e1fe63  bgeu gp, a4, +28
   8811 00d1fa63  bgeu gp, a3, +20
   8812 a95ff06f  jal x0, -1388
c4_22_p2_1611:
   8813 a69ff06f  jal x0, -1432
c4_22_p3_1612:
   8814 00000013  addi x0, x0, 0
   8815 a75ff06f  jal x0, -1420
c4_22_p5_1613:
   8816 a99ff06f  jal x0, -1384
c4_22_p6_1614:
   8817 00000013  addi x0, x0, 0
   8818 aa5ff06f  jal x0, -1372
c4_22_h7_1609:
   8819 4c103023  sd ra, 1216(x0)
   8820 4c203423  sd sp, 1224(x0)
   8821 00000013  addi x0, x0, 0
   8822 aa9ff06f  jal x0, -1368
c4_23_g4_1625:
   8823 00e1fe63  bgeu gp, a4, +28
   8824 00d1fa63  bgeu gp, a3, +20
   8825 b15ff06f  jal x0, -1260
c4_23_p2_1626:
   8826 ae9ff06f  jal x0, -1304
c4_23_p3_1627:
   8827 00000013  addi x0, x0, 0
   8828 af5ff06f  jal x0, -1292
c4_23_p5_1628:
   8829 b19ff06f  jal x0, -1256
c4_23_p6_1629:
   8830 00000013  addi x0, x0, 0
   8831 b25ff06f  jal x0, -1244
c4_23_h7_1624:
   8832 4c103823  sd ra, 1232(x0)
   8833 4c203c23  sd sp, 1240(x0)
   8834 00000013  addi x0, x0, 0
   8835 b29ff06f  jal x0, -1240
c4_24_g4_1640:
   8836 00e1fe63  bgeu gp, a4, +28
   8837 00d1fa63  bgeu gp, a3, +20
   8838 b95ff06f  jal x0, -1132
c4_24_p2_1641:
   8839 b69ff06f  jal x0, -1176
c4_24_p3_1642:
   8840 00000013  addi x0, x0, 0
   8841 b75ff06f  jal x0, -1164
c4_24_p5_1643:
   8842 b99ff06f  jal x0, -1128
c4_24_p6_1644:
   8843 00000013  addi x0, x0, 0
   8844 ba5ff06f  jal x0, -1116
c4_24_h7_1639:
   8845 4e103023  sd ra, 1248(x0)
   8846 4e203423  sd sp, 1256(x0)
   8847 00000013  addi x0, x0, 0
   8848 ba9ff06f  jal x0, -1112
c4_25_g4_1655:
   8849 00e1fe63  bgeu gp, a4, +28
   8850 00d1fa63  bgeu gp, a3, +20
   8851 c15ff06f  jal x0, -1004
c4_25_p2_1656:
   8852 be9ff06f  jal x0, -1048
c4_25_p3_1657:
   8853 00000013  addi x0, x0, 0
   8854 bf5ff06f  jal x0, -1036
c4_25_p5_1658:
   8855 c19ff06f  jal x0, -1000
c4_25_p6_1659:
   8856 00000013  addi x0, x0, 0
   8857 c25ff06f  jal x0, -988
c4_25_h7_1654:
   8858 4e103823  sd ra, 1264(x0)
   8859 4e203c23  sd sp, 1272(x0)
   8860 00000013  addi x0, x0, 0
   8861 c29ff06f  jal x0, -984
c4_26_g4_1670:
   8862 00e1fe63  bgeu gp, a4, +28
   8863 00d1fa63  bgeu gp, a3, +20
   8864 c95ff06f  jal x0, -876
c4_26_p2_1671:
   8865 c69ff06f  jal x0, -920
c4_26_p3_1672:
   8866 00000013  addi x0, x0, 0
   8867 c75ff06f  jal x0, -908
c4_26_p5_1673:
   8868 c99ff06f  jal x0, -872
c4_26_p6_1674:
   8869 00000013  addi x0, x0, 0
   8870 ca5ff06f  jal x0, -860
c4_26_h7_1669:
   8871 50103023  sd ra, 1280(x0)
   8872 50203423  sd sp, 1288(x0)
   8873 00000013  addi x0, x0, 0
   8874 ca9ff06f  jal x0, -856
c4_27_g4_1685:
   8875 00e1fe63  bgeu gp, a4, +28
   8876 00d1fa63  bgeu gp, a3, +20
   8877 d15ff06f  jal x0, -748
c4_27_p2_1686:
   8878 ce9ff06f  jal x0, -792
c4_27_p3_1687:
   8879 00000013  addi x0, x0, 0
   8880 cf5ff06f  jal x0, -780
c4_27_p5_1688:
   8881 d19ff06f  jal x0, -744
c4_27_p6_1689:
   8882 00000013  addi x0, x0, 0
   8883 d25ff06f  jal x0, -732
c4_27_h7_1684:
   8884 50103823  sd ra, 1296(x0)
   8885 50203c23  sd sp, 1304(x0)
   8886 00000013  addi x0, x0, 0
   8887 d29ff06f  jal x0, -728
        ; chain lay=4 i=28
l4_after1_1691:
c4_28_1706:
   8888 02889193  slli gp, a7, 40
   8889 730a3083  ld ra, 1840(s4)
   8890 738a3103  ld sp, 1848(s4)
   8891 0e103023  sd ra, 224(x0)
   8892 0e203423  sd sp, 232(x0)
   8893 1ef1f6e3  bgeu gp, a5, +2540
   8894 1c91f2e3  bgeu gp, s1, +2500
   8895 1c81f8e3  bgeu gp, s0, +2512
   8896 1c71f4e3  bgeu gp, t2, +2504
   8897 0061fc63  bgeu gp, t1, +24
c4_28_s1_1692:
   8898 0e000213  addi tp, x0, 224
   8899 00452223  sw tp, 4(a0)
   8900 00000073  ecall
   8901 02053823  sd x0, 48(a0)
   8902 02053c23  sd x0, 56(a0)
c4_28_s2_1693:
   8903 0e100213  addi tp, x0, 225
   8904 00452223  sw tp, 4(a0)
   8905 00000073  ecall
   8906 02053823  sd x0, 48(a0)
   8907 02053c23  sd x0, 56(a0)
c4_28_s3_1694:
   8908 0e200213  addi tp, x0, 226
   8909 00452223  sw tp, 4(a0)
   8910 00000073  ecall
   8911 02053823  sd x0, 48(a0)
   8912 02053c23  sd x0, 56(a0)
c4_28_s4_1695:
   8913 0e300213  addi tp, x0, 227
   8914 00452223  sw tp, 4(a0)
   8915 00000073  ecall
   8916 02053823  sd x0, 48(a0)
   8917 02053c23  sd x0, 56(a0)
c4_28_s5_1696:
   8918 0e400213  addi tp, x0, 228
   8919 00452223  sw tp, 4(a0)
   8920 00000073  ecall
   8921 02053823  sd x0, 48(a0)
   8922 02053c23  sd x0, 56(a0)
c4_28_s6_1697:
   8923 0e500213  addi tp, x0, 229
   8924 00452223  sw tp, 4(a0)
   8925 00000073  ecall
   8926 02053823  sd x0, 48(a0)
   8927 02053c23  sd x0, 56(a0)
c4_28_s7_1698:
   8928 0e600213  addi tp, x0, 230
   8929 00452223  sw tp, 4(a0)
   8930 52000613  addi a2, x0, 1312
   8931 00000073  ecall
   8932 02050613  addi a2, a0, 32
        ; chain lay=4 i=29
c4_28_next_1699:
c4_29_1721:
   8933 02589193  slli gp, a7, 37
   8934 740a3083  ld ra, 1856(s4)
   8935 748a3103  ld sp, 1864(s4)
   8936 0e103023  sd ra, 224(x0)
   8937 0e203423  sd sp, 232(x0)
   8938 16f1f6e3  bgeu gp, a5, +2412
   8939 1491f2e3  bgeu gp, s1, +2372
   8940 1481f8e3  bgeu gp, s0, +2384
   8941 1471f4e3  bgeu gp, t2, +2376
   8942 0061fc63  bgeu gp, t1, +24
c4_29_s1_1707:
   8943 0e800213  addi tp, x0, 232
   8944 00452223  sw tp, 4(a0)
   8945 00000073  ecall
   8946 02053823  sd x0, 48(a0)
   8947 02053c23  sd x0, 56(a0)
c4_29_s2_1708:
   8948 0e900213  addi tp, x0, 233
   8949 00452223  sw tp, 4(a0)
   8950 00000073  ecall
   8951 02053823  sd x0, 48(a0)
   8952 02053c23  sd x0, 56(a0)
c4_29_s3_1709:
   8953 0ea00213  addi tp, x0, 234
   8954 00452223  sw tp, 4(a0)
   8955 00000073  ecall
   8956 02053823  sd x0, 48(a0)
   8957 02053c23  sd x0, 56(a0)
c4_29_s4_1710:
   8958 0eb00213  addi tp, x0, 235
   8959 00452223  sw tp, 4(a0)
   8960 00000073  ecall
   8961 02053823  sd x0, 48(a0)
   8962 02053c23  sd x0, 56(a0)
c4_29_s5_1711:
   8963 0ec00213  addi tp, x0, 236
   8964 00452223  sw tp, 4(a0)
   8965 00000073  ecall
   8966 02053823  sd x0, 48(a0)
   8967 02053c23  sd x0, 56(a0)
c4_29_s6_1712:
   8968 0ed00213  addi tp, x0, 237
   8969 00452223  sw tp, 4(a0)
   8970 00000073  ecall
   8971 02053823  sd x0, 48(a0)
   8972 02053c23  sd x0, 56(a0)
c4_29_s7_1713:
   8973 0ee00213  addi tp, x0, 238
   8974 00452223  sw tp, 4(a0)
   8975 53000613  addi a2, x0, 1328
   8976 00000073  ecall
   8977 02050613  addi a2, a0, 32
        ; chain lay=4 i=30
c4_29_next_1714:
c4_30_1736:
   8978 02289193  slli gp, a7, 34
   8979 750a3083  ld ra, 1872(s4)
   8980 758a3103  ld sp, 1880(s4)
   8981 0e103023  sd ra, 224(x0)
   8982 0e203423  sd sp, 232(x0)
   8983 0ef1f6e3  bgeu gp, a5, +2284
   8984 0c91f2e3  bgeu gp, s1, +2244
   8985 0c81f8e3  bgeu gp, s0, +2256
   8986 0c71f4e3  bgeu gp, t2, +2248
   8987 0061fc63  bgeu gp, t1, +24
c4_30_s1_1722:
   8988 0f000213  addi tp, x0, 240
   8989 00452223  sw tp, 4(a0)
   8990 00000073  ecall
   8991 02053823  sd x0, 48(a0)
   8992 02053c23  sd x0, 56(a0)
c4_30_s2_1723:
   8993 0f100213  addi tp, x0, 241
   8994 00452223  sw tp, 4(a0)
   8995 00000073  ecall
   8996 02053823  sd x0, 48(a0)
   8997 02053c23  sd x0, 56(a0)
c4_30_s3_1724:
   8998 0f200213  addi tp, x0, 242
   8999 00452223  sw tp, 4(a0)
   9000 00000073  ecall
   9001 02053823  sd x0, 48(a0)
   9002 02053c23  sd x0, 56(a0)
c4_30_s4_1725:
   9003 0f300213  addi tp, x0, 243
   9004 00452223  sw tp, 4(a0)
   9005 00000073  ecall
   9006 02053823  sd x0, 48(a0)
   9007 02053c23  sd x0, 56(a0)
c4_30_s5_1726:
   9008 0f400213  addi tp, x0, 244
   9009 00452223  sw tp, 4(a0)
   9010 00000073  ecall
   9011 02053823  sd x0, 48(a0)
   9012 02053c23  sd x0, 56(a0)
c4_30_s6_1727:
   9013 0f500213  addi tp, x0, 245
   9014 00452223  sw tp, 4(a0)
   9015 00000073  ecall
   9016 02053823  sd x0, 48(a0)
   9017 02053c23  sd x0, 56(a0)
c4_30_s7_1728:
   9018 0f600213  addi tp, x0, 246
   9019 00452223  sw tp, 4(a0)
   9020 54000613  addi a2, x0, 1344
   9021 00000073  ecall
   9022 02050613  addi a2, a0, 32
        ; chain lay=4 i=31
c4_30_next_1729:
c4_31_1751:
   9023 01f89193  slli gp, a7, 31
   9024 760a3083  ld ra, 1888(s4)
   9025 768a3103  ld sp, 1896(s4)
   9026 0e103023  sd ra, 224(x0)
   9027 0e203423  sd sp, 232(x0)
   9028 06f1f6e3  bgeu gp, a5, +2156
   9029 0491f2e3  bgeu gp, s1, +2116
   9030 0481f8e3  bgeu gp, s0, +2128
   9031 0471f4e3  bgeu gp, t2, +2120
   9032 0061fc63  bgeu gp, t1, +24
c4_31_s1_1737:
   9033 0f800213  addi tp, x0, 248
   9034 00452223  sw tp, 4(a0)
   9035 00000073  ecall
   9036 02053823  sd x0, 48(a0)
   9037 02053c23  sd x0, 56(a0)
c4_31_s2_1738:
   9038 0f900213  addi tp, x0, 249
   9039 00452223  sw tp, 4(a0)
   9040 00000073  ecall
   9041 02053823  sd x0, 48(a0)
   9042 02053c23  sd x0, 56(a0)
c4_31_s3_1739:
   9043 0fa00213  addi tp, x0, 250
   9044 00452223  sw tp, 4(a0)
   9045 00000073  ecall
   9046 02053823  sd x0, 48(a0)
   9047 02053c23  sd x0, 56(a0)
c4_31_s4_1740:
   9048 0fb00213  addi tp, x0, 251
   9049 00452223  sw tp, 4(a0)
   9050 00000073  ecall
   9051 02053823  sd x0, 48(a0)
   9052 02053c23  sd x0, 56(a0)
c4_31_s5_1741:
   9053 0fc00213  addi tp, x0, 252
   9054 00452223  sw tp, 4(a0)
   9055 00000073  ecall
   9056 02053823  sd x0, 48(a0)
   9057 02053c23  sd x0, 56(a0)
c4_31_s6_1742:
   9058 0fd00213  addi tp, x0, 253
   9059 00452223  sw tp, 4(a0)
   9060 00000073  ecall
   9061 02053823  sd x0, 48(a0)
   9062 02053c23  sd x0, 56(a0)
c4_31_s7_1743:
   9063 0fe00213  addi tp, x0, 254
   9064 00452223  sw tp, 4(a0)
   9065 55000613  addi a2, x0, 1360
   9066 00000073  ecall
   9067 02050613  addi a2, a0, 32
        ; chain lay=4 i=32
c4_31_next_1744:
c4_32_1766:
   9068 01c89193  slli gp, a7, 28
   9069 770a3083  ld ra, 1904(s4)
   9070 778a3103  ld sp, 1912(s4)
   9071 0e103023  sd ra, 224(x0)
   9072 0e203423  sd sp, 232(x0)
   9073 7ef1f663  bgeu gp, a5, +2028
   9074 7c91f263  bgeu gp, s1, +1988
   9075 7c81f863  bgeu gp, s0, +2000
   9076 7c71f463  bgeu gp, t2, +1992
   9077 0061fc63  bgeu gp, t1, +24
c4_32_s1_1752:
   9078 10000213  addi tp, x0, 256
   9079 00452223  sw tp, 4(a0)
   9080 00000073  ecall
   9081 02053823  sd x0, 48(a0)
   9082 02053c23  sd x0, 56(a0)
c4_32_s2_1753:
   9083 10100213  addi tp, x0, 257
   9084 00452223  sw tp, 4(a0)
   9085 00000073  ecall
   9086 02053823  sd x0, 48(a0)
   9087 02053c23  sd x0, 56(a0)
c4_32_s3_1754:
   9088 10200213  addi tp, x0, 258
   9089 00452223  sw tp, 4(a0)
   9090 00000073  ecall
   9091 02053823  sd x0, 48(a0)
   9092 02053c23  sd x0, 56(a0)
c4_32_s4_1755:
   9093 10300213  addi tp, x0, 259
   9094 00452223  sw tp, 4(a0)
   9095 00000073  ecall
   9096 02053823  sd x0, 48(a0)
   9097 02053c23  sd x0, 56(a0)
c4_32_s5_1756:
   9098 10400213  addi tp, x0, 260
   9099 00452223  sw tp, 4(a0)
   9100 00000073  ecall
   9101 02053823  sd x0, 48(a0)
   9102 02053c23  sd x0, 56(a0)
c4_32_s6_1757:
   9103 10500213  addi tp, x0, 261
   9104 00452223  sw tp, 4(a0)
   9105 00000073  ecall
   9106 02053823  sd x0, 48(a0)
   9107 02053c23  sd x0, 56(a0)
c4_32_s7_1758:
   9108 10600213  addi tp, x0, 262
   9109 00452223  sw tp, 4(a0)
   9110 56000613  addi a2, x0, 1376
   9111 00000073  ecall
   9112 02050613  addi a2, a0, 32
        ; chain lay=4 i=33
c4_32_next_1759:
c4_33_1781:
   9113 01989193  slli gp, a7, 25
   9114 780a3083  ld ra, 1920(s4)
   9115 788a3103  ld sp, 1928(s4)
   9116 0e103023  sd ra, 224(x0)
   9117 0e203423  sd sp, 232(x0)
   9118 76f1f663  bgeu gp, a5, +1900
   9119 7491f263  bgeu gp, s1, +1860
   9120 7481f863  bgeu gp, s0, +1872
   9121 7471f463  bgeu gp, t2, +1864
   9122 0061fc63  bgeu gp, t1, +24
c4_33_s1_1767:
   9123 10800213  addi tp, x0, 264
   9124 00452223  sw tp, 4(a0)
   9125 00000073  ecall
   9126 02053823  sd x0, 48(a0)
   9127 02053c23  sd x0, 56(a0)
c4_33_s2_1768:
   9128 10900213  addi tp, x0, 265
   9129 00452223  sw tp, 4(a0)
   9130 00000073  ecall
   9131 02053823  sd x0, 48(a0)
   9132 02053c23  sd x0, 56(a0)
c4_33_s3_1769:
   9133 10a00213  addi tp, x0, 266
   9134 00452223  sw tp, 4(a0)
   9135 00000073  ecall
   9136 02053823  sd x0, 48(a0)
   9137 02053c23  sd x0, 56(a0)
c4_33_s4_1770:
   9138 10b00213  addi tp, x0, 267
   9139 00452223  sw tp, 4(a0)
   9140 00000073  ecall
   9141 02053823  sd x0, 48(a0)
   9142 02053c23  sd x0, 56(a0)
c4_33_s5_1771:
   9143 10c00213  addi tp, x0, 268
   9144 00452223  sw tp, 4(a0)
   9145 00000073  ecall
   9146 02053823  sd x0, 48(a0)
   9147 02053c23  sd x0, 56(a0)
c4_33_s6_1772:
   9148 10d00213  addi tp, x0, 269
   9149 00452223  sw tp, 4(a0)
   9150 00000073  ecall
   9151 02053823  sd x0, 48(a0)
   9152 02053c23  sd x0, 56(a0)
c4_33_s7_1773:
   9153 10e00213  addi tp, x0, 270
   9154 00452223  sw tp, 4(a0)
   9155 57000613  addi a2, x0, 1392
   9156 00000073  ecall
   9157 02050613  addi a2, a0, 32
        ; chain lay=4 i=34
c4_33_next_1774:
c4_34_1796:
   9158 01689193  slli gp, a7, 22
   9159 790a3083  ld ra, 1936(s4)
   9160 798a3103  ld sp, 1944(s4)
   9161 0e103023  sd ra, 224(x0)
   9162 0e203423  sd sp, 232(x0)
   9163 6ef1f663  bgeu gp, a5, +1772
   9164 6c91f263  bgeu gp, s1, +1732
   9165 6c81f863  bgeu gp, s0, +1744
   9166 6c71f463  bgeu gp, t2, +1736
   9167 0061fc63  bgeu gp, t1, +24
c4_34_s1_1782:
   9168 11000213  addi tp, x0, 272
   9169 00452223  sw tp, 4(a0)
   9170 00000073  ecall
   9171 02053823  sd x0, 48(a0)
   9172 02053c23  sd x0, 56(a0)
c4_34_s2_1783:
   9173 11100213  addi tp, x0, 273
   9174 00452223  sw tp, 4(a0)
   9175 00000073  ecall
   9176 02053823  sd x0, 48(a0)
   9177 02053c23  sd x0, 56(a0)
c4_34_s3_1784:
   9178 11200213  addi tp, x0, 274
   9179 00452223  sw tp, 4(a0)
   9180 00000073  ecall
   9181 02053823  sd x0, 48(a0)
   9182 02053c23  sd x0, 56(a0)
c4_34_s4_1785:
   9183 11300213  addi tp, x0, 275
   9184 00452223  sw tp, 4(a0)
   9185 00000073  ecall
   9186 02053823  sd x0, 48(a0)
   9187 02053c23  sd x0, 56(a0)
c4_34_s5_1786:
   9188 11400213  addi tp, x0, 276
   9189 00452223  sw tp, 4(a0)
   9190 00000073  ecall
   9191 02053823  sd x0, 48(a0)
   9192 02053c23  sd x0, 56(a0)
c4_34_s6_1787:
   9193 11500213  addi tp, x0, 277
   9194 00452223  sw tp, 4(a0)
   9195 00000073  ecall
   9196 02053823  sd x0, 48(a0)
   9197 02053c23  sd x0, 56(a0)
c4_34_s7_1788:
   9198 11600213  addi tp, x0, 278
   9199 00452223  sw tp, 4(a0)
   9200 58000613  addi a2, x0, 1408
   9201 00000073  ecall
   9202 02050613  addi a2, a0, 32
        ; chain lay=4 i=35
c4_34_next_1789:
c4_35_1811:
   9203 01389193  slli gp, a7, 19
   9204 7a0a3083  ld ra, 1952(s4)
   9205 7a8a3103  ld sp, 1960(s4)
   9206 0e103023  sd ra, 224(x0)
   9207 0e203423  sd sp, 232(x0)
   9208 66f1f663  bgeu gp, a5, +1644
   9209 6491f263  bgeu gp, s1, +1604
   9210 6481f863  bgeu gp, s0, +1616
   9211 6471f463  bgeu gp, t2, +1608
   9212 0061fc63  bgeu gp, t1, +24
c4_35_s1_1797:
   9213 11800213  addi tp, x0, 280
   9214 00452223  sw tp, 4(a0)
   9215 00000073  ecall
   9216 02053823  sd x0, 48(a0)
   9217 02053c23  sd x0, 56(a0)
c4_35_s2_1798:
   9218 11900213  addi tp, x0, 281
   9219 00452223  sw tp, 4(a0)
   9220 00000073  ecall
   9221 02053823  sd x0, 48(a0)
   9222 02053c23  sd x0, 56(a0)
c4_35_s3_1799:
   9223 11a00213  addi tp, x0, 282
   9224 00452223  sw tp, 4(a0)
   9225 00000073  ecall
   9226 02053823  sd x0, 48(a0)
   9227 02053c23  sd x0, 56(a0)
c4_35_s4_1800:
   9228 11b00213  addi tp, x0, 283
   9229 00452223  sw tp, 4(a0)
   9230 00000073  ecall
   9231 02053823  sd x0, 48(a0)
   9232 02053c23  sd x0, 56(a0)
c4_35_s5_1801:
   9233 11c00213  addi tp, x0, 284
   9234 00452223  sw tp, 4(a0)
   9235 00000073  ecall
   9236 02053823  sd x0, 48(a0)
   9237 02053c23  sd x0, 56(a0)
c4_35_s6_1802:
   9238 11d00213  addi tp, x0, 285
   9239 00452223  sw tp, 4(a0)
   9240 00000073  ecall
   9241 02053823  sd x0, 48(a0)
   9242 02053c23  sd x0, 56(a0)
c4_35_s7_1803:
   9243 11e00213  addi tp, x0, 286
   9244 00452223  sw tp, 4(a0)
   9245 59000613  addi a2, x0, 1424
   9246 00000073  ecall
   9247 02050613  addi a2, a0, 32
        ; chain lay=4 i=36
c4_35_next_1804:
c4_36_1826:
   9248 01089193  slli gp, a7, 16
   9249 7b0a3083  ld ra, 1968(s4)
   9250 7b8a3103  ld sp, 1976(s4)
   9251 0e103023  sd ra, 224(x0)
   9252 0e203423  sd sp, 232(x0)
   9253 5ef1f663  bgeu gp, a5, +1516
   9254 5c91f263  bgeu gp, s1, +1476
   9255 5c81f863  bgeu gp, s0, +1488
   9256 5c71f463  bgeu gp, t2, +1480
   9257 0061fc63  bgeu gp, t1, +24
c4_36_s1_1812:
   9258 12000213  addi tp, x0, 288
   9259 00452223  sw tp, 4(a0)
   9260 00000073  ecall
   9261 02053823  sd x0, 48(a0)
   9262 02053c23  sd x0, 56(a0)
c4_36_s2_1813:
   9263 12100213  addi tp, x0, 289
   9264 00452223  sw tp, 4(a0)
   9265 00000073  ecall
   9266 02053823  sd x0, 48(a0)
   9267 02053c23  sd x0, 56(a0)
c4_36_s3_1814:
   9268 12200213  addi tp, x0, 290
   9269 00452223  sw tp, 4(a0)
   9270 00000073  ecall
   9271 02053823  sd x0, 48(a0)
   9272 02053c23  sd x0, 56(a0)
c4_36_s4_1815:
   9273 12300213  addi tp, x0, 291
   9274 00452223  sw tp, 4(a0)
   9275 00000073  ecall
   9276 02053823  sd x0, 48(a0)
   9277 02053c23  sd x0, 56(a0)
c4_36_s5_1816:
   9278 12400213  addi tp, x0, 292
   9279 00452223  sw tp, 4(a0)
   9280 00000073  ecall
   9281 02053823  sd x0, 48(a0)
   9282 02053c23  sd x0, 56(a0)
c4_36_s6_1817:
   9283 12500213  addi tp, x0, 293
   9284 00452223  sw tp, 4(a0)
   9285 00000073  ecall
   9286 02053823  sd x0, 48(a0)
   9287 02053c23  sd x0, 56(a0)
c4_36_s7_1818:
   9288 12600213  addi tp, x0, 294
   9289 00452223  sw tp, 4(a0)
   9290 5a000613  addi a2, x0, 1440
   9291 00000073  ecall
   9292 02050613  addi a2, a0, 32
        ; chain lay=4 i=37
c4_36_next_1819:
c4_37_1841:
   9293 00d89193  slli gp, a7, 13
   9294 7c0a3083  ld ra, 1984(s4)
   9295 7c8a3103  ld sp, 1992(s4)
   9296 0e103023  sd ra, 224(x0)
   9297 0e203423  sd sp, 232(x0)
   9298 56f1f663  bgeu gp, a5, +1388
   9299 5491f263  bgeu gp, s1, +1348
   9300 5481f863  bgeu gp, s0, +1360
   9301 5471f463  bgeu gp, t2, +1352
   9302 0061fc63  bgeu gp, t1, +24
c4_37_s1_1827:
   9303 12800213  addi tp, x0, 296
   9304 00452223  sw tp, 4(a0)
   9305 00000073  ecall
   9306 02053823  sd x0, 48(a0)
   9307 02053c23  sd x0, 56(a0)
c4_37_s2_1828:
   9308 12900213  addi tp, x0, 297
   9309 00452223  sw tp, 4(a0)
   9310 00000073  ecall
   9311 02053823  sd x0, 48(a0)
   9312 02053c23  sd x0, 56(a0)
c4_37_s3_1829:
   9313 12a00213  addi tp, x0, 298
   9314 00452223  sw tp, 4(a0)
   9315 00000073  ecall
   9316 02053823  sd x0, 48(a0)
   9317 02053c23  sd x0, 56(a0)
c4_37_s4_1830:
   9318 12b00213  addi tp, x0, 299
   9319 00452223  sw tp, 4(a0)
   9320 00000073  ecall
   9321 02053823  sd x0, 48(a0)
   9322 02053c23  sd x0, 56(a0)
c4_37_s5_1831:
   9323 12c00213  addi tp, x0, 300
   9324 00452223  sw tp, 4(a0)
   9325 00000073  ecall
   9326 02053823  sd x0, 48(a0)
   9327 02053c23  sd x0, 56(a0)
c4_37_s6_1832:
   9328 12d00213  addi tp, x0, 301
   9329 00452223  sw tp, 4(a0)
   9330 00000073  ecall
   9331 02053823  sd x0, 48(a0)
   9332 02053c23  sd x0, 56(a0)
c4_37_s7_1833:
   9333 12e00213  addi tp, x0, 302
   9334 00452223  sw tp, 4(a0)
   9335 5b000613  addi a2, x0, 1456
   9336 00000073  ecall
   9337 02050613  addi a2, a0, 32
        ; chain lay=4 i=38
c4_37_next_1834:
c4_38_1856:
   9338 00a89193  slli gp, a7, 10
   9339 7d0a3083  ld ra, 2000(s4)
   9340 7d8a3103  ld sp, 2008(s4)
   9341 0e103023  sd ra, 224(x0)
   9342 0e203423  sd sp, 232(x0)
   9343 4ef1f663  bgeu gp, a5, +1260
   9344 4c91f263  bgeu gp, s1, +1220
   9345 4c81f863  bgeu gp, s0, +1232
   9346 4c71f463  bgeu gp, t2, +1224
   9347 0061fc63  bgeu gp, t1, +24
c4_38_s1_1842:
   9348 13000213  addi tp, x0, 304
   9349 00452223  sw tp, 4(a0)
   9350 00000073  ecall
   9351 02053823  sd x0, 48(a0)
   9352 02053c23  sd x0, 56(a0)
c4_38_s2_1843:
   9353 13100213  addi tp, x0, 305
   9354 00452223  sw tp, 4(a0)
   9355 00000073  ecall
   9356 02053823  sd x0, 48(a0)
   9357 02053c23  sd x0, 56(a0)
c4_38_s3_1844:
   9358 13200213  addi tp, x0, 306
   9359 00452223  sw tp, 4(a0)
   9360 00000073  ecall
   9361 02053823  sd x0, 48(a0)
   9362 02053c23  sd x0, 56(a0)
c4_38_s4_1845:
   9363 13300213  addi tp, x0, 307
   9364 00452223  sw tp, 4(a0)
   9365 00000073  ecall
   9366 02053823  sd x0, 48(a0)
   9367 02053c23  sd x0, 56(a0)
c4_38_s5_1846:
   9368 13400213  addi tp, x0, 308
   9369 00452223  sw tp, 4(a0)
   9370 00000073  ecall
   9371 02053823  sd x0, 48(a0)
   9372 02053c23  sd x0, 56(a0)
c4_38_s6_1847:
   9373 13500213  addi tp, x0, 309
   9374 00452223  sw tp, 4(a0)
   9375 00000073  ecall
   9376 02053823  sd x0, 48(a0)
   9377 02053c23  sd x0, 56(a0)
c4_38_s7_1848:
   9378 13600213  addi tp, x0, 310
   9379 00452223  sw tp, 4(a0)
   9380 5c000613  addi a2, x0, 1472
   9381 00000073  ecall
   9382 02050613  addi a2, a0, 32
        ; chain lay=4 i=39
c4_38_next_1849:
c4_39_1871:
   9383 00789193  slli gp, a7, 7
   9384 7e0a3083  ld ra, 2016(s4)
   9385 7e8a3103  ld sp, 2024(s4)
   9386 0e103023  sd ra, 224(x0)
   9387 0e203423  sd sp, 232(x0)
   9388 46f1f663  bgeu gp, a5, +1132
   9389 4491f263  bgeu gp, s1, +1092
   9390 4481f863  bgeu gp, s0, +1104
   9391 4471f463  bgeu gp, t2, +1096
   9392 0061fc63  bgeu gp, t1, +24
c4_39_s1_1857:
   9393 13800213  addi tp, x0, 312
   9394 00452223  sw tp, 4(a0)
   9395 00000073  ecall
   9396 02053823  sd x0, 48(a0)
   9397 02053c23  sd x0, 56(a0)
c4_39_s2_1858:
   9398 13900213  addi tp, x0, 313
   9399 00452223  sw tp, 4(a0)
   9400 00000073  ecall
   9401 02053823  sd x0, 48(a0)
   9402 02053c23  sd x0, 56(a0)
c4_39_s3_1859:
   9403 13a00213  addi tp, x0, 314
   9404 00452223  sw tp, 4(a0)
   9405 00000073  ecall
   9406 02053823  sd x0, 48(a0)
   9407 02053c23  sd x0, 56(a0)
c4_39_s4_1860:
   9408 13b00213  addi tp, x0, 315
   9409 00452223  sw tp, 4(a0)
   9410 00000073  ecall
   9411 02053823  sd x0, 48(a0)
   9412 02053c23  sd x0, 56(a0)
c4_39_s5_1861:
   9413 13c00213  addi tp, x0, 316
   9414 00452223  sw tp, 4(a0)
   9415 00000073  ecall
   9416 02053823  sd x0, 48(a0)
   9417 02053c23  sd x0, 56(a0)
c4_39_s6_1862:
   9418 13d00213  addi tp, x0, 317
   9419 00452223  sw tp, 4(a0)
   9420 00000073  ecall
   9421 02053823  sd x0, 48(a0)
   9422 02053c23  sd x0, 56(a0)
c4_39_s7_1863:
   9423 13e00213  addi tp, x0, 318
   9424 00452223  sw tp, 4(a0)
   9425 5d000613  addi a2, x0, 1488
   9426 00000073  ecall
   9427 02050613  addi a2, a0, 32
        ; chain lay=4 i=40
c4_39_next_1864:
c4_40_1886:
   9428 00489193  slli gp, a7, 4
   9429 7f0a3083  ld ra, 2032(s4)
   9430 7f8a3103  ld sp, 2040(s4)
   9431 0e103023  sd ra, 224(x0)
   9432 0e203423  sd sp, 232(x0)
   9433 3ef1f663  bgeu gp, a5, +1004
   9434 3c91f263  bgeu gp, s1, +964
   9435 3c81f863  bgeu gp, s0, +976
   9436 3c71f463  bgeu gp, t2, +968
   9437 0061fc63  bgeu gp, t1, +24
c4_40_s1_1872:
   9438 14000213  addi tp, x0, 320
   9439 00452223  sw tp, 4(a0)
   9440 00000073  ecall
   9441 02053823  sd x0, 48(a0)
   9442 02053c23  sd x0, 56(a0)
c4_40_s2_1873:
   9443 14100213  addi tp, x0, 321
   9444 00452223  sw tp, 4(a0)
   9445 00000073  ecall
   9446 02053823  sd x0, 48(a0)
   9447 02053c23  sd x0, 56(a0)
c4_40_s3_1874:
   9448 14200213  addi tp, x0, 322
   9449 00452223  sw tp, 4(a0)
   9450 00000073  ecall
   9451 02053823  sd x0, 48(a0)
   9452 02053c23  sd x0, 56(a0)
c4_40_s4_1875:
   9453 14300213  addi tp, x0, 323
   9454 00452223  sw tp, 4(a0)
   9455 00000073  ecall
   9456 02053823  sd x0, 48(a0)
   9457 02053c23  sd x0, 56(a0)
c4_40_s5_1876:
   9458 14400213  addi tp, x0, 324
   9459 00452223  sw tp, 4(a0)
   9460 00000073  ecall
   9461 02053823  sd x0, 48(a0)
   9462 02053c23  sd x0, 56(a0)
c4_40_s6_1877:
   9463 14500213  addi tp, x0, 325
   9464 00452223  sw tp, 4(a0)
   9465 00000073  ecall
   9466 02053823  sd x0, 48(a0)
   9467 02053c23  sd x0, 56(a0)
c4_40_s7_1878:
   9468 14600213  addi tp, x0, 326
   9469 00452223  sw tp, 4(a0)
   9470 5e000613  addi a2, x0, 1504
   9471 00000073  ecall
   9472 02050613  addi a2, a0, 32
        ; chain lay=4 i=41
c4_40_next_1879:
c4_41_1901:
   9473 00189193  slli gp, a7, 1
   9474 000ab083  ld ra, 0(s5)
   9475 008ab103  ld sp, 8(s5)
   9476 0e103023  sd ra, 224(x0)
   9477 0e203423  sd sp, 232(x0)
   9478 36f1f663  bgeu gp, a5, +876
   9479 3491f263  bgeu gp, s1, +836
   9480 3481f863  bgeu gp, s0, +848
   9481 3471f463  bgeu gp, t2, +840
   9482 0061fc63  bgeu gp, t1, +24
c4_41_s1_1887:
   9483 14800213  addi tp, x0, 328
   9484 00452223  sw tp, 4(a0)
   9485 00000073  ecall
   9486 02053823  sd x0, 48(a0)
   9487 02053c23  sd x0, 56(a0)
c4_41_s2_1888:
   9488 14900213  addi tp, x0, 329
   9489 00452223  sw tp, 4(a0)
   9490 00000073  ecall
   9491 02053823  sd x0, 48(a0)
   9492 02053c23  sd x0, 56(a0)
c4_41_s3_1889:
   9493 14a00213  addi tp, x0, 330
   9494 00452223  sw tp, 4(a0)
   9495 00000073  ecall
   9496 02053823  sd x0, 48(a0)
   9497 02053c23  sd x0, 56(a0)
c4_41_s4_1890:
   9498 14b00213  addi tp, x0, 331
   9499 00452223  sw tp, 4(a0)
   9500 00000073  ecall
   9501 02053823  sd x0, 48(a0)
   9502 02053c23  sd x0, 56(a0)
c4_41_s5_1891:
   9503 14c00213  addi tp, x0, 332
   9504 00452223  sw tp, 4(a0)
   9505 00000073  ecall
   9506 02053823  sd x0, 48(a0)
   9507 02053c23  sd x0, 56(a0)
c4_41_s6_1892:
   9508 14d00213  addi tp, x0, 333
   9509 00452223  sw tp, 4(a0)
   9510 00000073  ecall
   9511 02053823  sd x0, 48(a0)
   9512 02053c23  sd x0, 56(a0)
c4_41_s7_1893:
   9513 14e00213  addi tp, x0, 334
   9514 00452223  sw tp, 4(a0)
   9515 5f000613  addi a2, x0, 1520
   9516 00000073  ecall
   9517 02050613  addi a2, a0, 32
c4_41_next_1894:
   9518 2dc0006f  jal x0, +732
c4_28_g4_1701:
   9519 00e1fe63  bgeu gp, a4, +28
   9520 00d1fa63  bgeu gp, a3, +20
   9521 e94ff06f  jal x0, -2412
c4_28_p2_1702:
   9522 e68ff06f  jal x0, -2456
c4_28_p3_1703:
   9523 00000013  addi x0, x0, 0
   9524 e74ff06f  jal x0, -2444
c4_28_p5_1704:
   9525 e98ff06f  jal x0, -2408
c4_28_p6_1705:
   9526 00000013  addi x0, x0, 0
   9527 ea4ff06f  jal x0, -2396
c4_28_h7_1700:
   9528 52103023  sd ra, 1312(x0)
   9529 52203423  sd sp, 1320(x0)
   9530 00000013  addi x0, x0, 0
   9531 ea8ff06f  jal x0, -2392
c4_29_g4_1716:
   9532 00e1fe63  bgeu gp, a4, +28
   9533 00d1fa63  bgeu gp, a3, +20
   9534 f14ff06f  jal x0, -2284
c4_29_p2_1717:
   9535 ee8ff06f  jal x0, -2328
c4_29_p3_1718:
   9536 00000013  addi x0, x0, 0
   9537 ef4ff06f  jal x0, -2316
c4_29_p5_1719:
   9538 f18ff06f  jal x0, -2280
c4_29_p6_1720:
   9539 00000013  addi x0, x0, 0
   9540 f24ff06f  jal x0, -2268
c4_29_h7_1715:
   9541 52103823  sd ra, 1328(x0)
   9542 52203c23  sd sp, 1336(x0)
   9543 00000013  addi x0, x0, 0
   9544 f28ff06f  jal x0, -2264
c4_30_g4_1731:
   9545 00e1fe63  bgeu gp, a4, +28
   9546 00d1fa63  bgeu gp, a3, +20
   9547 f94ff06f  jal x0, -2156
c4_30_p2_1732:
   9548 f68ff06f  jal x0, -2200
c4_30_p3_1733:
   9549 00000013  addi x0, x0, 0
   9550 f74ff06f  jal x0, -2188
c4_30_p5_1734:
   9551 f98ff06f  jal x0, -2152
c4_30_p6_1735:
   9552 00000013  addi x0, x0, 0
   9553 fa4ff06f  jal x0, -2140
c4_30_h7_1730:
   9554 54103023  sd ra, 1344(x0)
   9555 54203423  sd sp, 1352(x0)
   9556 00000013  addi x0, x0, 0
   9557 fa8ff06f  jal x0, -2136
c4_31_g4_1746:
   9558 00e1fe63  bgeu gp, a4, +28
   9559 00d1fa63  bgeu gp, a3, +20
   9560 815ff06f  jal x0, -2028
c4_31_p2_1747:
   9561 fe8ff06f  jal x0, -2072
c4_31_p3_1748:
   9562 00000013  addi x0, x0, 0
   9563 ff4ff06f  jal x0, -2060
c4_31_p5_1749:
   9564 819ff06f  jal x0, -2024
c4_31_p6_1750:
   9565 00000013  addi x0, x0, 0
   9566 825ff06f  jal x0, -2012
c4_31_h7_1745:
   9567 54103823  sd ra, 1360(x0)
   9568 54203c23  sd sp, 1368(x0)
   9569 00000013  addi x0, x0, 0
   9570 829ff06f  jal x0, -2008
c4_32_g4_1761:
   9571 00e1fe63  bgeu gp, a4, +28
   9572 00d1fa63  bgeu gp, a3, +20
   9573 895ff06f  jal x0, -1900
c4_32_p2_1762:
   9574 869ff06f  jal x0, -1944
c4_32_p3_1763:
   9575 00000013  addi x0, x0, 0
   9576 875ff06f  jal x0, -1932
c4_32_p5_1764:
   9577 899ff06f  jal x0, -1896
c4_32_p6_1765:
   9578 00000013  addi x0, x0, 0
   9579 8a5ff06f  jal x0, -1884
c4_32_h7_1760:
   9580 56103023  sd ra, 1376(x0)
   9581 56203423  sd sp, 1384(x0)
   9582 00000013  addi x0, x0, 0
   9583 8a9ff06f  jal x0, -1880
c4_33_g4_1776:
   9584 00e1fe63  bgeu gp, a4, +28
   9585 00d1fa63  bgeu gp, a3, +20
   9586 915ff06f  jal x0, -1772
c4_33_p2_1777:
   9587 8e9ff06f  jal x0, -1816
c4_33_p3_1778:
   9588 00000013  addi x0, x0, 0
   9589 8f5ff06f  jal x0, -1804
c4_33_p5_1779:
   9590 919ff06f  jal x0, -1768
c4_33_p6_1780:
   9591 00000013  addi x0, x0, 0
   9592 925ff06f  jal x0, -1756
c4_33_h7_1775:
   9593 56103823  sd ra, 1392(x0)
   9594 56203c23  sd sp, 1400(x0)
   9595 00000013  addi x0, x0, 0
   9596 929ff06f  jal x0, -1752
c4_34_g4_1791:
   9597 00e1fe63  bgeu gp, a4, +28
   9598 00d1fa63  bgeu gp, a3, +20
   9599 995ff06f  jal x0, -1644
c4_34_p2_1792:
   9600 969ff06f  jal x0, -1688
c4_34_p3_1793:
   9601 00000013  addi x0, x0, 0
   9602 975ff06f  jal x0, -1676
c4_34_p5_1794:
   9603 999ff06f  jal x0, -1640
c4_34_p6_1795:
   9604 00000013  addi x0, x0, 0
   9605 9a5ff06f  jal x0, -1628
c4_34_h7_1790:
   9606 58103023  sd ra, 1408(x0)
   9607 58203423  sd sp, 1416(x0)
   9608 00000013  addi x0, x0, 0
   9609 9a9ff06f  jal x0, -1624
c4_35_g4_1806:
   9610 00e1fe63  bgeu gp, a4, +28
   9611 00d1fa63  bgeu gp, a3, +20
   9612 a15ff06f  jal x0, -1516
c4_35_p2_1807:
   9613 9e9ff06f  jal x0, -1560
c4_35_p3_1808:
   9614 00000013  addi x0, x0, 0
   9615 9f5ff06f  jal x0, -1548
c4_35_p5_1809:
   9616 a19ff06f  jal x0, -1512
c4_35_p6_1810:
   9617 00000013  addi x0, x0, 0
   9618 a25ff06f  jal x0, -1500
c4_35_h7_1805:
   9619 58103823  sd ra, 1424(x0)
   9620 58203c23  sd sp, 1432(x0)
   9621 00000013  addi x0, x0, 0
   9622 a29ff06f  jal x0, -1496
c4_36_g4_1821:
   9623 00e1fe63  bgeu gp, a4, +28
   9624 00d1fa63  bgeu gp, a3, +20
   9625 a95ff06f  jal x0, -1388
c4_36_p2_1822:
   9626 a69ff06f  jal x0, -1432
c4_36_p3_1823:
   9627 00000013  addi x0, x0, 0
   9628 a75ff06f  jal x0, -1420
c4_36_p5_1824:
   9629 a99ff06f  jal x0, -1384
c4_36_p6_1825:
   9630 00000013  addi x0, x0, 0
   9631 aa5ff06f  jal x0, -1372
c4_36_h7_1820:
   9632 5a103023  sd ra, 1440(x0)
   9633 5a203423  sd sp, 1448(x0)
   9634 00000013  addi x0, x0, 0
   9635 aa9ff06f  jal x0, -1368
c4_37_g4_1836:
   9636 00e1fe63  bgeu gp, a4, +28
   9637 00d1fa63  bgeu gp, a3, +20
   9638 b15ff06f  jal x0, -1260
c4_37_p2_1837:
   9639 ae9ff06f  jal x0, -1304
c4_37_p3_1838:
   9640 00000013  addi x0, x0, 0
   9641 af5ff06f  jal x0, -1292
c4_37_p5_1839:
   9642 b19ff06f  jal x0, -1256
c4_37_p6_1840:
   9643 00000013  addi x0, x0, 0
   9644 b25ff06f  jal x0, -1244
c4_37_h7_1835:
   9645 5a103823  sd ra, 1456(x0)
   9646 5a203c23  sd sp, 1464(x0)
   9647 00000013  addi x0, x0, 0
   9648 b29ff06f  jal x0, -1240
c4_38_g4_1851:
   9649 00e1fe63  bgeu gp, a4, +28
   9650 00d1fa63  bgeu gp, a3, +20
   9651 b95ff06f  jal x0, -1132
c4_38_p2_1852:
   9652 b69ff06f  jal x0, -1176
c4_38_p3_1853:
   9653 00000013  addi x0, x0, 0
   9654 b75ff06f  jal x0, -1164
c4_38_p5_1854:
   9655 b99ff06f  jal x0, -1128
c4_38_p6_1855:
   9656 00000013  addi x0, x0, 0
   9657 ba5ff06f  jal x0, -1116
c4_38_h7_1850:
   9658 5c103023  sd ra, 1472(x0)
   9659 5c203423  sd sp, 1480(x0)
   9660 00000013  addi x0, x0, 0
   9661 ba9ff06f  jal x0, -1112
c4_39_g4_1866:
   9662 00e1fe63  bgeu gp, a4, +28
   9663 00d1fa63  bgeu gp, a3, +20
   9664 c15ff06f  jal x0, -1004
c4_39_p2_1867:
   9665 be9ff06f  jal x0, -1048
c4_39_p3_1868:
   9666 00000013  addi x0, x0, 0
   9667 bf5ff06f  jal x0, -1036
c4_39_p5_1869:
   9668 c19ff06f  jal x0, -1000
c4_39_p6_1870:
   9669 00000013  addi x0, x0, 0
   9670 c25ff06f  jal x0, -988
c4_39_h7_1865:
   9671 5c103823  sd ra, 1488(x0)
   9672 5c203c23  sd sp, 1496(x0)
   9673 00000013  addi x0, x0, 0
   9674 c29ff06f  jal x0, -984
c4_40_g4_1881:
   9675 00e1fe63  bgeu gp, a4, +28
   9676 00d1fa63  bgeu gp, a3, +20
   9677 c95ff06f  jal x0, -876
c4_40_p2_1882:
   9678 c69ff06f  jal x0, -920
c4_40_p3_1883:
   9679 00000013  addi x0, x0, 0
   9680 c75ff06f  jal x0, -908
c4_40_p5_1884:
   9681 c99ff06f  jal x0, -872
c4_40_p6_1885:
   9682 00000013  addi x0, x0, 0
   9683 ca5ff06f  jal x0, -860
c4_40_h7_1880:
   9684 5e103023  sd ra, 1504(x0)
   9685 5e203423  sd sp, 1512(x0)
   9686 00000013  addi x0, x0, 0
   9687 ca9ff06f  jal x0, -856
c4_41_g4_1896:
   9688 00e1fe63  bgeu gp, a4, +28
   9689 00d1fa63  bgeu gp, a3, +20
   9690 d15ff06f  jal x0, -748
c4_41_p2_1897:
   9691 ce9ff06f  jal x0, -792
c4_41_p3_1898:
   9692 00000013  addi x0, x0, 0
   9693 cf5ff06f  jal x0, -780
c4_41_p5_1899:
   9694 d19ff06f  jal x0, -744
c4_41_p6_1900:
   9695 00000013  addi x0, x0, 0
   9696 d25ff06f  jal x0, -732
c4_41_h7_1895:
   9697 5e103823  sd ra, 1520(x0)
   9698 5e203c23  sd sp, 1528(x0)
   9699 00000013  addi x0, x0, 0
   9700 d29ff06f  jal x0, -728
        ; layer 4: leaf
l4_after2_1902:
   9701 000401b7  lui gp, 0x40
   9702 20118193  addi gp, gp, 513
   9703 34303023  sd gp, 832(x0)
   9704 35f03423  sd t6, 840(x0)
   9705 34000513  addi a0, x0, 832
   9706 2c000593  addi a1, x0, 704
   9707 004b9c13  slli s8, s7, 4
   9708 010c7193  andi gp, s8, 16
   9709 1e018613  addi a2, gp, 480
   9710 00000073  ecall
        ; layer 4: tree fold
   9711 000401b7  lui gp, 0x40
   9712 30118193  addi gp, gp, 769
   9713 1c302023  sw gp, 448(x0)
   9714 1de02423  sw t5, 456(x0)
   9715 1c000513  addi a0, x0, 448
   9716 04000593  addi a1, x0, 64
        ; fold level 1
   9717 01064193  xori gp, a2, 16
   9718 010ab083  ld ra, 16(s5)
   9719 018ab103  ld sp, 24(s5)
   9720 0011b023  sd ra, 0(gp)
   9721 0021b423  sd sp, 8(gp)
   9722 00100213  addi tp, x0, 1
   9723 1c402223  sw tp, 452(x0)
   9724 001bd213  srli tp, s7, 1
   9725 1c402623  sw tp, 460(x0)
   9726 001c5193  srli gp, s8, 1
   9727 0101f193  andi gp, gp, 16
   9728 1e018613  addi a2, gp, 480
   9729 00000073  ecall
        ; fold level 2
   9730 01064193  xori gp, a2, 16
   9731 020ab083  ld ra, 32(s5)
   9732 028ab103  ld sp, 40(s5)
   9733 0011b023  sd ra, 0(gp)
   9734 0021b423  sd sp, 8(gp)
   9735 00200213  addi tp, x0, 2
   9736 1c402223  sw tp, 452(x0)
   9737 002bd213  srli tp, s7, 2
   9738 1c402623  sw tp, 460(x0)
   9739 002c5193  srli gp, s8, 2
   9740 0101f193  andi gp, gp, 16
   9741 1e018613  addi a2, gp, 480
   9742 00000073  ecall
        ; fold level 3
   9743 01064193  xori gp, a2, 16
   9744 030ab083  ld ra, 48(s5)
   9745 038ab103  ld sp, 56(s5)
   9746 0011b023  sd ra, 0(gp)
   9747 0021b423  sd sp, 8(gp)
   9748 00300213  addi tp, x0, 3
   9749 1c402223  sw tp, 452(x0)
   9750 003bd213  srli tp, s7, 3
   9751 1c402623  sw tp, 460(x0)
   9752 003c5193  srli gp, s8, 3
   9753 0101f193  andi gp, gp, 16
   9754 1e018613  addi a2, gp, 480
   9755 00000073  ecall
        ; fold level 4
   9756 01064193  xori gp, a2, 16
   9757 040ab083  ld ra, 64(s5)
   9758 048ab103  ld sp, 72(s5)
   9759 0011b023  sd ra, 0(gp)
   9760 0021b423  sd sp, 8(gp)
   9761 00400213  addi tp, x0, 4
   9762 1c402223  sw tp, 452(x0)
   9763 004bd213  srli tp, s7, 4
   9764 1c402623  sw tp, 460(x0)
   9765 010bf193  andi gp, s7, 16
   9766 1e018613  addi a2, gp, 480
   9767 00000073  ecall
        ; fold level 5
   9768 01064193  xori gp, a2, 16
   9769 050ab083  ld ra, 80(s5)
   9770 058ab103  ld sp, 88(s5)
   9771 0011b023  sd ra, 0(gp)
   9772 0021b423  sd sp, 8(gp)
   9773 00500213  addi tp, x0, 5
   9774 1c402223  sw tp, 452(x0)
   9775 1c002623  sw x0, 460(x0)
   9776 12000613  addi a2, x0, 288
   9777 00000073  ecall
        ; layer 3: route
layer_3:
   9778 00eb5b93  srli s7, s6, 14
   9779 01fbfb93  andi s7, s7, 31
   9780 013b5f13  srli t5, s6, 19
   9781 020b9193  slli gp, s7, 32
   9782 003f6fb3  or t6, t5, gp
        ; layer 3: encoding
   9783 000301b7  lui gp, 0x30
   9784 40118193  addi gp, gp, 1025
   9785 10303023  sd gp, 256(x0)
   9786 11f03423  sd t6, 264(x0)
   9787 63cae183  lwu gp, 1596(s5)
   9788 12302823  sw gp, 304(x0)
   9789 12002a23  sw x0, 308(x0)
   9790 12003c23  sd x0, 312(x0)
   9791 10000513  addi a0, x0, 256
   9792 04000593  addi a1, x0, 64
   9793 14000613  addi a2, x0, 320
   9794 00000073  ecall
   9795 14003803  ld a6, 320(x0)
   9796 14803883  ld a7, 328(x0)
   9797 011861b3  or gp, a6, a7
   9798 2401c6e3  blt gp, x0, +2636
   9799 00385c93  srli s9, a6, 3
   9800 01acfcb3  and s9, s9, s10
   9801 01a87e33  and t3, a6, s10
   9802 01cc8cb3  add s9, s9, t3
   9803 0038de13  srli t3, a7, 3
   9804 01ae7e33  and t3, t3, s10
   9805 01cc8cb3  add s9, s9, t3
   9806 01a8fe33  and t3, a7, s10
   9807 01cc8cb3  add s9, s9, t3
   9808 006cde13  srli t3, s9, 6
   9809 01cc8cb3  add s9, s9, t3
   9810 01bcfcb3  and s9, s9, s11
   9811 00ccde13  srli t3, s9, 12
   9812 01cc8cb3  add s9, s9, t3
   9813 018cde13  srli t3, s9, 24
   9814 01cc8cb3  add s9, s9, t3
   9815 030cde13  srli t3, s9, 48
   9816 01cc8cb3  add s9, s9, t3
   9817 7ffcfc93  andi s9, s9, 2047
   9818 f56c8c93  addi s9, s9, -170
   9819 1e0c9ce3  bne s9, x0, +2552
        ; layer 3: chains
   9820 000301b7  lui gp, 0x30
   9821 10118193  addi gp, gp, 257
   9822 0c302023  sw gp, 192(x0)
   9823 0df03423  sd t6, 200(x0)
   9824 0c000513  addi a0, x0, 192
   9825 0e000613  addi a2, x0, 224
        ; chain lay=3 i=0
c3_0_1918:
   9826 03d81193  slli gp, a6, 61
   9827 280a3083  ld ra, 640(s4)
   9828 288a3103  ld sp, 648(s4)
   9829 0e103023  sd ra, 224(x0)
   9830 0e203423  sd sp, 232(x0)
   9831 1ef1f8e3  bgeu gp, a5, +2544
   9832 1c91f4e3  bgeu gp, s1, +2504
   9833 1c81fae3  bgeu gp, s0, +2516
   9834 1c71f6e3  bgeu gp, t2, +2508
   9835 0061fc63  bgeu gp, t1, +24
c3_0_s1_1904:
   9836 00000213  addi tp, x0, 0
   9837 00452223  sw tp, 4(a0)
   9838 00000073  ecall
   9839 02053823  sd x0, 48(a0)
   9840 02053c23  sd x0, 56(a0)
c3_0_s2_1905:
   9841 00100213  addi tp, x0, 1
   9842 00452223  sw tp, 4(a0)
   9843 00000073  ecall
   9844 02053823  sd x0, 48(a0)
   9845 02053c23  sd x0, 56(a0)
c3_0_s3_1906:
   9846 00200213  addi tp, x0, 2
   9847 00452223  sw tp, 4(a0)
   9848 00000073  ecall
   9849 02053823  sd x0, 48(a0)
   9850 02053c23  sd x0, 56(a0)
c3_0_s4_1907:
   9851 00300213  addi tp, x0, 3
   9852 00452223  sw tp, 4(a0)
   9853 00000073  ecall
   9854 02053823  sd x0, 48(a0)
   9855 02053c23  sd x0, 56(a0)
c3_0_s5_1908:
   9856 00400213  addi tp, x0, 4
   9857 00452223  sw tp, 4(a0)
   9858 00000073  ecall
   9859 02053823  sd x0, 48(a0)
   9860 02053c23  sd x0, 56(a0)
c3_0_s6_1909:
   9861 00500213  addi tp, x0, 5
   9862 00452223  sw tp, 4(a0)
   9863 00000073  ecall
   9864 02053823  sd x0, 48(a0)
   9865 02053c23  sd x0, 56(a0)
c3_0_s7_1910:
   9866 00600213  addi tp, x0, 6
   9867 00452223  sw tp, 4(a0)
   9868 36000613  addi a2, x0, 864
   9869 00000073  ecall
   9870 02050613  addi a2, a0, 32
        ; chain lay=3 i=1
c3_0_next_1911:
c3_1_1933:
   9871 03a81193  slli gp, a6, 58
   9872 290a3083  ld ra, 656(s4)
   9873 298a3103  ld sp, 664(s4)
   9874 0e103023  sd ra, 224(x0)
   9875 0e203423  sd sp, 232(x0)
   9876 16f1f8e3  bgeu gp, a5, +2416
   9877 1491f4e3  bgeu gp, s1, +2376
   9878 1481fae3  bgeu gp, s0, +2388
   9879 1471f6e3  bgeu gp, t2, +2380
   9880 0061fc63  bgeu gp, t1, +24
c3_1_s1_1919:
   9881 00800213  addi tp, x0, 8
   9882 00452223  sw tp, 4(a0)
   9883 00000073  ecall
   9884 02053823  sd x0, 48(a0)
   9885 02053c23  sd x0, 56(a0)
c3_1_s2_1920:
   9886 00900213  addi tp, x0, 9
   9887 00452223  sw tp, 4(a0)
   9888 00000073  ecall
   9889 02053823  sd x0, 48(a0)
   9890 02053c23  sd x0, 56(a0)
c3_1_s3_1921:
   9891 00a00213  addi tp, x0, 10
   9892 00452223  sw tp, 4(a0)
   9893 00000073  ecall
   9894 02053823  sd x0, 48(a0)
   9895 02053c23  sd x0, 56(a0)
c3_1_s4_1922:
   9896 00b00213  addi tp, x0, 11
   9897 00452223  sw tp, 4(a0)
   9898 00000073  ecall
   9899 02053823  sd x0, 48(a0)
   9900 02053c23  sd x0, 56(a0)
c3_1_s5_1923:
   9901 00c00213  addi tp, x0, 12
   9902 00452223  sw tp, 4(a0)
   9903 00000073  ecall
   9904 02053823  sd x0, 48(a0)
   9905 02053c23  sd x0, 56(a0)
c3_1_s6_1924:
   9906 00d00213  addi tp, x0, 13
   9907 00452223  sw tp, 4(a0)
   9908 00000073  ecall
   9909 02053823  sd x0, 48(a0)
   9910 02053c23  sd x0, 56(a0)
c3_1_s7_1925:
   9911 00e00213  addi tp, x0, 14
   9912 00452223  sw tp, 4(a0)
   9913 37000613  addi a2, x0, 880
   9914 00000073  ecall
   9915 02050613  addi a2, a0, 32
        ; chain lay=3 i=2
c3_1_next_1926:
c3_2_1948:
   9916 03781193  slli gp, a6, 55
   9917 2a0a3083  ld ra, 672(s4)
   9918 2a8a3103  ld sp, 680(s4)
   9919 0e103023  sd ra, 224(x0)
   9920 0e203423  sd sp, 232(x0)
   9921 0ef1f8e3  bgeu gp, a5, +2288
   9922 0c91f4e3  bgeu gp, s1, +2248
   9923 0c81fae3  bgeu gp, s0, +2260
   9924 0c71f6e3  bgeu gp, t2, +2252
   9925 0061fc63  bgeu gp, t1, +24
c3_2_s1_1934:
   9926 01000213  addi tp, x0, 16
   9927 00452223  sw tp, 4(a0)
   9928 00000073  ecall
   9929 02053823  sd x0, 48(a0)
   9930 02053c23  sd x0, 56(a0)
c3_2_s2_1935:
   9931 01100213  addi tp, x0, 17
   9932 00452223  sw tp, 4(a0)
   9933 00000073  ecall
   9934 02053823  sd x0, 48(a0)
   9935 02053c23  sd x0, 56(a0)
c3_2_s3_1936:
   9936 01200213  addi tp, x0, 18
   9937 00452223  sw tp, 4(a0)
   9938 00000073  ecall
   9939 02053823  sd x0, 48(a0)
   9940 02053c23  sd x0, 56(a0)
c3_2_s4_1937:
   9941 01300213  addi tp, x0, 19
   9942 00452223  sw tp, 4(a0)
   9943 00000073  ecall
   9944 02053823  sd x0, 48(a0)
   9945 02053c23  sd x0, 56(a0)
c3_2_s5_1938:
   9946 01400213  addi tp, x0, 20
   9947 00452223  sw tp, 4(a0)
   9948 00000073  ecall
   9949 02053823  sd x0, 48(a0)
   9950 02053c23  sd x0, 56(a0)
c3_2_s6_1939:
   9951 01500213  addi tp, x0, 21
   9952 00452223  sw tp, 4(a0)
   9953 00000073  ecall
   9954 02053823  sd x0, 48(a0)
   9955 02053c23  sd x0, 56(a0)
c3_2_s7_1940:
   9956 01600213  addi tp, x0, 22
   9957 00452223  sw tp, 4(a0)
   9958 38000613  addi a2, x0, 896
   9959 00000073  ecall
   9960 02050613  addi a2, a0, 32
        ; chain lay=3 i=3
c3_2_next_1941:
c3_3_1963:
   9961 03481193  slli gp, a6, 52
   9962 2b0a3083  ld ra, 688(s4)
   9963 2b8a3103  ld sp, 696(s4)
   9964 0e103023  sd ra, 224(x0)
   9965 0e203423  sd sp, 232(x0)
   9966 06f1f8e3  bgeu gp, a5, +2160
   9967 0491f4e3  bgeu gp, s1, +2120
   9968 0481fae3  bgeu gp, s0, +2132
   9969 0471f6e3  bgeu gp, t2, +2124
   9970 0061fc63  bgeu gp, t1, +24
c3_3_s1_1949:
   9971 01800213  addi tp, x0, 24
   9972 00452223  sw tp, 4(a0)
   9973 00000073  ecall
   9974 02053823  sd x0, 48(a0)
   9975 02053c23  sd x0, 56(a0)
c3_3_s2_1950:
   9976 01900213  addi tp, x0, 25
   9977 00452223  sw tp, 4(a0)
   9978 00000073  ecall
   9979 02053823  sd x0, 48(a0)
   9980 02053c23  sd x0, 56(a0)
c3_3_s3_1951:
   9981 01a00213  addi tp, x0, 26
   9982 00452223  sw tp, 4(a0)
   9983 00000073  ecall
   9984 02053823  sd x0, 48(a0)
   9985 02053c23  sd x0, 56(a0)
c3_3_s4_1952:
   9986 01b00213  addi tp, x0, 27
   9987 00452223  sw tp, 4(a0)
   9988 00000073  ecall
   9989 02053823  sd x0, 48(a0)
   9990 02053c23  sd x0, 56(a0)
c3_3_s5_1953:
   9991 01c00213  addi tp, x0, 28
   9992 00452223  sw tp, 4(a0)
   9993 00000073  ecall
   9994 02053823  sd x0, 48(a0)
   9995 02053c23  sd x0, 56(a0)
c3_3_s6_1954:
   9996 01d00213  addi tp, x0, 29
   9997 00452223  sw tp, 4(a0)
   9998 00000073  ecall
   9999 02053823  sd x0, 48(a0)
  10000 02053c23  sd x0, 56(a0)
c3_3_s7_1955:
  10001 01e00213  addi tp, x0, 30
  10002 00452223  sw tp, 4(a0)
  10003 39000613  addi a2, x0, 912
  10004 00000073  ecall
  10005 02050613  addi a2, a0, 32
        ; chain lay=3 i=4
c3_3_next_1956:
c3_4_1978:
  10006 03181193  slli gp, a6, 49
  10007 2c0a3083  ld ra, 704(s4)
  10008 2c8a3103  ld sp, 712(s4)
  10009 0e103023  sd ra, 224(x0)
  10010 0e203423  sd sp, 232(x0)
  10011 7ef1f863  bgeu gp, a5, +2032
  10012 7c91f463  bgeu gp, s1, +1992
  10013 7c81fa63  bgeu gp, s0, +2004
  10014 7c71f663  bgeu gp, t2, +1996
  10015 0061fc63  bgeu gp, t1, +24
c3_4_s1_1964:
  10016 02000213  addi tp, x0, 32
  10017 00452223  sw tp, 4(a0)
  10018 00000073  ecall
  10019 02053823  sd x0, 48(a0)
  10020 02053c23  sd x0, 56(a0)
c3_4_s2_1965:
  10021 02100213  addi tp, x0, 33
  10022 00452223  sw tp, 4(a0)
  10023 00000073  ecall
  10024 02053823  sd x0, 48(a0)
  10025 02053c23  sd x0, 56(a0)
c3_4_s3_1966:
  10026 02200213  addi tp, x0, 34
  10027 00452223  sw tp, 4(a0)
  10028 00000073  ecall
  10029 02053823  sd x0, 48(a0)
  10030 02053c23  sd x0, 56(a0)
c3_4_s4_1967:
  10031 02300213  addi tp, x0, 35
  10032 00452223  sw tp, 4(a0)
  10033 00000073  ecall
  10034 02053823  sd x0, 48(a0)
  10035 02053c23  sd x0, 56(a0)
c3_4_s5_1968:
  10036 02400213  addi tp, x0, 36
  10037 00452223  sw tp, 4(a0)
  10038 00000073  ecall
  10039 02053823  sd x0, 48(a0)
  10040 02053c23  sd x0, 56(a0)
c3_4_s6_1969:
  10041 02500213  addi tp, x0, 37
  10042 00452223  sw tp, 4(a0)
  10043 00000073  ecall
  10044 02053823  sd x0, 48(a0)
  10045 02053c23  sd x0, 56(a0)
c3_4_s7_1970:
  10046 02600213  addi tp, x0, 38
  10047 00452223  sw tp, 4(a0)
  10048 3a000613  addi a2, x0, 928
  10049 00000073  ecall
  10050 02050613  addi a2, a0, 32
        ; chain lay=3 i=5
c3_4_next_1971:
c3_5_1993:
  10051 02e81193  slli gp, a6, 46
  10052 2d0a3083  ld ra, 720(s4)
  10053 2d8a3103  ld sp, 728(s4)
  10054 0e103023  sd ra, 224(x0)
  10055 0e203423  sd sp, 232(x0)
  10056 76f1f863  bgeu gp, a5, +1904
  10057 7491f463  bgeu gp, s1, +1864
  10058 7481fa63  bgeu gp, s0, +1876
  10059 7471f663  bgeu gp, t2, +1868
  10060 0061fc63  bgeu gp, t1, +24
c3_5_s1_1979:
  10061 02800213  addi tp, x0, 40
  10062 00452223  sw tp, 4(a0)
  10063 00000073  ecall
  10064 02053823  sd x0, 48(a0)
  10065 02053c23  sd x0, 56(a0)
c3_5_s2_1980:
  10066 02900213  addi tp, x0, 41
  10067 00452223  sw tp, 4(a0)
  10068 00000073  ecall
  10069 02053823  sd x0, 48(a0)
  10070 02053c23  sd x0, 56(a0)
c3_5_s3_1981:
  10071 02a00213  addi tp, x0, 42
  10072 00452223  sw tp, 4(a0)
  10073 00000073  ecall
  10074 02053823  sd x0, 48(a0)
  10075 02053c23  sd x0, 56(a0)
c3_5_s4_1982:
  10076 02b00213  addi tp, x0, 43
  10077 00452223  sw tp, 4(a0)
  10078 00000073  ecall
  10079 02053823  sd x0, 48(a0)
  10080 02053c23  sd x0, 56(a0)
c3_5_s5_1983:
  10081 02c00213  addi tp, x0, 44
  10082 00452223  sw tp, 4(a0)
  10083 00000073  ecall
  10084 02053823  sd x0, 48(a0)
  10085 02053c23  sd x0, 56(a0)
c3_5_s6_1984:
  10086 02d00213  addi tp, x0, 45
  10087 00452223  sw tp, 4(a0)
  10088 00000073  ecall
  10089 02053823  sd x0, 48(a0)
  10090 02053c23  sd x0, 56(a0)
c3_5_s7_1985:
  10091 02e00213  addi tp, x0, 46
  10092 00452223  sw tp, 4(a0)
  10093 3b000613  addi a2, x0, 944
  10094 00000073  ecall
  10095 02050613  addi a2, a0, 32
        ; chain lay=3 i=6
c3_5_next_1986:
c3_6_2008:
  10096 02b81193  slli gp, a6, 43
  10097 2e0a3083  ld ra, 736(s4)
  10098 2e8a3103  ld sp, 744(s4)
  10099 0e103023  sd ra, 224(x0)
  10100 0e203423  sd sp, 232(x0)
  10101 6ef1f863  bgeu gp, a5, +1776
  10102 6c91f463  bgeu gp, s1, +1736
  10103 6c81fa63  bgeu gp, s0, +1748
  10104 6c71f663  bgeu gp, t2, +1740
  10105 0061fc63  bgeu gp, t1, +24
c3_6_s1_1994:
  10106 03000213  addi tp, x0, 48
  10107 00452223  sw tp, 4(a0)
  10108 00000073  ecall
  10109 02053823  sd x0, 48(a0)
  10110 02053c23  sd x0, 56(a0)
c3_6_s2_1995:
  10111 03100213  addi tp, x0, 49
  10112 00452223  sw tp, 4(a0)
  10113 00000073  ecall
  10114 02053823  sd x0, 48(a0)
  10115 02053c23  sd x0, 56(a0)
c3_6_s3_1996:
  10116 03200213  addi tp, x0, 50
  10117 00452223  sw tp, 4(a0)
  10118 00000073  ecall
  10119 02053823  sd x0, 48(a0)
  10120 02053c23  sd x0, 56(a0)
c3_6_s4_1997:
  10121 03300213  addi tp, x0, 51
  10122 00452223  sw tp, 4(a0)
  10123 00000073  ecall
  10124 02053823  sd x0, 48(a0)
  10125 02053c23  sd x0, 56(a0)
c3_6_s5_1998:
  10126 03400213  addi tp, x0, 52
  10127 00452223  sw tp, 4(a0)
  10128 00000073  ecall
  10129 02053823  sd x0, 48(a0)
  10130 02053c23  sd x0, 56(a0)
c3_6_s6_1999:
  10131 03500213  addi tp, x0, 53
  10132 00452223  sw tp, 4(a0)
  10133 00000073  ecall
  10134 02053823  sd x0, 48(a0)
  10135 02053c23  sd x0, 56(a0)
c3_6_s7_2000:
  10136 03600213  addi tp, x0, 54
  10137 00452223  sw tp, 4(a0)
  10138 3c000613  addi a2, x0, 960
  10139 00000073  ecall
  10140 02050613  addi a2, a0, 32
        ; chain lay=3 i=7
c3_6_next_2001:
c3_7_2023:
  10141 02881193  slli gp, a6, 40
  10142 2f0a3083  ld ra, 752(s4)
  10143 2f8a3103  ld sp, 760(s4)
  10144 0e103023  sd ra, 224(x0)
  10145 0e203423  sd sp, 232(x0)
  10146 66f1f863  bgeu gp, a5, +1648
  10147 6491f463  bgeu gp, s1, +1608
  10148 6481fa63  bgeu gp, s0, +1620
  10149 6471f663  bgeu gp, t2, +1612
  10150 0061fc63  bgeu gp, t1, +24
c3_7_s1_2009:
  10151 03800213  addi tp, x0, 56
  10152 00452223  sw tp, 4(a0)
  10153 00000073  ecall
  10154 02053823  sd x0, 48(a0)
  10155 02053c23  sd x0, 56(a0)
c3_7_s2_2010:
  10156 03900213  addi tp, x0, 57
  10157 00452223  sw tp, 4(a0)
  10158 00000073  ecall
  10159 02053823  sd x0, 48(a0)
  10160 02053c23  sd x0, 56(a0)
c3_7_s3_2011:
  10161 03a00213  addi tp, x0, 58
  10162 00452223  sw tp, 4(a0)
  10163 00000073  ecall
  10164 02053823  sd x0, 48(a0)
  10165 02053c23  sd x0, 56(a0)
c3_7_s4_2012:
  10166 03b00213  addi tp, x0, 59
  10167 00452223  sw tp, 4(a0)
  10168 00000073  ecall
  10169 02053823  sd x0, 48(a0)
  10170 02053c23  sd x0, 56(a0)
c3_7_s5_2013:
  10171 03c00213  addi tp, x0, 60
  10172 00452223  sw tp, 4(a0)
  10173 00000073  ecall
  10174 02053823  sd x0, 48(a0)
  10175 02053c23  sd x0, 56(a0)
c3_7_s6_2014:
  10176 03d00213  addi tp, x0, 61
  10177 00452223  sw tp, 4(a0)
  10178 00000073  ecall
  10179 02053823  sd x0, 48(a0)
  10180 02053c23  sd x0, 56(a0)
c3_7_s7_2015:
  10181 03e00213  addi tp, x0, 62
  10182 00452223  sw tp, 4(a0)
  10183 3d000613  addi a2, x0, 976
  10184 00000073  ecall
  10185 02050613  addi a2, a0, 32
        ; chain lay=3 i=8
c3_7_next_2016:
c3_8_2038:
  10186 02581193  slli gp, a6, 37
  10187 300a3083  ld ra, 768(s4)
  10188 308a3103  ld sp, 776(s4)
  10189 0e103023  sd ra, 224(x0)
  10190 0e203423  sd sp, 232(x0)
  10191 5ef1f863  bgeu gp, a5, +1520
  10192 5c91f463  bgeu gp, s1, +1480
  10193 5c81fa63  bgeu gp, s0, +1492
  10194 5c71f663  bgeu gp, t2, +1484
  10195 0061fc63  bgeu gp, t1, +24
c3_8_s1_2024:
  10196 04000213  addi tp, x0, 64
  10197 00452223  sw tp, 4(a0)
  10198 00000073  ecall
  10199 02053823  sd x0, 48(a0)
  10200 02053c23  sd x0, 56(a0)
c3_8_s2_2025:
  10201 04100213  addi tp, x0, 65
  10202 00452223  sw tp, 4(a0)
  10203 00000073  ecall
  10204 02053823  sd x0, 48(a0)
  10205 02053c23  sd x0, 56(a0)
c3_8_s3_2026:
  10206 04200213  addi tp, x0, 66
  10207 00452223  sw tp, 4(a0)
  10208 00000073  ecall
  10209 02053823  sd x0, 48(a0)
  10210 02053c23  sd x0, 56(a0)
c3_8_s4_2027:
  10211 04300213  addi tp, x0, 67
  10212 00452223  sw tp, 4(a0)
  10213 00000073  ecall
  10214 02053823  sd x0, 48(a0)
  10215 02053c23  sd x0, 56(a0)
c3_8_s5_2028:
  10216 04400213  addi tp, x0, 68
  10217 00452223  sw tp, 4(a0)
  10218 00000073  ecall
  10219 02053823  sd x0, 48(a0)
  10220 02053c23  sd x0, 56(a0)
c3_8_s6_2029:
  10221 04500213  addi tp, x0, 69
  10222 00452223  sw tp, 4(a0)
  10223 00000073  ecall
  10224 02053823  sd x0, 48(a0)
  10225 02053c23  sd x0, 56(a0)
c3_8_s7_2030:
  10226 04600213  addi tp, x0, 70
  10227 00452223  sw tp, 4(a0)
  10228 3e000613  addi a2, x0, 992
  10229 00000073  ecall
  10230 02050613  addi a2, a0, 32
        ; chain lay=3 i=9
c3_8_next_2031:
c3_9_2053:
  10231 02281193  slli gp, a6, 34
  10232 310a3083  ld ra, 784(s4)
  10233 318a3103  ld sp, 792(s4)
  10234 0e103023  sd ra, 224(x0)
  10235 0e203423  sd sp, 232(x0)
  10236 56f1f863  bgeu gp, a5, +1392
  10237 5491f463  bgeu gp, s1, +1352
  10238 5481fa63  bgeu gp, s0, +1364
  10239 5471f663  bgeu gp, t2, +1356
  10240 0061fc63  bgeu gp, t1, +24
c3_9_s1_2039:
  10241 04800213  addi tp, x0, 72
  10242 00452223  sw tp, 4(a0)
  10243 00000073  ecall
  10244 02053823  sd x0, 48(a0)
  10245 02053c23  sd x0, 56(a0)
c3_9_s2_2040:
  10246 04900213  addi tp, x0, 73
  10247 00452223  sw tp, 4(a0)
  10248 00000073  ecall
  10249 02053823  sd x0, 48(a0)
  10250 02053c23  sd x0, 56(a0)
c3_9_s3_2041:
  10251 04a00213  addi tp, x0, 74
  10252 00452223  sw tp, 4(a0)
  10253 00000073  ecall
  10254 02053823  sd x0, 48(a0)
  10255 02053c23  sd x0, 56(a0)
c3_9_s4_2042:
  10256 04b00213  addi tp, x0, 75
  10257 00452223  sw tp, 4(a0)
  10258 00000073  ecall
  10259 02053823  sd x0, 48(a0)
  10260 02053c23  sd x0, 56(a0)
c3_9_s5_2043:
  10261 04c00213  addi tp, x0, 76
  10262 00452223  sw tp, 4(a0)
  10263 00000073  ecall
  10264 02053823  sd x0, 48(a0)
  10265 02053c23  sd x0, 56(a0)
c3_9_s6_2044:
  10266 04d00213  addi tp, x0, 77
  10267 00452223  sw tp, 4(a0)
  10268 00000073  ecall
  10269 02053823  sd x0, 48(a0)
  10270 02053c23  sd x0, 56(a0)
c3_9_s7_2045:
  10271 04e00213  addi tp, x0, 78
  10272 00452223  sw tp, 4(a0)
  10273 3f000613  addi a2, x0, 1008
  10274 00000073  ecall
  10275 02050613  addi a2, a0, 32
        ; chain lay=3 i=10
c3_9_next_2046:
c3_10_2068:
  10276 01f81193  slli gp, a6, 31
  10277 320a3083  ld ra, 800(s4)
  10278 328a3103  ld sp, 808(s4)
  10279 0e103023  sd ra, 224(x0)
  10280 0e203423  sd sp, 232(x0)
  10281 4ef1f863  bgeu gp, a5, +1264
  10282 4c91f463  bgeu gp, s1, +1224
  10283 4c81fa63  bgeu gp, s0, +1236
  10284 4c71f663  bgeu gp, t2, +1228
  10285 0061fc63  bgeu gp, t1, +24
c3_10_s1_2054:
  10286 05000213  addi tp, x0, 80
  10287 00452223  sw tp, 4(a0)
  10288 00000073  ecall
  10289 02053823  sd x0, 48(a0)
  10290 02053c23  sd x0, 56(a0)
c3_10_s2_2055:
  10291 05100213  addi tp, x0, 81
  10292 00452223  sw tp, 4(a0)
  10293 00000073  ecall
  10294 02053823  sd x0, 48(a0)
  10295 02053c23  sd x0, 56(a0)
c3_10_s3_2056:
  10296 05200213  addi tp, x0, 82
  10297 00452223  sw tp, 4(a0)
  10298 00000073  ecall
  10299 02053823  sd x0, 48(a0)
  10300 02053c23  sd x0, 56(a0)
c3_10_s4_2057:
  10301 05300213  addi tp, x0, 83
  10302 00452223  sw tp, 4(a0)
  10303 00000073  ecall
  10304 02053823  sd x0, 48(a0)
  10305 02053c23  sd x0, 56(a0)
c3_10_s5_2058:
  10306 05400213  addi tp, x0, 84
  10307 00452223  sw tp, 4(a0)
  10308 00000073  ecall
  10309 02053823  sd x0, 48(a0)
  10310 02053c23  sd x0, 56(a0)
c3_10_s6_2059:
  10311 05500213  addi tp, x0, 85
  10312 00452223  sw tp, 4(a0)
  10313 00000073  ecall
  10314 02053823  sd x0, 48(a0)
  10315 02053c23  sd x0, 56(a0)
c3_10_s7_2060:
  10316 05600213  addi tp, x0, 86
  10317 00452223  sw tp, 4(a0)
  10318 40000613  addi a2, x0, 1024
  10319 00000073  ecall
  10320 02050613  addi a2, a0, 32
        ; chain lay=3 i=11
c3_10_next_2061:
c3_11_2083:
  10321 01c81193  slli gp, a6, 28
  10322 330a3083  ld ra, 816(s4)
  10323 338a3103  ld sp, 824(s4)
  10324 0e103023  sd ra, 224(x0)
  10325 0e203423  sd sp, 232(x0)
  10326 46f1f863  bgeu gp, a5, +1136
  10327 4491f463  bgeu gp, s1, +1096
  10328 4481fa63  bgeu gp, s0, +1108
  10329 4471f663  bgeu gp, t2, +1100
  10330 0061fc63  bgeu gp, t1, +24
c3_11_s1_2069:
  10331 05800213  addi tp, x0, 88
  10332 00452223  sw tp, 4(a0)
  10333 00000073  ecall
  10334 02053823  sd x0, 48(a0)
  10335 02053c23  sd x0, 56(a0)
c3_11_s2_2070:
  10336 05900213  addi tp, x0, 89
  10337 00452223  sw tp, 4(a0)
  10338 00000073  ecall
  10339 02053823  sd x0, 48(a0)
  10340 02053c23  sd x0, 56(a0)
c3_11_s3_2071:
  10341 05a00213  addi tp, x0, 90
  10342 00452223  sw tp, 4(a0)
  10343 00000073  ecall
  10344 02053823  sd x0, 48(a0)
  10345 02053c23  sd x0, 56(a0)
c3_11_s4_2072:
  10346 05b00213  addi tp, x0, 91
  10347 00452223  sw tp, 4(a0)
  10348 00000073  ecall
  10349 02053823  sd x0, 48(a0)
  10350 02053c23  sd x0, 56(a0)
c3_11_s5_2073:
  10351 05c00213  addi tp, x0, 92
  10352 00452223  sw tp, 4(a0)
  10353 00000073  ecall
  10354 02053823  sd x0, 48(a0)
  10355 02053c23  sd x0, 56(a0)
c3_11_s6_2074:
  10356 05d00213  addi tp, x0, 93
  10357 00452223  sw tp, 4(a0)
  10358 00000073  ecall
  10359 02053823  sd x0, 48(a0)
  10360 02053c23  sd x0, 56(a0)
c3_11_s7_2075:
  10361 05e00213  addi tp, x0, 94
  10362 00452223  sw tp, 4(a0)
  10363 41000613  addi a2, x0, 1040
  10364 00000073  ecall
  10365 02050613  addi a2, a0, 32
        ; chain lay=3 i=12
c3_11_next_2076:
c3_12_2098:
  10366 01981193  slli gp, a6, 25
  10367 340a3083  ld ra, 832(s4)
  10368 348a3103  ld sp, 840(s4)
  10369 0e103023  sd ra, 224(x0)
  10370 0e203423  sd sp, 232(x0)
  10371 3ef1f863  bgeu gp, a5, +1008
  10372 3c91f463  bgeu gp, s1, +968
  10373 3c81fa63  bgeu gp, s0, +980
  10374 3c71f663  bgeu gp, t2, +972
  10375 0061fc63  bgeu gp, t1, +24
c3_12_s1_2084:
  10376 06000213  addi tp, x0, 96
  10377 00452223  sw tp, 4(a0)
  10378 00000073  ecall
  10379 02053823  sd x0, 48(a0)
  10380 02053c23  sd x0, 56(a0)
c3_12_s2_2085:
  10381 06100213  addi tp, x0, 97
  10382 00452223  sw tp, 4(a0)
  10383 00000073  ecall
  10384 02053823  sd x0, 48(a0)
  10385 02053c23  sd x0, 56(a0)
c3_12_s3_2086:
  10386 06200213  addi tp, x0, 98
  10387 00452223  sw tp, 4(a0)
  10388 00000073  ecall
  10389 02053823  sd x0, 48(a0)
  10390 02053c23  sd x0, 56(a0)
c3_12_s4_2087:
  10391 06300213  addi tp, x0, 99
  10392 00452223  sw tp, 4(a0)
  10393 00000073  ecall
  10394 02053823  sd x0, 48(a0)
  10395 02053c23  sd x0, 56(a0)
c3_12_s5_2088:
  10396 06400213  addi tp, x0, 100
  10397 00452223  sw tp, 4(a0)
  10398 00000073  ecall
  10399 02053823  sd x0, 48(a0)
  10400 02053c23  sd x0, 56(a0)
c3_12_s6_2089:
  10401 06500213  addi tp, x0, 101
  10402 00452223  sw tp, 4(a0)
  10403 00000073  ecall
  10404 02053823  sd x0, 48(a0)
  10405 02053c23  sd x0, 56(a0)
c3_12_s7_2090:
  10406 06600213  addi tp, x0, 102
  10407 00452223  sw tp, 4(a0)
  10408 42000613  addi a2, x0, 1056
  10409 00000073  ecall
  10410 02050613  addi a2, a0, 32
        ; chain lay=3 i=13
c3_12_next_2091:
c3_13_2113:
  10411 01681193  slli gp, a6, 22
  10412 350a3083  ld ra, 848(s4)
  10413 358a3103  ld sp, 856(s4)
  10414 0e103023  sd ra, 224(x0)
  10415 0e203423  sd sp, 232(x0)
  10416 36f1f863  bgeu gp, a5, +880
  10417 3491f463  bgeu gp, s1, +840
  10418 3481fa63  bgeu gp, s0, +852
  10419 3471f663  bgeu gp, t2, +844
  10420 0061fc63  bgeu gp, t1, +24
c3_13_s1_2099:
  10421 06800213  addi tp, x0, 104
  10422 00452223  sw tp, 4(a0)
  10423 00000073  ecall
  10424 02053823  sd x0, 48(a0)
  10425 02053c23  sd x0, 56(a0)
c3_13_s2_2100:
  10426 06900213  addi tp, x0, 105
  10427 00452223  sw tp, 4(a0)
  10428 00000073  ecall
  10429 02053823  sd x0, 48(a0)
  10430 02053c23  sd x0, 56(a0)
c3_13_s3_2101:
  10431 06a00213  addi tp, x0, 106
  10432 00452223  sw tp, 4(a0)
  10433 00000073  ecall
  10434 02053823  sd x0, 48(a0)
  10435 02053c23  sd x0, 56(a0)
c3_13_s4_2102:
  10436 06b00213  addi tp, x0, 107
  10437 00452223  sw tp, 4(a0)
  10438 00000073  ecall
  10439 02053823  sd x0, 48(a0)
  10440 02053c23  sd x0, 56(a0)
c3_13_s5_2103:
  10441 06c00213  addi tp, x0, 108
  10442 00452223  sw tp, 4(a0)
  10443 00000073  ecall
  10444 02053823  sd x0, 48(a0)
  10445 02053c23  sd x0, 56(a0)
c3_13_s6_2104:
  10446 06d00213  addi tp, x0, 109
  10447 00452223  sw tp, 4(a0)
  10448 00000073  ecall
  10449 02053823  sd x0, 48(a0)
  10450 02053c23  sd x0, 56(a0)
c3_13_s7_2105:
  10451 06e00213  addi tp, x0, 110
  10452 00452223  sw tp, 4(a0)
  10453 43000613  addi a2, x0, 1072
  10454 00000073  ecall
  10455 02050613  addi a2, a0, 32
c3_13_next_2106:
  10456 2e00006f  jal x0, +736
rej_l3_1903:
  10457 da9f506f  jal x0, -41560
c3_0_g4_1913:
  10458 00e1fe63  bgeu gp, a4, +28
  10459 00d1fa63  bgeu gp, a3, +20
  10460 e90ff06f  jal x0, -2416
c3_0_p2_1914:
  10461 e64ff06f  jal x0, -2460
c3_0_p3_1915:
  10462 00000013  addi x0, x0, 0
  10463 e70ff06f  jal x0, -2448
c3_0_p5_1916:
  10464 e94ff06f  jal x0, -2412
c3_0_p6_1917:
  10465 00000013  addi x0, x0, 0
  10466 ea0ff06f  jal x0, -2400
c3_0_h7_1912:
  10467 36103023  sd ra, 864(x0)
  10468 36203423  sd sp, 872(x0)
  10469 00000013  addi x0, x0, 0
  10470 ea4ff06f  jal x0, -2396
c3_1_g4_1928:
  10471 00e1fe63  bgeu gp, a4, +28
  10472 00d1fa63  bgeu gp, a3, +20
  10473 f10ff06f  jal x0, -2288
c3_1_p2_1929:
  10474 ee4ff06f  jal x0, -2332
c3_1_p3_1930:
  10475 00000013  addi x0, x0, 0
  10476 ef0ff06f  jal x0, -2320
c3_1_p5_1931:
  10477 f14ff06f  jal x0, -2284
c3_1_p6_1932:
  10478 00000013  addi x0, x0, 0
  10479 f20ff06f  jal x0, -2272
c3_1_h7_1927:
  10480 36103823  sd ra, 880(x0)
  10481 36203c23  sd sp, 888(x0)
  10482 00000013  addi x0, x0, 0
  10483 f24ff06f  jal x0, -2268
c3_2_g4_1943:
  10484 00e1fe63  bgeu gp, a4, +28
  10485 00d1fa63  bgeu gp, a3, +20
  10486 f90ff06f  jal x0, -2160
c3_2_p2_1944:
  10487 f64ff06f  jal x0, -2204
c3_2_p3_1945:
  10488 00000013  addi x0, x0, 0
  10489 f70ff06f  jal x0, -2192
c3_2_p5_1946:
  10490 f94ff06f  jal x0, -2156
c3_2_p6_1947:
  10491 00000013  addi x0, x0, 0
  10492 fa0ff06f  jal x0, -2144
c3_2_h7_1942:
  10493 38103023  sd ra, 896(x0)
  10494 38203423  sd sp, 904(x0)
  10495 00000013  addi x0, x0, 0
  10496 fa4ff06f  jal x0, -2140
c3_3_g4_1958:
  10497 00e1fe63  bgeu gp, a4, +28
  10498 00d1fa63  bgeu gp, a3, +20
  10499 811ff06f  jal x0, -2032
c3_3_p2_1959:
  10500 fe4ff06f  jal x0, -2076
c3_3_p3_1960:
  10501 00000013  addi x0, x0, 0
  10502 ff0ff06f  jal x0, -2064
c3_3_p5_1961:
  10503 815ff06f  jal x0, -2028
c3_3_p6_1962:
  10504 00000013  addi x0, x0, 0
  10505 821ff06f  jal x0, -2016
c3_3_h7_1957:
  10506 38103823  sd ra, 912(x0)
  10507 38203c23  sd sp, 920(x0)
  10508 00000013  addi x0, x0, 0
  10509 825ff06f  jal x0, -2012
c3_4_g4_1973:
  10510 00e1fe63  bgeu gp, a4, +28
  10511 00d1fa63  bgeu gp, a3, +20
  10512 891ff06f  jal x0, -1904
c3_4_p2_1974:
  10513 865ff06f  jal x0, -1948
c3_4_p3_1975:
  10514 00000013  addi x0, x0, 0
  10515 871ff06f  jal x0, -1936
c3_4_p5_1976:
  10516 895ff06f  jal x0, -1900
c3_4_p6_1977:
  10517 00000013  addi x0, x0, 0
  10518 8a1ff06f  jal x0, -1888
c3_4_h7_1972:
  10519 3a103023  sd ra, 928(x0)
  10520 3a203423  sd sp, 936(x0)
  10521 00000013  addi x0, x0, 0
  10522 8a5ff06f  jal x0, -1884
c3_5_g4_1988:
  10523 00e1fe63  bgeu gp, a4, +28
  10524 00d1fa63  bgeu gp, a3, +20
  10525 911ff06f  jal x0, -1776
c3_5_p2_1989:
  10526 8e5ff06f  jal x0, -1820
c3_5_p3_1990:
  10527 00000013  addi x0, x0, 0
  10528 8f1ff06f  jal x0, -1808
c3_5_p5_1991:
  10529 915ff06f  jal x0, -1772
c3_5_p6_1992:
  10530 00000013  addi x0, x0, 0
  10531 921ff06f  jal x0, -1760
c3_5_h7_1987:
  10532 3a103823  sd ra, 944(x0)
  10533 3a203c23  sd sp, 952(x0)
  10534 00000013  addi x0, x0, 0
  10535 925ff06f  jal x0, -1756
c3_6_g4_2003:
  10536 00e1fe63  bgeu gp, a4, +28
  10537 00d1fa63  bgeu gp, a3, +20
  10538 991ff06f  jal x0, -1648
c3_6_p2_2004:
  10539 965ff06f  jal x0, -1692
c3_6_p3_2005:
  10540 00000013  addi x0, x0, 0
  10541 971ff06f  jal x0, -1680
c3_6_p5_2006:
  10542 995ff06f  jal x0, -1644
c3_6_p6_2007:
  10543 00000013  addi x0, x0, 0
  10544 9a1ff06f  jal x0, -1632
c3_6_h7_2002:
  10545 3c103023  sd ra, 960(x0)
  10546 3c203423  sd sp, 968(x0)
  10547 00000013  addi x0, x0, 0
  10548 9a5ff06f  jal x0, -1628
c3_7_g4_2018:
  10549 00e1fe63  bgeu gp, a4, +28
  10550 00d1fa63  bgeu gp, a3, +20
  10551 a11ff06f  jal x0, -1520
c3_7_p2_2019:
  10552 9e5ff06f  jal x0, -1564
c3_7_p3_2020:
  10553 00000013  addi x0, x0, 0
  10554 9f1ff06f  jal x0, -1552
c3_7_p5_2021:
  10555 a15ff06f  jal x0, -1516
c3_7_p6_2022:
  10556 00000013  addi x0, x0, 0
  10557 a21ff06f  jal x0, -1504
c3_7_h7_2017:
  10558 3c103823  sd ra, 976(x0)
  10559 3c203c23  sd sp, 984(x0)
  10560 00000013  addi x0, x0, 0
  10561 a25ff06f  jal x0, -1500
c3_8_g4_2033:
  10562 00e1fe63  bgeu gp, a4, +28
  10563 00d1fa63  bgeu gp, a3, +20
  10564 a91ff06f  jal x0, -1392
c3_8_p2_2034:
  10565 a65ff06f  jal x0, -1436
c3_8_p3_2035:
  10566 00000013  addi x0, x0, 0
  10567 a71ff06f  jal x0, -1424
c3_8_p5_2036:
  10568 a95ff06f  jal x0, -1388
c3_8_p6_2037:
  10569 00000013  addi x0, x0, 0
  10570 aa1ff06f  jal x0, -1376
c3_8_h7_2032:
  10571 3e103023  sd ra, 992(x0)
  10572 3e203423  sd sp, 1000(x0)
  10573 00000013  addi x0, x0, 0
  10574 aa5ff06f  jal x0, -1372
c3_9_g4_2048:
  10575 00e1fe63  bgeu gp, a4, +28
  10576 00d1fa63  bgeu gp, a3, +20
  10577 b11ff06f  jal x0, -1264
c3_9_p2_2049:
  10578 ae5ff06f  jal x0, -1308
c3_9_p3_2050:
  10579 00000013  addi x0, x0, 0
  10580 af1ff06f  jal x0, -1296
c3_9_p5_2051:
  10581 b15ff06f  jal x0, -1260
c3_9_p6_2052:
  10582 00000013  addi x0, x0, 0
  10583 b21ff06f  jal x0, -1248
c3_9_h7_2047:
  10584 3e103823  sd ra, 1008(x0)
  10585 3e203c23  sd sp, 1016(x0)
  10586 00000013  addi x0, x0, 0
  10587 b25ff06f  jal x0, -1244
c3_10_g4_2063:
  10588 00e1fe63  bgeu gp, a4, +28
  10589 00d1fa63  bgeu gp, a3, +20
  10590 b91ff06f  jal x0, -1136
c3_10_p2_2064:
  10591 b65ff06f  jal x0, -1180
c3_10_p3_2065:
  10592 00000013  addi x0, x0, 0
  10593 b71ff06f  jal x0, -1168
c3_10_p5_2066:
  10594 b95ff06f  jal x0, -1132
c3_10_p6_2067:
  10595 00000013  addi x0, x0, 0
  10596 ba1ff06f  jal x0, -1120
c3_10_h7_2062:
  10597 40103023  sd ra, 1024(x0)
  10598 40203423  sd sp, 1032(x0)
  10599 00000013  addi x0, x0, 0
  10600 ba5ff06f  jal x0, -1116
c3_11_g4_2078:
  10601 00e1fe63  bgeu gp, a4, +28
  10602 00d1fa63  bgeu gp, a3, +20
  10603 c11ff06f  jal x0, -1008
c3_11_p2_2079:
  10604 be5ff06f  jal x0, -1052
c3_11_p3_2080:
  10605 00000013  addi x0, x0, 0
  10606 bf1ff06f  jal x0, -1040
c3_11_p5_2081:
  10607 c15ff06f  jal x0, -1004
c3_11_p6_2082:
  10608 00000013  addi x0, x0, 0
  10609 c21ff06f  jal x0, -992
c3_11_h7_2077:
  10610 40103823  sd ra, 1040(x0)
  10611 40203c23  sd sp, 1048(x0)
  10612 00000013  addi x0, x0, 0
  10613 c25ff06f  jal x0, -988
c3_12_g4_2093:
  10614 00e1fe63  bgeu gp, a4, +28
  10615 00d1fa63  bgeu gp, a3, +20
  10616 c91ff06f  jal x0, -880
c3_12_p2_2094:
  10617 c65ff06f  jal x0, -924
c3_12_p3_2095:
  10618 00000013  addi x0, x0, 0
  10619 c71ff06f  jal x0, -912
c3_12_p5_2096:
  10620 c95ff06f  jal x0, -876
c3_12_p6_2097:
  10621 00000013  addi x0, x0, 0
  10622 ca1ff06f  jal x0, -864
c3_12_h7_2092:
  10623 42103023  sd ra, 1056(x0)
  10624 42203423  sd sp, 1064(x0)
  10625 00000013  addi x0, x0, 0
  10626 ca5ff06f  jal x0, -860
c3_13_g4_2108:
  10627 00e1fe63  bgeu gp, a4, +28
  10628 00d1fa63  bgeu gp, a3, +20
  10629 d11ff06f  jal x0, -752
c3_13_p2_2109:
  10630 ce5ff06f  jal x0, -796
c3_13_p3_2110:
  10631 00000013  addi x0, x0, 0
  10632 cf1ff06f  jal x0, -784
c3_13_p5_2111:
  10633 d15ff06f  jal x0, -748
c3_13_p6_2112:
  10634 00000013  addi x0, x0, 0
  10635 d21ff06f  jal x0, -736
c3_13_h7_2107:
  10636 42103823  sd ra, 1072(x0)
  10637 42203c23  sd sp, 1080(x0)
  10638 00000013  addi x0, x0, 0
  10639 d25ff06f  jal x0, -732
        ; chain lay=3 i=14
l3_after0_2114:
c3_14_2129:
  10640 01381193  slli gp, a6, 19
  10641 360a3083  ld ra, 864(s4)
  10642 368a3103  ld sp, 872(s4)
  10643 0e103023  sd ra, 224(x0)
  10644 0e203423  sd sp, 232(x0)
  10645 1ef1f6e3  bgeu gp, a5, +2540
  10646 1c91f2e3  bgeu gp, s1, +2500
  10647 1c81f8e3  bgeu gp, s0, +2512
  10648 1c71f4e3  bgeu gp, t2, +2504
  10649 0061fc63  bgeu gp, t1, +24
c3_14_s1_2115:
  10650 07000213  addi tp, x0, 112
  10651 00452223  sw tp, 4(a0)
  10652 00000073  ecall
  10653 02053823  sd x0, 48(a0)
  10654 02053c23  sd x0, 56(a0)
c3_14_s2_2116:
  10655 07100213  addi tp, x0, 113
  10656 00452223  sw tp, 4(a0)
  10657 00000073  ecall
  10658 02053823  sd x0, 48(a0)
  10659 02053c23  sd x0, 56(a0)
c3_14_s3_2117:
  10660 07200213  addi tp, x0, 114
  10661 00452223  sw tp, 4(a0)
  10662 00000073  ecall
  10663 02053823  sd x0, 48(a0)
  10664 02053c23  sd x0, 56(a0)
c3_14_s4_2118:
  10665 07300213  addi tp, x0, 115
  10666 00452223  sw tp, 4(a0)
  10667 00000073  ecall
  10668 02053823  sd x0, 48(a0)
  10669 02053c23  sd x0, 56(a0)
c3_14_s5_2119:
  10670 07400213  addi tp, x0, 116
  10671 00452223  sw tp, 4(a0)
  10672 00000073  ecall
  10673 02053823  sd x0, 48(a0)
  10674 02053c23  sd x0, 56(a0)
c3_14_s6_2120:
  10675 07500213  addi tp, x0, 117
  10676 00452223  sw tp, 4(a0)
  10677 00000073  ecall
  10678 02053823  sd x0, 48(a0)
  10679 02053c23  sd x0, 56(a0)
c3_14_s7_2121:
  10680 07600213  addi tp, x0, 118
  10681 00452223  sw tp, 4(a0)
  10682 44000613  addi a2, x0, 1088
  10683 00000073  ecall
  10684 02050613  addi a2, a0, 32
        ; chain lay=3 i=15
c3_14_next_2122:
c3_15_2144:
  10685 01081193  slli gp, a6, 16
  10686 370a3083  ld ra, 880(s4)
  10687 378a3103  ld sp, 888(s4)
  10688 0e103023  sd ra, 224(x0)
  10689 0e203423  sd sp, 232(x0)
  10690 16f1f6e3  bgeu gp, a5, +2412
  10691 1491f2e3  bgeu gp, s1, +2372
  10692 1481f8e3  bgeu gp, s0, +2384
  10693 1471f4e3  bgeu gp, t2, +2376
  10694 0061fc63  bgeu gp, t1, +24
c3_15_s1_2130:
  10695 07800213  addi tp, x0, 120
  10696 00452223  sw tp, 4(a0)
  10697 00000073  ecall
  10698 02053823  sd x0, 48(a0)
  10699 02053c23  sd x0, 56(a0)
c3_15_s2_2131:
  10700 07900213  addi tp, x0, 121
  10701 00452223  sw tp, 4(a0)
  10702 00000073  ecall
  10703 02053823  sd x0, 48(a0)
  10704 02053c23  sd x0, 56(a0)
c3_15_s3_2132:
  10705 07a00213  addi tp, x0, 122
  10706 00452223  sw tp, 4(a0)
  10707 00000073  ecall
  10708 02053823  sd x0, 48(a0)
  10709 02053c23  sd x0, 56(a0)
c3_15_s4_2133:
  10710 07b00213  addi tp, x0, 123
  10711 00452223  sw tp, 4(a0)
  10712 00000073  ecall
  10713 02053823  sd x0, 48(a0)
  10714 02053c23  sd x0, 56(a0)
c3_15_s5_2134:
  10715 07c00213  addi tp, x0, 124
  10716 00452223  sw tp, 4(a0)
  10717 00000073  ecall
  10718 02053823  sd x0, 48(a0)
  10719 02053c23  sd x0, 56(a0)
c3_15_s6_2135:
  10720 07d00213  addi tp, x0, 125
  10721 00452223  sw tp, 4(a0)
  10722 00000073  ecall
  10723 02053823  sd x0, 48(a0)
  10724 02053c23  sd x0, 56(a0)
c3_15_s7_2136:
  10725 07e00213  addi tp, x0, 126
  10726 00452223  sw tp, 4(a0)
  10727 45000613  addi a2, x0, 1104
  10728 00000073  ecall
  10729 02050613  addi a2, a0, 32
        ; chain lay=3 i=16
c3_15_next_2137:
c3_16_2159:
  10730 00d81193  slli gp, a6, 13
  10731 380a3083  ld ra, 896(s4)
  10732 388a3103  ld sp, 904(s4)
  10733 0e103023  sd ra, 224(x0)
  10734 0e203423  sd sp, 232(x0)
  10735 0ef1f6e3  bgeu gp, a5, +2284
  10736 0c91f2e3  bgeu gp, s1, +2244
  10737 0c81f8e3  bgeu gp, s0, +2256
  10738 0c71f4e3  bgeu gp, t2, +2248
  10739 0061fc63  bgeu gp, t1, +24
c3_16_s1_2145:
  10740 08000213  addi tp, x0, 128
  10741 00452223  sw tp, 4(a0)
  10742 00000073  ecall
  10743 02053823  sd x0, 48(a0)
  10744 02053c23  sd x0, 56(a0)
c3_16_s2_2146:
  10745 08100213  addi tp, x0, 129
  10746 00452223  sw tp, 4(a0)
  10747 00000073  ecall
  10748 02053823  sd x0, 48(a0)
  10749 02053c23  sd x0, 56(a0)
c3_16_s3_2147:
  10750 08200213  addi tp, x0, 130
  10751 00452223  sw tp, 4(a0)
  10752 00000073  ecall
  10753 02053823  sd x0, 48(a0)
  10754 02053c23  sd x0, 56(a0)
c3_16_s4_2148:
  10755 08300213  addi tp, x0, 131
  10756 00452223  sw tp, 4(a0)
  10757 00000073  ecall
  10758 02053823  sd x0, 48(a0)
  10759 02053c23  sd x0, 56(a0)
c3_16_s5_2149:
  10760 08400213  addi tp, x0, 132
  10761 00452223  sw tp, 4(a0)
  10762 00000073  ecall
  10763 02053823  sd x0, 48(a0)
  10764 02053c23  sd x0, 56(a0)
c3_16_s6_2150:
  10765 08500213  addi tp, x0, 133
  10766 00452223  sw tp, 4(a0)
  10767 00000073  ecall
  10768 02053823  sd x0, 48(a0)
  10769 02053c23  sd x0, 56(a0)
c3_16_s7_2151:
  10770 08600213  addi tp, x0, 134
  10771 00452223  sw tp, 4(a0)
  10772 46000613  addi a2, x0, 1120
  10773 00000073  ecall
  10774 02050613  addi a2, a0, 32
        ; chain lay=3 i=17
c3_16_next_2152:
c3_17_2174:
  10775 00a81193  slli gp, a6, 10
  10776 390a3083  ld ra, 912(s4)
  10777 398a3103  ld sp, 920(s4)
  10778 0e103023  sd ra, 224(x0)
  10779 0e203423  sd sp, 232(x0)
  10780 06f1f6e3  bgeu gp, a5, +2156
  10781 0491f2e3  bgeu gp, s1, +2116
  10782 0481f8e3  bgeu gp, s0, +2128
  10783 0471f4e3  bgeu gp, t2, +2120
  10784 0061fc63  bgeu gp, t1, +24
c3_17_s1_2160:
  10785 08800213  addi tp, x0, 136
  10786 00452223  sw tp, 4(a0)
  10787 00000073  ecall
  10788 02053823  sd x0, 48(a0)
  10789 02053c23  sd x0, 56(a0)
c3_17_s2_2161:
  10790 08900213  addi tp, x0, 137
  10791 00452223  sw tp, 4(a0)
  10792 00000073  ecall
  10793 02053823  sd x0, 48(a0)
  10794 02053c23  sd x0, 56(a0)
c3_17_s3_2162:
  10795 08a00213  addi tp, x0, 138
  10796 00452223  sw tp, 4(a0)
  10797 00000073  ecall
  10798 02053823  sd x0, 48(a0)
  10799 02053c23  sd x0, 56(a0)
c3_17_s4_2163:
  10800 08b00213  addi tp, x0, 139
  10801 00452223  sw tp, 4(a0)
  10802 00000073  ecall
  10803 02053823  sd x0, 48(a0)
  10804 02053c23  sd x0, 56(a0)
c3_17_s5_2164:
  10805 08c00213  addi tp, x0, 140
  10806 00452223  sw tp, 4(a0)
  10807 00000073  ecall
  10808 02053823  sd x0, 48(a0)
  10809 02053c23  sd x0, 56(a0)
c3_17_s6_2165:
  10810 08d00213  addi tp, x0, 141
  10811 00452223  sw tp, 4(a0)
  10812 00000073  ecall
  10813 02053823  sd x0, 48(a0)
  10814 02053c23  sd x0, 56(a0)
c3_17_s7_2166:
  10815 08e00213  addi tp, x0, 142
  10816 00452223  sw tp, 4(a0)
  10817 47000613  addi a2, x0, 1136
  10818 00000073  ecall
  10819 02050613  addi a2, a0, 32
        ; chain lay=3 i=18
c3_17_next_2167:
c3_18_2189:
  10820 00781193  slli gp, a6, 7
  10821 3a0a3083  ld ra, 928(s4)
  10822 3a8a3103  ld sp, 936(s4)
  10823 0e103023  sd ra, 224(x0)
  10824 0e203423  sd sp, 232(x0)
  10825 7ef1f663  bgeu gp, a5, +2028
  10826 7c91f263  bgeu gp, s1, +1988
  10827 7c81f863  bgeu gp, s0, +2000
  10828 7c71f463  bgeu gp, t2, +1992
  10829 0061fc63  bgeu gp, t1, +24
c3_18_s1_2175:
  10830 09000213  addi tp, x0, 144
  10831 00452223  sw tp, 4(a0)
  10832 00000073  ecall
  10833 02053823  sd x0, 48(a0)
  10834 02053c23  sd x0, 56(a0)
c3_18_s2_2176:
  10835 09100213  addi tp, x0, 145
  10836 00452223  sw tp, 4(a0)
  10837 00000073  ecall
  10838 02053823  sd x0, 48(a0)
  10839 02053c23  sd x0, 56(a0)
c3_18_s3_2177:
  10840 09200213  addi tp, x0, 146
  10841 00452223  sw tp, 4(a0)
  10842 00000073  ecall
  10843 02053823  sd x0, 48(a0)
  10844 02053c23  sd x0, 56(a0)
c3_18_s4_2178:
  10845 09300213  addi tp, x0, 147
  10846 00452223  sw tp, 4(a0)
  10847 00000073  ecall
  10848 02053823  sd x0, 48(a0)
  10849 02053c23  sd x0, 56(a0)
c3_18_s5_2179:
  10850 09400213  addi tp, x0, 148
  10851 00452223  sw tp, 4(a0)
  10852 00000073  ecall
  10853 02053823  sd x0, 48(a0)
  10854 02053c23  sd x0, 56(a0)
c3_18_s6_2180:
  10855 09500213  addi tp, x0, 149
  10856 00452223  sw tp, 4(a0)
  10857 00000073  ecall
  10858 02053823  sd x0, 48(a0)
  10859 02053c23  sd x0, 56(a0)
c3_18_s7_2181:
  10860 09600213  addi tp, x0, 150
  10861 00452223  sw tp, 4(a0)
  10862 48000613  addi a2, x0, 1152
  10863 00000073  ecall
  10864 02050613  addi a2, a0, 32
        ; chain lay=3 i=19
c3_18_next_2182:
c3_19_2204:
  10865 00481193  slli gp, a6, 4
  10866 3b0a3083  ld ra, 944(s4)
  10867 3b8a3103  ld sp, 952(s4)
  10868 0e103023  sd ra, 224(x0)
  10869 0e203423  sd sp, 232(x0)
  10870 76f1f663  bgeu gp, a5, +1900
  10871 7491f263  bgeu gp, s1, +1860
  10872 7481f863  bgeu gp, s0, +1872
  10873 7471f463  bgeu gp, t2, +1864
  10874 0061fc63  bgeu gp, t1, +24
c3_19_s1_2190:
  10875 09800213  addi tp, x0, 152
  10876 00452223  sw tp, 4(a0)
  10877 00000073  ecall
  10878 02053823  sd x0, 48(a0)
  10879 02053c23  sd x0, 56(a0)
c3_19_s2_2191:
  10880 09900213  addi tp, x0, 153
  10881 00452223  sw tp, 4(a0)
  10882 00000073  ecall
  10883 02053823  sd x0, 48(a0)
  10884 02053c23  sd x0, 56(a0)
c3_19_s3_2192:
  10885 09a00213  addi tp, x0, 154
  10886 00452223  sw tp, 4(a0)
  10887 00000073  ecall
  10888 02053823  sd x0, 48(a0)
  10889 02053c23  sd x0, 56(a0)
c3_19_s4_2193:
  10890 09b00213  addi tp, x0, 155
  10891 00452223  sw tp, 4(a0)
  10892 00000073  ecall
  10893 02053823  sd x0, 48(a0)
  10894 02053c23  sd x0, 56(a0)
c3_19_s5_2194:
  10895 09c00213  addi tp, x0, 156
  10896 00452223  sw tp, 4(a0)
  10897 00000073  ecall
  10898 02053823  sd x0, 48(a0)
  10899 02053c23  sd x0, 56(a0)
c3_19_s6_2195:
  10900 09d00213  addi tp, x0, 157
  10901 00452223  sw tp, 4(a0)
  10902 00000073  ecall
  10903 02053823  sd x0, 48(a0)
  10904 02053c23  sd x0, 56(a0)
c3_19_s7_2196:
  10905 09e00213  addi tp, x0, 158
  10906 00452223  sw tp, 4(a0)
  10907 49000613  addi a2, x0, 1168
  10908 00000073  ecall
  10909 02050613  addi a2, a0, 32
        ; chain lay=3 i=20
c3_19_next_2197:
c3_20_2219:
  10910 00181193  slli gp, a6, 1
  10911 3c0a3083  ld ra, 960(s4)
  10912 3c8a3103  ld sp, 968(s4)
  10913 0e103023  sd ra, 224(x0)
  10914 0e203423  sd sp, 232(x0)
  10915 6ef1f663  bgeu gp, a5, +1772
  10916 6c91f263  bgeu gp, s1, +1732
  10917 6c81f863  bgeu gp, s0, +1744
  10918 6c71f463  bgeu gp, t2, +1736
  10919 0061fc63  bgeu gp, t1, +24
c3_20_s1_2205:
  10920 0a000213  addi tp, x0, 160
  10921 00452223  sw tp, 4(a0)
  10922 00000073  ecall
  10923 02053823  sd x0, 48(a0)
  10924 02053c23  sd x0, 56(a0)
c3_20_s2_2206:
  10925 0a100213  addi tp, x0, 161
  10926 00452223  sw tp, 4(a0)
  10927 00000073  ecall
  10928 02053823  sd x0, 48(a0)
  10929 02053c23  sd x0, 56(a0)
c3_20_s3_2207:
  10930 0a200213  addi tp, x0, 162
  10931 00452223  sw tp, 4(a0)
  10932 00000073  ecall
  10933 02053823  sd x0, 48(a0)
  10934 02053c23  sd x0, 56(a0)
c3_20_s4_2208:
  10935 0a300213  addi tp, x0, 163
  10936 00452223  sw tp, 4(a0)
  10937 00000073  ecall
  10938 02053823  sd x0, 48(a0)
  10939 02053c23  sd x0, 56(a0)
c3_20_s5_2209:
  10940 0a400213  addi tp, x0, 164
  10941 00452223  sw tp, 4(a0)
  10942 00000073  ecall
  10943 02053823  sd x0, 48(a0)
  10944 02053c23  sd x0, 56(a0)
c3_20_s6_2210:
  10945 0a500213  addi tp, x0, 165
  10946 00452223  sw tp, 4(a0)
  10947 00000073  ecall
  10948 02053823  sd x0, 48(a0)
  10949 02053c23  sd x0, 56(a0)
c3_20_s7_2211:
  10950 0a600213  addi tp, x0, 166
  10951 00452223  sw tp, 4(a0)
  10952 4a000613  addi a2, x0, 1184
  10953 00000073  ecall
  10954 02050613  addi a2, a0, 32
        ; chain lay=3 i=21
c3_20_next_2212:
c3_21_2234:
  10955 03d89193  slli gp, a7, 61
  10956 3d0a3083  ld ra, 976(s4)
  10957 3d8a3103  ld sp, 984(s4)
  10958 0e103023  sd ra, 224(x0)
  10959 0e203423  sd sp, 232(x0)
  10960 66f1f663  bgeu gp, a5, +1644
  10961 6491f263  bgeu gp, s1, +1604
  10962 6481f863  bgeu gp, s0, +1616
  10963 6471f463  bgeu gp, t2, +1608
  10964 0061fc63  bgeu gp, t1, +24
c3_21_s1_2220:
  10965 0a800213  addi tp, x0, 168
  10966 00452223  sw tp, 4(a0)
  10967 00000073  ecall
  10968 02053823  sd x0, 48(a0)
  10969 02053c23  sd x0, 56(a0)
c3_21_s2_2221:
  10970 0a900213  addi tp, x0, 169
  10971 00452223  sw tp, 4(a0)
  10972 00000073  ecall
  10973 02053823  sd x0, 48(a0)
  10974 02053c23  sd x0, 56(a0)
c3_21_s3_2222:
  10975 0aa00213  addi tp, x0, 170
  10976 00452223  sw tp, 4(a0)
  10977 00000073  ecall
  10978 02053823  sd x0, 48(a0)
  10979 02053c23  sd x0, 56(a0)
c3_21_s4_2223:
  10980 0ab00213  addi tp, x0, 171
  10981 00452223  sw tp, 4(a0)
  10982 00000073  ecall
  10983 02053823  sd x0, 48(a0)
  10984 02053c23  sd x0, 56(a0)
c3_21_s5_2224:
  10985 0ac00213  addi tp, x0, 172
  10986 00452223  sw tp, 4(a0)
  10987 00000073  ecall
  10988 02053823  sd x0, 48(a0)
  10989 02053c23  sd x0, 56(a0)
c3_21_s6_2225:
  10990 0ad00213  addi tp, x0, 173
  10991 00452223  sw tp, 4(a0)
  10992 00000073  ecall
  10993 02053823  sd x0, 48(a0)
  10994 02053c23  sd x0, 56(a0)
c3_21_s7_2226:
  10995 0ae00213  addi tp, x0, 174
  10996 00452223  sw tp, 4(a0)
  10997 4b000613  addi a2, x0, 1200
  10998 00000073  ecall
  10999 02050613  addi a2, a0, 32
        ; chain lay=3 i=22
c3_21_next_2227:
c3_22_2249:
  11000 03a89193  slli gp, a7, 58
  11001 3e0a3083  ld ra, 992(s4)
  11002 3e8a3103  ld sp, 1000(s4)
  11003 0e103023  sd ra, 224(x0)
  11004 0e203423  sd sp, 232(x0)
  11005 5ef1f663  bgeu gp, a5, +1516
  11006 5c91f263  bgeu gp, s1, +1476
  11007 5c81f863  bgeu gp, s0, +1488
  11008 5c71f463  bgeu gp, t2, +1480
  11009 0061fc63  bgeu gp, t1, +24
c3_22_s1_2235:
  11010 0b000213  addi tp, x0, 176
  11011 00452223  sw tp, 4(a0)
  11012 00000073  ecall
  11013 02053823  sd x0, 48(a0)
  11014 02053c23  sd x0, 56(a0)
c3_22_s2_2236:
  11015 0b100213  addi tp, x0, 177
  11016 00452223  sw tp, 4(a0)
  11017 00000073  ecall
  11018 02053823  sd x0, 48(a0)
  11019 02053c23  sd x0, 56(a0)
c3_22_s3_2237:
  11020 0b200213  addi tp, x0, 178
  11021 00452223  sw tp, 4(a0)
  11022 00000073  ecall
  11023 02053823  sd x0, 48(a0)
  11024 02053c23  sd x0, 56(a0)
c3_22_s4_2238:
  11025 0b300213  addi tp, x0, 179
  11026 00452223  sw tp, 4(a0)
  11027 00000073  ecall
  11028 02053823  sd x0, 48(a0)
  11029 02053c23  sd x0, 56(a0)
c3_22_s5_2239:
  11030 0b400213  addi tp, x0, 180
  11031 00452223  sw tp, 4(a0)
  11032 00000073  ecall
  11033 02053823  sd x0, 48(a0)
  11034 02053c23  sd x0, 56(a0)
c3_22_s6_2240:
  11035 0b500213  addi tp, x0, 181
  11036 00452223  sw tp, 4(a0)
  11037 00000073  ecall
  11038 02053823  sd x0, 48(a0)
  11039 02053c23  sd x0, 56(a0)
c3_22_s7_2241:
  11040 0b600213  addi tp, x0, 182
  11041 00452223  sw tp, 4(a0)
  11042 4c000613  addi a2, x0, 1216
  11043 00000073  ecall
  11044 02050613  addi a2, a0, 32
        ; chain lay=3 i=23
c3_22_next_2242:
c3_23_2264:
  11045 03789193  slli gp, a7, 55
  11046 3f0a3083  ld ra, 1008(s4)
  11047 3f8a3103  ld sp, 1016(s4)
  11048 0e103023  sd ra, 224(x0)
  11049 0e203423  sd sp, 232(x0)
  11050 56f1f663  bgeu gp, a5, +1388
  11051 5491f263  bgeu gp, s1, +1348
  11052 5481f863  bgeu gp, s0, +1360
  11053 5471f463  bgeu gp, t2, +1352
  11054 0061fc63  bgeu gp, t1, +24
c3_23_s1_2250:
  11055 0b800213  addi tp, x0, 184
  11056 00452223  sw tp, 4(a0)
  11057 00000073  ecall
  11058 02053823  sd x0, 48(a0)
  11059 02053c23  sd x0, 56(a0)
c3_23_s2_2251:
  11060 0b900213  addi tp, x0, 185
  11061 00452223  sw tp, 4(a0)
  11062 00000073  ecall
  11063 02053823  sd x0, 48(a0)
  11064 02053c23  sd x0, 56(a0)
c3_23_s3_2252:
  11065 0ba00213  addi tp, x0, 186
  11066 00452223  sw tp, 4(a0)
  11067 00000073  ecall
  11068 02053823  sd x0, 48(a0)
  11069 02053c23  sd x0, 56(a0)
c3_23_s4_2253:
  11070 0bb00213  addi tp, x0, 187
  11071 00452223  sw tp, 4(a0)
  11072 00000073  ecall
  11073 02053823  sd x0, 48(a0)
  11074 02053c23  sd x0, 56(a0)
c3_23_s5_2254:
  11075 0bc00213  addi tp, x0, 188
  11076 00452223  sw tp, 4(a0)
  11077 00000073  ecall
  11078 02053823  sd x0, 48(a0)
  11079 02053c23  sd x0, 56(a0)
c3_23_s6_2255:
  11080 0bd00213  addi tp, x0, 189
  11081 00452223  sw tp, 4(a0)
  11082 00000073  ecall
  11083 02053823  sd x0, 48(a0)
  11084 02053c23  sd x0, 56(a0)
c3_23_s7_2256:
  11085 0be00213  addi tp, x0, 190
  11086 00452223  sw tp, 4(a0)
  11087 4d000613  addi a2, x0, 1232
  11088 00000073  ecall
  11089 02050613  addi a2, a0, 32
        ; chain lay=3 i=24
c3_23_next_2257:
c3_24_2279:
  11090 03489193  slli gp, a7, 52
  11091 400a3083  ld ra, 1024(s4)
  11092 408a3103  ld sp, 1032(s4)
  11093 0e103023  sd ra, 224(x0)
  11094 0e203423  sd sp, 232(x0)
  11095 4ef1f663  bgeu gp, a5, +1260
  11096 4c91f263  bgeu gp, s1, +1220
  11097 4c81f863  bgeu gp, s0, +1232
  11098 4c71f463  bgeu gp, t2, +1224
  11099 0061fc63  bgeu gp, t1, +24
c3_24_s1_2265:
  11100 0c000213  addi tp, x0, 192
  11101 00452223  sw tp, 4(a0)
  11102 00000073  ecall
  11103 02053823  sd x0, 48(a0)
  11104 02053c23  sd x0, 56(a0)
c3_24_s2_2266:
  11105 0c100213  addi tp, x0, 193
  11106 00452223  sw tp, 4(a0)
  11107 00000073  ecall
  11108 02053823  sd x0, 48(a0)
  11109 02053c23  sd x0, 56(a0)
c3_24_s3_2267:
  11110 0c200213  addi tp, x0, 194
  11111 00452223  sw tp, 4(a0)
  11112 00000073  ecall
  11113 02053823  sd x0, 48(a0)
  11114 02053c23  sd x0, 56(a0)
c3_24_s4_2268:
  11115 0c300213  addi tp, x0, 195
  11116 00452223  sw tp, 4(a0)
  11117 00000073  ecall
  11118 02053823  sd x0, 48(a0)
  11119 02053c23  sd x0, 56(a0)
c3_24_s5_2269:
  11120 0c400213  addi tp, x0, 196
  11121 00452223  sw tp, 4(a0)
  11122 00000073  ecall
  11123 02053823  sd x0, 48(a0)
  11124 02053c23  sd x0, 56(a0)
c3_24_s6_2270:
  11125 0c500213  addi tp, x0, 197
  11126 00452223  sw tp, 4(a0)
  11127 00000073  ecall
  11128 02053823  sd x0, 48(a0)
  11129 02053c23  sd x0, 56(a0)
c3_24_s7_2271:
  11130 0c600213  addi tp, x0, 198
  11131 00452223  sw tp, 4(a0)
  11132 4e000613  addi a2, x0, 1248
  11133 00000073  ecall
  11134 02050613  addi a2, a0, 32
        ; chain lay=3 i=25
c3_24_next_2272:
c3_25_2294:
  11135 03189193  slli gp, a7, 49
  11136 410a3083  ld ra, 1040(s4)
  11137 418a3103  ld sp, 1048(s4)
  11138 0e103023  sd ra, 224(x0)
  11139 0e203423  sd sp, 232(x0)
  11140 46f1f663  bgeu gp, a5, +1132
  11141 4491f263  bgeu gp, s1, +1092
  11142 4481f863  bgeu gp, s0, +1104
  11143 4471f463  bgeu gp, t2, +1096
  11144 0061fc63  bgeu gp, t1, +24
c3_25_s1_2280:
  11145 0c800213  addi tp, x0, 200
  11146 00452223  sw tp, 4(a0)
  11147 00000073  ecall
  11148 02053823  sd x0, 48(a0)
  11149 02053c23  sd x0, 56(a0)
c3_25_s2_2281:
  11150 0c900213  addi tp, x0, 201
  11151 00452223  sw tp, 4(a0)
  11152 00000073  ecall
  11153 02053823  sd x0, 48(a0)
  11154 02053c23  sd x0, 56(a0)
c3_25_s3_2282:
  11155 0ca00213  addi tp, x0, 202
  11156 00452223  sw tp, 4(a0)
  11157 00000073  ecall
  11158 02053823  sd x0, 48(a0)
  11159 02053c23  sd x0, 56(a0)
c3_25_s4_2283:
  11160 0cb00213  addi tp, x0, 203
  11161 00452223  sw tp, 4(a0)
  11162 00000073  ecall
  11163 02053823  sd x0, 48(a0)
  11164 02053c23  sd x0, 56(a0)
c3_25_s5_2284:
  11165 0cc00213  addi tp, x0, 204
  11166 00452223  sw tp, 4(a0)
  11167 00000073  ecall
  11168 02053823  sd x0, 48(a0)
  11169 02053c23  sd x0, 56(a0)
c3_25_s6_2285:
  11170 0cd00213  addi tp, x0, 205
  11171 00452223  sw tp, 4(a0)
  11172 00000073  ecall
  11173 02053823  sd x0, 48(a0)
  11174 02053c23  sd x0, 56(a0)
c3_25_s7_2286:
  11175 0ce00213  addi tp, x0, 206
  11176 00452223  sw tp, 4(a0)
  11177 4f000613  addi a2, x0, 1264
  11178 00000073  ecall
  11179 02050613  addi a2, a0, 32
        ; chain lay=3 i=26
c3_25_next_2287:
c3_26_2309:
  11180 02e89193  slli gp, a7, 46
  11181 420a3083  ld ra, 1056(s4)
  11182 428a3103  ld sp, 1064(s4)
  11183 0e103023  sd ra, 224(x0)
  11184 0e203423  sd sp, 232(x0)
  11185 3ef1f663  bgeu gp, a5, +1004
  11186 3c91f263  bgeu gp, s1, +964
  11187 3c81f863  bgeu gp, s0, +976
  11188 3c71f463  bgeu gp, t2, +968
  11189 0061fc63  bgeu gp, t1, +24
c3_26_s1_2295:
  11190 0d000213  addi tp, x0, 208
  11191 00452223  sw tp, 4(a0)
  11192 00000073  ecall
  11193 02053823  sd x0, 48(a0)
  11194 02053c23  sd x0, 56(a0)
c3_26_s2_2296:
  11195 0d100213  addi tp, x0, 209
  11196 00452223  sw tp, 4(a0)
  11197 00000073  ecall
  11198 02053823  sd x0, 48(a0)
  11199 02053c23  sd x0, 56(a0)
c3_26_s3_2297:
  11200 0d200213  addi tp, x0, 210
  11201 00452223  sw tp, 4(a0)
  11202 00000073  ecall
  11203 02053823  sd x0, 48(a0)
  11204 02053c23  sd x0, 56(a0)
c3_26_s4_2298:
  11205 0d300213  addi tp, x0, 211
  11206 00452223  sw tp, 4(a0)
  11207 00000073  ecall
  11208 02053823  sd x0, 48(a0)
  11209 02053c23  sd x0, 56(a0)
c3_26_s5_2299:
  11210 0d400213  addi tp, x0, 212
  11211 00452223  sw tp, 4(a0)
  11212 00000073  ecall
  11213 02053823  sd x0, 48(a0)
  11214 02053c23  sd x0, 56(a0)
c3_26_s6_2300:
  11215 0d500213  addi tp, x0, 213
  11216 00452223  sw tp, 4(a0)
  11217 00000073  ecall
  11218 02053823  sd x0, 48(a0)
  11219 02053c23  sd x0, 56(a0)
c3_26_s7_2301:
  11220 0d600213  addi tp, x0, 214
  11221 00452223  sw tp, 4(a0)
  11222 50000613  addi a2, x0, 1280
  11223 00000073  ecall
  11224 02050613  addi a2, a0, 32
        ; chain lay=3 i=27
c3_26_next_2302:
c3_27_2324:
  11225 02b89193  slli gp, a7, 43
  11226 430a3083  ld ra, 1072(s4)
  11227 438a3103  ld sp, 1080(s4)
  11228 0e103023  sd ra, 224(x0)
  11229 0e203423  sd sp, 232(x0)
  11230 36f1f663  bgeu gp, a5, +876
  11231 3491f263  bgeu gp, s1, +836
  11232 3481f863  bgeu gp, s0, +848
  11233 3471f463  bgeu gp, t2, +840
  11234 0061fc63  bgeu gp, t1, +24
c3_27_s1_2310:
  11235 0d800213  addi tp, x0, 216
  11236 00452223  sw tp, 4(a0)
  11237 00000073  ecall
  11238 02053823  sd x0, 48(a0)
  11239 02053c23  sd x0, 56(a0)
c3_27_s2_2311:
  11240 0d900213  addi tp, x0, 217
  11241 00452223  sw tp, 4(a0)
  11242 00000073  ecall
  11243 02053823  sd x0, 48(a0)
  11244 02053c23  sd x0, 56(a0)
c3_27_s3_2312:
  11245 0da00213  addi tp, x0, 218
  11246 00452223  sw tp, 4(a0)
  11247 00000073  ecall
  11248 02053823  sd x0, 48(a0)
  11249 02053c23  sd x0, 56(a0)
c3_27_s4_2313:
  11250 0db00213  addi tp, x0, 219
  11251 00452223  sw tp, 4(a0)
  11252 00000073  ecall
  11253 02053823  sd x0, 48(a0)
  11254 02053c23  sd x0, 56(a0)
c3_27_s5_2314:
  11255 0dc00213  addi tp, x0, 220
  11256 00452223  sw tp, 4(a0)
  11257 00000073  ecall
  11258 02053823  sd x0, 48(a0)
  11259 02053c23  sd x0, 56(a0)
c3_27_s6_2315:
  11260 0dd00213  addi tp, x0, 221
  11261 00452223  sw tp, 4(a0)
  11262 00000073  ecall
  11263 02053823  sd x0, 48(a0)
  11264 02053c23  sd x0, 56(a0)
c3_27_s7_2316:
  11265 0de00213  addi tp, x0, 222
  11266 00452223  sw tp, 4(a0)
  11267 51000613  addi a2, x0, 1296
  11268 00000073  ecall
  11269 02050613  addi a2, a0, 32
c3_27_next_2317:
  11270 2dc0006f  jal x0, +732
c3_14_g4_2124:
  11271 00e1fe63  bgeu gp, a4, +28
  11272 00d1fa63  bgeu gp, a3, +20
  11273 e94ff06f  jal x0, -2412
c3_14_p2_2125:
  11274 e68ff06f  jal x0, -2456
c3_14_p3_2126:
  11275 00000013  addi x0, x0, 0
  11276 e74ff06f  jal x0, -2444
c3_14_p5_2127:
  11277 e98ff06f  jal x0, -2408
c3_14_p6_2128:
  11278 00000013  addi x0, x0, 0
  11279 ea4ff06f  jal x0, -2396
c3_14_h7_2123:
  11280 44103023  sd ra, 1088(x0)
  11281 44203423  sd sp, 1096(x0)
  11282 00000013  addi x0, x0, 0
  11283 ea8ff06f  jal x0, -2392
c3_15_g4_2139:
  11284 00e1fe63  bgeu gp, a4, +28
  11285 00d1fa63  bgeu gp, a3, +20
  11286 f14ff06f  jal x0, -2284
c3_15_p2_2140:
  11287 ee8ff06f  jal x0, -2328
c3_15_p3_2141:
  11288 00000013  addi x0, x0, 0
  11289 ef4ff06f  jal x0, -2316
c3_15_p5_2142:
  11290 f18ff06f  jal x0, -2280
c3_15_p6_2143:
  11291 00000013  addi x0, x0, 0
  11292 f24ff06f  jal x0, -2268
c3_15_h7_2138:
  11293 44103823  sd ra, 1104(x0)
  11294 44203c23  sd sp, 1112(x0)
  11295 00000013  addi x0, x0, 0
  11296 f28ff06f  jal x0, -2264
c3_16_g4_2154:
  11297 00e1fe63  bgeu gp, a4, +28
  11298 00d1fa63  bgeu gp, a3, +20
  11299 f94ff06f  jal x0, -2156
c3_16_p2_2155:
  11300 f68ff06f  jal x0, -2200
c3_16_p3_2156:
  11301 00000013  addi x0, x0, 0
  11302 f74ff06f  jal x0, -2188
c3_16_p5_2157:
  11303 f98ff06f  jal x0, -2152
c3_16_p6_2158:
  11304 00000013  addi x0, x0, 0
  11305 fa4ff06f  jal x0, -2140
c3_16_h7_2153:
  11306 46103023  sd ra, 1120(x0)
  11307 46203423  sd sp, 1128(x0)
  11308 00000013  addi x0, x0, 0
  11309 fa8ff06f  jal x0, -2136
c3_17_g4_2169:
  11310 00e1fe63  bgeu gp, a4, +28
  11311 00d1fa63  bgeu gp, a3, +20
  11312 815ff06f  jal x0, -2028
c3_17_p2_2170:
  11313 fe8ff06f  jal x0, -2072
c3_17_p3_2171:
  11314 00000013  addi x0, x0, 0
  11315 ff4ff06f  jal x0, -2060
c3_17_p5_2172:
  11316 819ff06f  jal x0, -2024
c3_17_p6_2173:
  11317 00000013  addi x0, x0, 0
  11318 825ff06f  jal x0, -2012
c3_17_h7_2168:
  11319 46103823  sd ra, 1136(x0)
  11320 46203c23  sd sp, 1144(x0)
  11321 00000013  addi x0, x0, 0
  11322 829ff06f  jal x0, -2008
c3_18_g4_2184:
  11323 00e1fe63  bgeu gp, a4, +28
  11324 00d1fa63  bgeu gp, a3, +20
  11325 895ff06f  jal x0, -1900
c3_18_p2_2185:
  11326 869ff06f  jal x0, -1944
c3_18_p3_2186:
  11327 00000013  addi x0, x0, 0
  11328 875ff06f  jal x0, -1932
c3_18_p5_2187:
  11329 899ff06f  jal x0, -1896
c3_18_p6_2188:
  11330 00000013  addi x0, x0, 0
  11331 8a5ff06f  jal x0, -1884
c3_18_h7_2183:
  11332 48103023  sd ra, 1152(x0)
  11333 48203423  sd sp, 1160(x0)
  11334 00000013  addi x0, x0, 0
  11335 8a9ff06f  jal x0, -1880
c3_19_g4_2199:
  11336 00e1fe63  bgeu gp, a4, +28
  11337 00d1fa63  bgeu gp, a3, +20
  11338 915ff06f  jal x0, -1772
c3_19_p2_2200:
  11339 8e9ff06f  jal x0, -1816
c3_19_p3_2201:
  11340 00000013  addi x0, x0, 0
  11341 8f5ff06f  jal x0, -1804
c3_19_p5_2202:
  11342 919ff06f  jal x0, -1768
c3_19_p6_2203:
  11343 00000013  addi x0, x0, 0
  11344 925ff06f  jal x0, -1756
c3_19_h7_2198:
  11345 48103823  sd ra, 1168(x0)
  11346 48203c23  sd sp, 1176(x0)
  11347 00000013  addi x0, x0, 0
  11348 929ff06f  jal x0, -1752
c3_20_g4_2214:
  11349 00e1fe63  bgeu gp, a4, +28
  11350 00d1fa63  bgeu gp, a3, +20
  11351 995ff06f  jal x0, -1644
c3_20_p2_2215:
  11352 969ff06f  jal x0, -1688
c3_20_p3_2216:
  11353 00000013  addi x0, x0, 0
  11354 975ff06f  jal x0, -1676
c3_20_p5_2217:
  11355 999ff06f  jal x0, -1640
c3_20_p6_2218:
  11356 00000013  addi x0, x0, 0
  11357 9a5ff06f  jal x0, -1628
c3_20_h7_2213:
  11358 4a103023  sd ra, 1184(x0)
  11359 4a203423  sd sp, 1192(x0)
  11360 00000013  addi x0, x0, 0
  11361 9a9ff06f  jal x0, -1624
c3_21_g4_2229:
  11362 00e1fe63  bgeu gp, a4, +28
  11363 00d1fa63  bgeu gp, a3, +20
  11364 a15ff06f  jal x0, -1516
c3_21_p2_2230:
  11365 9e9ff06f  jal x0, -1560
c3_21_p3_2231:
  11366 00000013  addi x0, x0, 0
  11367 9f5ff06f  jal x0, -1548
c3_21_p5_2232:
  11368 a19ff06f  jal x0, -1512
c3_21_p6_2233:
  11369 00000013  addi x0, x0, 0
  11370 a25ff06f  jal x0, -1500
c3_21_h7_2228:
  11371 4a103823  sd ra, 1200(x0)
  11372 4a203c23  sd sp, 1208(x0)
  11373 00000013  addi x0, x0, 0
  11374 a29ff06f  jal x0, -1496
c3_22_g4_2244:
  11375 00e1fe63  bgeu gp, a4, +28
  11376 00d1fa63  bgeu gp, a3, +20
  11377 a95ff06f  jal x0, -1388
c3_22_p2_2245:
  11378 a69ff06f  jal x0, -1432
c3_22_p3_2246:
  11379 00000013  addi x0, x0, 0
  11380 a75ff06f  jal x0, -1420
c3_22_p5_2247:
  11381 a99ff06f  jal x0, -1384
c3_22_p6_2248:
  11382 00000013  addi x0, x0, 0
  11383 aa5ff06f  jal x0, -1372
c3_22_h7_2243:
  11384 4c103023  sd ra, 1216(x0)
  11385 4c203423  sd sp, 1224(x0)
  11386 00000013  addi x0, x0, 0
  11387 aa9ff06f  jal x0, -1368
c3_23_g4_2259:
  11388 00e1fe63  bgeu gp, a4, +28
  11389 00d1fa63  bgeu gp, a3, +20
  11390 b15ff06f  jal x0, -1260
c3_23_p2_2260:
  11391 ae9ff06f  jal x0, -1304
c3_23_p3_2261:
  11392 00000013  addi x0, x0, 0
  11393 af5ff06f  jal x0, -1292
c3_23_p5_2262:
  11394 b19ff06f  jal x0, -1256
c3_23_p6_2263:
  11395 00000013  addi x0, x0, 0
  11396 b25ff06f  jal x0, -1244
c3_23_h7_2258:
  11397 4c103823  sd ra, 1232(x0)
  11398 4c203c23  sd sp, 1240(x0)
  11399 00000013  addi x0, x0, 0
  11400 b29ff06f  jal x0, -1240
c3_24_g4_2274:
  11401 00e1fe63  bgeu gp, a4, +28
  11402 00d1fa63  bgeu gp, a3, +20
  11403 b95ff06f  jal x0, -1132
c3_24_p2_2275:
  11404 b69ff06f  jal x0, -1176
c3_24_p3_2276:
  11405 00000013  addi x0, x0, 0
  11406 b75ff06f  jal x0, -1164
c3_24_p5_2277:
  11407 b99ff06f  jal x0, -1128
c3_24_p6_2278:
  11408 00000013  addi x0, x0, 0
  11409 ba5ff06f  jal x0, -1116
c3_24_h7_2273:
  11410 4e103023  sd ra, 1248(x0)
  11411 4e203423  sd sp, 1256(x0)
  11412 00000013  addi x0, x0, 0
  11413 ba9ff06f  jal x0, -1112
c3_25_g4_2289:
  11414 00e1fe63  bgeu gp, a4, +28
  11415 00d1fa63  bgeu gp, a3, +20
  11416 c15ff06f  jal x0, -1004
c3_25_p2_2290:
  11417 be9ff06f  jal x0, -1048
c3_25_p3_2291:
  11418 00000013  addi x0, x0, 0
  11419 bf5ff06f  jal x0, -1036
c3_25_p5_2292:
  11420 c19ff06f  jal x0, -1000
c3_25_p6_2293:
  11421 00000013  addi x0, x0, 0
  11422 c25ff06f  jal x0, -988
c3_25_h7_2288:
  11423 4e103823  sd ra, 1264(x0)
  11424 4e203c23  sd sp, 1272(x0)
  11425 00000013  addi x0, x0, 0
  11426 c29ff06f  jal x0, -984
c3_26_g4_2304:
  11427 00e1fe63  bgeu gp, a4, +28
  11428 00d1fa63  bgeu gp, a3, +20
  11429 c95ff06f  jal x0, -876
c3_26_p2_2305:
  11430 c69ff06f  jal x0, -920
c3_26_p3_2306:
  11431 00000013  addi x0, x0, 0
  11432 c75ff06f  jal x0, -908
c3_26_p5_2307:
  11433 c99ff06f  jal x0, -872
c3_26_p6_2308:
  11434 00000013  addi x0, x0, 0
  11435 ca5ff06f  jal x0, -860
c3_26_h7_2303:
  11436 50103023  sd ra, 1280(x0)
  11437 50203423  sd sp, 1288(x0)
  11438 00000013  addi x0, x0, 0
  11439 ca9ff06f  jal x0, -856
c3_27_g4_2319:
  11440 00e1fe63  bgeu gp, a4, +28
  11441 00d1fa63  bgeu gp, a3, +20
  11442 d15ff06f  jal x0, -748
c3_27_p2_2320:
  11443 ce9ff06f  jal x0, -792
c3_27_p3_2321:
  11444 00000013  addi x0, x0, 0
  11445 cf5ff06f  jal x0, -780
c3_27_p5_2322:
  11446 d19ff06f  jal x0, -744
c3_27_p6_2323:
  11447 00000013  addi x0, x0, 0
  11448 d25ff06f  jal x0, -732
c3_27_h7_2318:
  11449 50103823  sd ra, 1296(x0)
  11450 50203c23  sd sp, 1304(x0)
  11451 00000013  addi x0, x0, 0
  11452 d29ff06f  jal x0, -728
        ; chain lay=3 i=28
l3_after1_2325:
c3_28_2340:
  11453 02889193  slli gp, a7, 40
  11454 440a3083  ld ra, 1088(s4)
  11455 448a3103  ld sp, 1096(s4)
  11456 0e103023  sd ra, 224(x0)
  11457 0e203423  sd sp, 232(x0)
  11458 1ef1f6e3  bgeu gp, a5, +2540
  11459 1c91f2e3  bgeu gp, s1, +2500
  11460 1c81f8e3  bgeu gp, s0, +2512
  11461 1c71f4e3  bgeu gp, t2, +2504
  11462 0061fc63  bgeu gp, t1, +24
c3_28_s1_2326:
  11463 0e000213  addi tp, x0, 224
  11464 00452223  sw tp, 4(a0)
  11465 00000073  ecall
  11466 02053823  sd x0, 48(a0)
  11467 02053c23  sd x0, 56(a0)
c3_28_s2_2327:
  11468 0e100213  addi tp, x0, 225
  11469 00452223  sw tp, 4(a0)
  11470 00000073  ecall
  11471 02053823  sd x0, 48(a0)
  11472 02053c23  sd x0, 56(a0)
c3_28_s3_2328:
  11473 0e200213  addi tp, x0, 226
  11474 00452223  sw tp, 4(a0)
  11475 00000073  ecall
  11476 02053823  sd x0, 48(a0)
  11477 02053c23  sd x0, 56(a0)
c3_28_s4_2329:
  11478 0e300213  addi tp, x0, 227
  11479 00452223  sw tp, 4(a0)
  11480 00000073  ecall
  11481 02053823  sd x0, 48(a0)
  11482 02053c23  sd x0, 56(a0)
c3_28_s5_2330:
  11483 0e400213  addi tp, x0, 228
  11484 00452223  sw tp, 4(a0)
  11485 00000073  ecall
  11486 02053823  sd x0, 48(a0)
  11487 02053c23  sd x0, 56(a0)
c3_28_s6_2331:
  11488 0e500213  addi tp, x0, 229
  11489 00452223  sw tp, 4(a0)
  11490 00000073  ecall
  11491 02053823  sd x0, 48(a0)
  11492 02053c23  sd x0, 56(a0)
c3_28_s7_2332:
  11493 0e600213  addi tp, x0, 230
  11494 00452223  sw tp, 4(a0)
  11495 52000613  addi a2, x0, 1312
  11496 00000073  ecall
  11497 02050613  addi a2, a0, 32
        ; chain lay=3 i=29
c3_28_next_2333:
c3_29_2355:
  11498 02589193  slli gp, a7, 37
  11499 450a3083  ld ra, 1104(s4)
  11500 458a3103  ld sp, 1112(s4)
  11501 0e103023  sd ra, 224(x0)
  11502 0e203423  sd sp, 232(x0)
  11503 16f1f6e3  bgeu gp, a5, +2412
  11504 1491f2e3  bgeu gp, s1, +2372
  11505 1481f8e3  bgeu gp, s0, +2384
  11506 1471f4e3  bgeu gp, t2, +2376
  11507 0061fc63  bgeu gp, t1, +24
c3_29_s1_2341:
  11508 0e800213  addi tp, x0, 232
  11509 00452223  sw tp, 4(a0)
  11510 00000073  ecall
  11511 02053823  sd x0, 48(a0)
  11512 02053c23  sd x0, 56(a0)
c3_29_s2_2342:
  11513 0e900213  addi tp, x0, 233
  11514 00452223  sw tp, 4(a0)
  11515 00000073  ecall
  11516 02053823  sd x0, 48(a0)
  11517 02053c23  sd x0, 56(a0)
c3_29_s3_2343:
  11518 0ea00213  addi tp, x0, 234
  11519 00452223  sw tp, 4(a0)
  11520 00000073  ecall
  11521 02053823  sd x0, 48(a0)
  11522 02053c23  sd x0, 56(a0)
c3_29_s4_2344:
  11523 0eb00213  addi tp, x0, 235
  11524 00452223  sw tp, 4(a0)
  11525 00000073  ecall
  11526 02053823  sd x0, 48(a0)
  11527 02053c23  sd x0, 56(a0)
c3_29_s5_2345:
  11528 0ec00213  addi tp, x0, 236
  11529 00452223  sw tp, 4(a0)
  11530 00000073  ecall
  11531 02053823  sd x0, 48(a0)
  11532 02053c23  sd x0, 56(a0)
c3_29_s6_2346:
  11533 0ed00213  addi tp, x0, 237
  11534 00452223  sw tp, 4(a0)
  11535 00000073  ecall
  11536 02053823  sd x0, 48(a0)
  11537 02053c23  sd x0, 56(a0)
c3_29_s7_2347:
  11538 0ee00213  addi tp, x0, 238
  11539 00452223  sw tp, 4(a0)
  11540 53000613  addi a2, x0, 1328
  11541 00000073  ecall
  11542 02050613  addi a2, a0, 32
        ; chain lay=3 i=30
c3_29_next_2348:
c3_30_2370:
  11543 02289193  slli gp, a7, 34
  11544 460a3083  ld ra, 1120(s4)
  11545 468a3103  ld sp, 1128(s4)
  11546 0e103023  sd ra, 224(x0)
  11547 0e203423  sd sp, 232(x0)
  11548 0ef1f6e3  bgeu gp, a5, +2284
  11549 0c91f2e3  bgeu gp, s1, +2244
  11550 0c81f8e3  bgeu gp, s0, +2256
  11551 0c71f4e3  bgeu gp, t2, +2248
  11552 0061fc63  bgeu gp, t1, +24
c3_30_s1_2356:
  11553 0f000213  addi tp, x0, 240
  11554 00452223  sw tp, 4(a0)
  11555 00000073  ecall
  11556 02053823  sd x0, 48(a0)
  11557 02053c23  sd x0, 56(a0)
c3_30_s2_2357:
  11558 0f100213  addi tp, x0, 241
  11559 00452223  sw tp, 4(a0)
  11560 00000073  ecall
  11561 02053823  sd x0, 48(a0)
  11562 02053c23  sd x0, 56(a0)
c3_30_s3_2358:
  11563 0f200213  addi tp, x0, 242
  11564 00452223  sw tp, 4(a0)
  11565 00000073  ecall
  11566 02053823  sd x0, 48(a0)
  11567 02053c23  sd x0, 56(a0)
c3_30_s4_2359:
  11568 0f300213  addi tp, x0, 243
  11569 00452223  sw tp, 4(a0)
  11570 00000073  ecall
  11571 02053823  sd x0, 48(a0)
  11572 02053c23  sd x0, 56(a0)
c3_30_s5_2360:
  11573 0f400213  addi tp, x0, 244
  11574 00452223  sw tp, 4(a0)
  11575 00000073  ecall
  11576 02053823  sd x0, 48(a0)
  11577 02053c23  sd x0, 56(a0)
c3_30_s6_2361:
  11578 0f500213  addi tp, x0, 245
  11579 00452223  sw tp, 4(a0)
  11580 00000073  ecall
  11581 02053823  sd x0, 48(a0)
  11582 02053c23  sd x0, 56(a0)
c3_30_s7_2362:
  11583 0f600213  addi tp, x0, 246
  11584 00452223  sw tp, 4(a0)
  11585 54000613  addi a2, x0, 1344
  11586 00000073  ecall
  11587 02050613  addi a2, a0, 32
        ; chain lay=3 i=31
c3_30_next_2363:
c3_31_2385:
  11588 01f89193  slli gp, a7, 31
  11589 470a3083  ld ra, 1136(s4)
  11590 478a3103  ld sp, 1144(s4)
  11591 0e103023  sd ra, 224(x0)
  11592 0e203423  sd sp, 232(x0)
  11593 06f1f6e3  bgeu gp, a5, +2156
  11594 0491f2e3  bgeu gp, s1, +2116
  11595 0481f8e3  bgeu gp, s0, +2128
  11596 0471f4e3  bgeu gp, t2, +2120
  11597 0061fc63  bgeu gp, t1, +24
c3_31_s1_2371:
  11598 0f800213  addi tp, x0, 248
  11599 00452223  sw tp, 4(a0)
  11600 00000073  ecall
  11601 02053823  sd x0, 48(a0)
  11602 02053c23  sd x0, 56(a0)
c3_31_s2_2372:
  11603 0f900213  addi tp, x0, 249
  11604 00452223  sw tp, 4(a0)
  11605 00000073  ecall
  11606 02053823  sd x0, 48(a0)
  11607 02053c23  sd x0, 56(a0)
c3_31_s3_2373:
  11608 0fa00213  addi tp, x0, 250
  11609 00452223  sw tp, 4(a0)
  11610 00000073  ecall
  11611 02053823  sd x0, 48(a0)
  11612 02053c23  sd x0, 56(a0)
c3_31_s4_2374:
  11613 0fb00213  addi tp, x0, 251
  11614 00452223  sw tp, 4(a0)
  11615 00000073  ecall
  11616 02053823  sd x0, 48(a0)
  11617 02053c23  sd x0, 56(a0)
c3_31_s5_2375:
  11618 0fc00213  addi tp, x0, 252
  11619 00452223  sw tp, 4(a0)
  11620 00000073  ecall
  11621 02053823  sd x0, 48(a0)
  11622 02053c23  sd x0, 56(a0)
c3_31_s6_2376:
  11623 0fd00213  addi tp, x0, 253
  11624 00452223  sw tp, 4(a0)
  11625 00000073  ecall
  11626 02053823  sd x0, 48(a0)
  11627 02053c23  sd x0, 56(a0)
c3_31_s7_2377:
  11628 0fe00213  addi tp, x0, 254
  11629 00452223  sw tp, 4(a0)
  11630 55000613  addi a2, x0, 1360
  11631 00000073  ecall
  11632 02050613  addi a2, a0, 32
        ; chain lay=3 i=32
c3_31_next_2378:
c3_32_2400:
  11633 01c89193  slli gp, a7, 28
  11634 480a3083  ld ra, 1152(s4)
  11635 488a3103  ld sp, 1160(s4)
  11636 0e103023  sd ra, 224(x0)
  11637 0e203423  sd sp, 232(x0)
  11638 7ef1f663  bgeu gp, a5, +2028
  11639 7c91f263  bgeu gp, s1, +1988
  11640 7c81f863  bgeu gp, s0, +2000
  11641 7c71f463  bgeu gp, t2, +1992
  11642 0061fc63  bgeu gp, t1, +24
c3_32_s1_2386:
  11643 10000213  addi tp, x0, 256
  11644 00452223  sw tp, 4(a0)
  11645 00000073  ecall
  11646 02053823  sd x0, 48(a0)
  11647 02053c23  sd x0, 56(a0)
c3_32_s2_2387:
  11648 10100213  addi tp, x0, 257
  11649 00452223  sw tp, 4(a0)
  11650 00000073  ecall
  11651 02053823  sd x0, 48(a0)
  11652 02053c23  sd x0, 56(a0)
c3_32_s3_2388:
  11653 10200213  addi tp, x0, 258
  11654 00452223  sw tp, 4(a0)
  11655 00000073  ecall
  11656 02053823  sd x0, 48(a0)
  11657 02053c23  sd x0, 56(a0)
c3_32_s4_2389:
  11658 10300213  addi tp, x0, 259
  11659 00452223  sw tp, 4(a0)
  11660 00000073  ecall
  11661 02053823  sd x0, 48(a0)
  11662 02053c23  sd x0, 56(a0)
c3_32_s5_2390:
  11663 10400213  addi tp, x0, 260
  11664 00452223  sw tp, 4(a0)
  11665 00000073  ecall
  11666 02053823  sd x0, 48(a0)
  11667 02053c23  sd x0, 56(a0)
c3_32_s6_2391:
  11668 10500213  addi tp, x0, 261
  11669 00452223  sw tp, 4(a0)
  11670 00000073  ecall
  11671 02053823  sd x0, 48(a0)
  11672 02053c23  sd x0, 56(a0)
c3_32_s7_2392:
  11673 10600213  addi tp, x0, 262
  11674 00452223  sw tp, 4(a0)
  11675 56000613  addi a2, x0, 1376
  11676 00000073  ecall
  11677 02050613  addi a2, a0, 32
        ; chain lay=3 i=33
c3_32_next_2393:
c3_33_2415:
  11678 01989193  slli gp, a7, 25
  11679 490a3083  ld ra, 1168(s4)
  11680 498a3103  ld sp, 1176(s4)
  11681 0e103023  sd ra, 224(x0)
  11682 0e203423  sd sp, 232(x0)
  11683 76f1f663  bgeu gp, a5, +1900
  11684 7491f263  bgeu gp, s1, +1860
  11685 7481f863  bgeu gp, s0, +1872
  11686 7471f463  bgeu gp, t2, +1864
  11687 0061fc63  bgeu gp, t1, +24
c3_33_s1_2401:
  11688 10800213  addi tp, x0, 264
  11689 00452223  sw tp, 4(a0)
  11690 00000073  ecall
  11691 02053823  sd x0, 48(a0)
  11692 02053c23  sd x0, 56(a0)
c3_33_s2_2402:
  11693 10900213  addi tp, x0, 265
  11694 00452223  sw tp, 4(a0)
  11695 00000073  ecall
  11696 02053823  sd x0, 48(a0)
  11697 02053c23  sd x0, 56(a0)
c3_33_s3_2403:
  11698 10a00213  addi tp, x0, 266
  11699 00452223  sw tp, 4(a0)
  11700 00000073  ecall
  11701 02053823  sd x0, 48(a0)
  11702 02053c23  sd x0, 56(a0)
c3_33_s4_2404:
  11703 10b00213  addi tp, x0, 267
  11704 00452223  sw tp, 4(a0)
  11705 00000073  ecall
  11706 02053823  sd x0, 48(a0)
  11707 02053c23  sd x0, 56(a0)
c3_33_s5_2405:
  11708 10c00213  addi tp, x0, 268
  11709 00452223  sw tp, 4(a0)
  11710 00000073  ecall
  11711 02053823  sd x0, 48(a0)
  11712 02053c23  sd x0, 56(a0)
c3_33_s6_2406:
  11713 10d00213  addi tp, x0, 269
  11714 00452223  sw tp, 4(a0)
  11715 00000073  ecall
  11716 02053823  sd x0, 48(a0)
  11717 02053c23  sd x0, 56(a0)
c3_33_s7_2407:
  11718 10e00213  addi tp, x0, 270
  11719 00452223  sw tp, 4(a0)
  11720 57000613  addi a2, x0, 1392
  11721 00000073  ecall
  11722 02050613  addi a2, a0, 32
        ; chain lay=3 i=34
c3_33_next_2408:
c3_34_2430:
  11723 01689193  slli gp, a7, 22
  11724 4a0a3083  ld ra, 1184(s4)
  11725 4a8a3103  ld sp, 1192(s4)
  11726 0e103023  sd ra, 224(x0)
  11727 0e203423  sd sp, 232(x0)
  11728 6ef1f663  bgeu gp, a5, +1772
  11729 6c91f263  bgeu gp, s1, +1732
  11730 6c81f863  bgeu gp, s0, +1744
  11731 6c71f463  bgeu gp, t2, +1736
  11732 0061fc63  bgeu gp, t1, +24
c3_34_s1_2416:
  11733 11000213  addi tp, x0, 272
  11734 00452223  sw tp, 4(a0)
  11735 00000073  ecall
  11736 02053823  sd x0, 48(a0)
  11737 02053c23  sd x0, 56(a0)
c3_34_s2_2417:
  11738 11100213  addi tp, x0, 273
  11739 00452223  sw tp, 4(a0)
  11740 00000073  ecall
  11741 02053823  sd x0, 48(a0)
  11742 02053c23  sd x0, 56(a0)
c3_34_s3_2418:
  11743 11200213  addi tp, x0, 274
  11744 00452223  sw tp, 4(a0)
  11745 00000073  ecall
  11746 02053823  sd x0, 48(a0)
  11747 02053c23  sd x0, 56(a0)
c3_34_s4_2419:
  11748 11300213  addi tp, x0, 275
  11749 00452223  sw tp, 4(a0)
  11750 00000073  ecall
  11751 02053823  sd x0, 48(a0)
  11752 02053c23  sd x0, 56(a0)
c3_34_s5_2420:
  11753 11400213  addi tp, x0, 276
  11754 00452223  sw tp, 4(a0)
  11755 00000073  ecall
  11756 02053823  sd x0, 48(a0)
  11757 02053c23  sd x0, 56(a0)
c3_34_s6_2421:
  11758 11500213  addi tp, x0, 277
  11759 00452223  sw tp, 4(a0)
  11760 00000073  ecall
  11761 02053823  sd x0, 48(a0)
  11762 02053c23  sd x0, 56(a0)
c3_34_s7_2422:
  11763 11600213  addi tp, x0, 278
  11764 00452223  sw tp, 4(a0)
  11765 58000613  addi a2, x0, 1408
  11766 00000073  ecall
  11767 02050613  addi a2, a0, 32
        ; chain lay=3 i=35
c3_34_next_2423:
c3_35_2445:
  11768 01389193  slli gp, a7, 19
  11769 4b0a3083  ld ra, 1200(s4)
  11770 4b8a3103  ld sp, 1208(s4)
  11771 0e103023  sd ra, 224(x0)
  11772 0e203423  sd sp, 232(x0)
  11773 66f1f663  bgeu gp, a5, +1644
  11774 6491f263  bgeu gp, s1, +1604
  11775 6481f863  bgeu gp, s0, +1616
  11776 6471f463  bgeu gp, t2, +1608
  11777 0061fc63  bgeu gp, t1, +24
c3_35_s1_2431:
  11778 11800213  addi tp, x0, 280
  11779 00452223  sw tp, 4(a0)
  11780 00000073  ecall
  11781 02053823  sd x0, 48(a0)
  11782 02053c23  sd x0, 56(a0)
c3_35_s2_2432:
  11783 11900213  addi tp, x0, 281
  11784 00452223  sw tp, 4(a0)
  11785 00000073  ecall
  11786 02053823  sd x0, 48(a0)
  11787 02053c23  sd x0, 56(a0)
c3_35_s3_2433:
  11788 11a00213  addi tp, x0, 282
  11789 00452223  sw tp, 4(a0)
  11790 00000073  ecall
  11791 02053823  sd x0, 48(a0)
  11792 02053c23  sd x0, 56(a0)
c3_35_s4_2434:
  11793 11b00213  addi tp, x0, 283
  11794 00452223  sw tp, 4(a0)
  11795 00000073  ecall
  11796 02053823  sd x0, 48(a0)
  11797 02053c23  sd x0, 56(a0)
c3_35_s5_2435:
  11798 11c00213  addi tp, x0, 284
  11799 00452223  sw tp, 4(a0)
  11800 00000073  ecall
  11801 02053823  sd x0, 48(a0)
  11802 02053c23  sd x0, 56(a0)
c3_35_s6_2436:
  11803 11d00213  addi tp, x0, 285
  11804 00452223  sw tp, 4(a0)
  11805 00000073  ecall
  11806 02053823  sd x0, 48(a0)
  11807 02053c23  sd x0, 56(a0)
c3_35_s7_2437:
  11808 11e00213  addi tp, x0, 286
  11809 00452223  sw tp, 4(a0)
  11810 59000613  addi a2, x0, 1424
  11811 00000073  ecall
  11812 02050613  addi a2, a0, 32
        ; chain lay=3 i=36
c3_35_next_2438:
c3_36_2460:
  11813 01089193  slli gp, a7, 16
  11814 4c0a3083  ld ra, 1216(s4)
  11815 4c8a3103  ld sp, 1224(s4)
  11816 0e103023  sd ra, 224(x0)
  11817 0e203423  sd sp, 232(x0)
  11818 5ef1f663  bgeu gp, a5, +1516
  11819 5c91f263  bgeu gp, s1, +1476
  11820 5c81f863  bgeu gp, s0, +1488
  11821 5c71f463  bgeu gp, t2, +1480
  11822 0061fc63  bgeu gp, t1, +24
c3_36_s1_2446:
  11823 12000213  addi tp, x0, 288
  11824 00452223  sw tp, 4(a0)
  11825 00000073  ecall
  11826 02053823  sd x0, 48(a0)
  11827 02053c23  sd x0, 56(a0)
c3_36_s2_2447:
  11828 12100213  addi tp, x0, 289
  11829 00452223  sw tp, 4(a0)
  11830 00000073  ecall
  11831 02053823  sd x0, 48(a0)
  11832 02053c23  sd x0, 56(a0)
c3_36_s3_2448:
  11833 12200213  addi tp, x0, 290
  11834 00452223  sw tp, 4(a0)
  11835 00000073  ecall
  11836 02053823  sd x0, 48(a0)
  11837 02053c23  sd x0, 56(a0)
c3_36_s4_2449:
  11838 12300213  addi tp, x0, 291
  11839 00452223  sw tp, 4(a0)
  11840 00000073  ecall
  11841 02053823  sd x0, 48(a0)
  11842 02053c23  sd x0, 56(a0)
c3_36_s5_2450:
  11843 12400213  addi tp, x0, 292
  11844 00452223  sw tp, 4(a0)
  11845 00000073  ecall
  11846 02053823  sd x0, 48(a0)
  11847 02053c23  sd x0, 56(a0)
c3_36_s6_2451:
  11848 12500213  addi tp, x0, 293
  11849 00452223  sw tp, 4(a0)
  11850 00000073  ecall
  11851 02053823  sd x0, 48(a0)
  11852 02053c23  sd x0, 56(a0)
c3_36_s7_2452:
  11853 12600213  addi tp, x0, 294
  11854 00452223  sw tp, 4(a0)
  11855 5a000613  addi a2, x0, 1440
  11856 00000073  ecall
  11857 02050613  addi a2, a0, 32
        ; chain lay=3 i=37
c3_36_next_2453:
c3_37_2475:
  11858 00d89193  slli gp, a7, 13
  11859 4d0a3083  ld ra, 1232(s4)
  11860 4d8a3103  ld sp, 1240(s4)
  11861 0e103023  sd ra, 224(x0)
  11862 0e203423  sd sp, 232(x0)
  11863 56f1f663  bgeu gp, a5, +1388
  11864 5491f263  bgeu gp, s1, +1348
  11865 5481f863  bgeu gp, s0, +1360
  11866 5471f463  bgeu gp, t2, +1352
  11867 0061fc63  bgeu gp, t1, +24
c3_37_s1_2461:
  11868 12800213  addi tp, x0, 296
  11869 00452223  sw tp, 4(a0)
  11870 00000073  ecall
  11871 02053823  sd x0, 48(a0)
  11872 02053c23  sd x0, 56(a0)
c3_37_s2_2462:
  11873 12900213  addi tp, x0, 297
  11874 00452223  sw tp, 4(a0)
  11875 00000073  ecall
  11876 02053823  sd x0, 48(a0)
  11877 02053c23  sd x0, 56(a0)
c3_37_s3_2463:
  11878 12a00213  addi tp, x0, 298
  11879 00452223  sw tp, 4(a0)
  11880 00000073  ecall
  11881 02053823  sd x0, 48(a0)
  11882 02053c23  sd x0, 56(a0)
c3_37_s4_2464:
  11883 12b00213  addi tp, x0, 299
  11884 00452223  sw tp, 4(a0)
  11885 00000073  ecall
  11886 02053823  sd x0, 48(a0)
  11887 02053c23  sd x0, 56(a0)
c3_37_s5_2465:
  11888 12c00213  addi tp, x0, 300
  11889 00452223  sw tp, 4(a0)
  11890 00000073  ecall
  11891 02053823  sd x0, 48(a0)
  11892 02053c23  sd x0, 56(a0)
c3_37_s6_2466:
  11893 12d00213  addi tp, x0, 301
  11894 00452223  sw tp, 4(a0)
  11895 00000073  ecall
  11896 02053823  sd x0, 48(a0)
  11897 02053c23  sd x0, 56(a0)
c3_37_s7_2467:
  11898 12e00213  addi tp, x0, 302
  11899 00452223  sw tp, 4(a0)
  11900 5b000613  addi a2, x0, 1456
  11901 00000073  ecall
  11902 02050613  addi a2, a0, 32
        ; chain lay=3 i=38
c3_37_next_2468:
c3_38_2490:
  11903 00a89193  slli gp, a7, 10
  11904 4e0a3083  ld ra, 1248(s4)
  11905 4e8a3103  ld sp, 1256(s4)
  11906 0e103023  sd ra, 224(x0)
  11907 0e203423  sd sp, 232(x0)
  11908 4ef1f663  bgeu gp, a5, +1260
  11909 4c91f263  bgeu gp, s1, +1220
  11910 4c81f863  bgeu gp, s0, +1232
  11911 4c71f463  bgeu gp, t2, +1224
  11912 0061fc63  bgeu gp, t1, +24
c3_38_s1_2476:
  11913 13000213  addi tp, x0, 304
  11914 00452223  sw tp, 4(a0)
  11915 00000073  ecall
  11916 02053823  sd x0, 48(a0)
  11917 02053c23  sd x0, 56(a0)
c3_38_s2_2477:
  11918 13100213  addi tp, x0, 305
  11919 00452223  sw tp, 4(a0)
  11920 00000073  ecall
  11921 02053823  sd x0, 48(a0)
  11922 02053c23  sd x0, 56(a0)
c3_38_s3_2478:
  11923 13200213  addi tp, x0, 306
  11924 00452223  sw tp, 4(a0)
  11925 00000073  ecall
  11926 02053823  sd x0, 48(a0)
  11927 02053c23  sd x0, 56(a0)
c3_38_s4_2479:
  11928 13300213  addi tp, x0, 307
  11929 00452223  sw tp, 4(a0)
  11930 00000073  ecall
  11931 02053823  sd x0, 48(a0)
  11932 02053c23  sd x0, 56(a0)
c3_38_s5_2480:
  11933 13400213  addi tp, x0, 308
  11934 00452223  sw tp, 4(a0)
  11935 00000073  ecall
  11936 02053823  sd x0, 48(a0)
  11937 02053c23  sd x0, 56(a0)
c3_38_s6_2481:
  11938 13500213  addi tp, x0, 309
  11939 00452223  sw tp, 4(a0)
  11940 00000073  ecall
  11941 02053823  sd x0, 48(a0)
  11942 02053c23  sd x0, 56(a0)
c3_38_s7_2482:
  11943 13600213  addi tp, x0, 310
  11944 00452223  sw tp, 4(a0)
  11945 5c000613  addi a2, x0, 1472
  11946 00000073  ecall
  11947 02050613  addi a2, a0, 32
        ; chain lay=3 i=39
c3_38_next_2483:
c3_39_2505:
  11948 00789193  slli gp, a7, 7
  11949 4f0a3083  ld ra, 1264(s4)
  11950 4f8a3103  ld sp, 1272(s4)
  11951 0e103023  sd ra, 224(x0)
  11952 0e203423  sd sp, 232(x0)
  11953 46f1f663  bgeu gp, a5, +1132
  11954 4491f263  bgeu gp, s1, +1092
  11955 4481f863  bgeu gp, s0, +1104
  11956 4471f463  bgeu gp, t2, +1096
  11957 0061fc63  bgeu gp, t1, +24
c3_39_s1_2491:
  11958 13800213  addi tp, x0, 312
  11959 00452223  sw tp, 4(a0)
  11960 00000073  ecall
  11961 02053823  sd x0, 48(a0)
  11962 02053c23  sd x0, 56(a0)
c3_39_s2_2492:
  11963 13900213  addi tp, x0, 313
  11964 00452223  sw tp, 4(a0)
  11965 00000073  ecall
  11966 02053823  sd x0, 48(a0)
  11967 02053c23  sd x0, 56(a0)
c3_39_s3_2493:
  11968 13a00213  addi tp, x0, 314
  11969 00452223  sw tp, 4(a0)
  11970 00000073  ecall
  11971 02053823  sd x0, 48(a0)
  11972 02053c23  sd x0, 56(a0)
c3_39_s4_2494:
  11973 13b00213  addi tp, x0, 315
  11974 00452223  sw tp, 4(a0)
  11975 00000073  ecall
  11976 02053823  sd x0, 48(a0)
  11977 02053c23  sd x0, 56(a0)
c3_39_s5_2495:
  11978 13c00213  addi tp, x0, 316
  11979 00452223  sw tp, 4(a0)
  11980 00000073  ecall
  11981 02053823  sd x0, 48(a0)
  11982 02053c23  sd x0, 56(a0)
c3_39_s6_2496:
  11983 13d00213  addi tp, x0, 317
  11984 00452223  sw tp, 4(a0)
  11985 00000073  ecall
  11986 02053823  sd x0, 48(a0)
  11987 02053c23  sd x0, 56(a0)
c3_39_s7_2497:
  11988 13e00213  addi tp, x0, 318
  11989 00452223  sw tp, 4(a0)
  11990 5d000613  addi a2, x0, 1488
  11991 00000073  ecall
  11992 02050613  addi a2, a0, 32
        ; chain lay=3 i=40
c3_39_next_2498:
c3_40_2520:
  11993 00489193  slli gp, a7, 4
  11994 500a3083  ld ra, 1280(s4)
  11995 508a3103  ld sp, 1288(s4)
  11996 0e103023  sd ra, 224(x0)
  11997 0e203423  sd sp, 232(x0)
  11998 3ef1f663  bgeu gp, a5, +1004
  11999 3c91f263  bgeu gp, s1, +964
  12000 3c81f863  bgeu gp, s0, +976
  12001 3c71f463  bgeu gp, t2, +968
  12002 0061fc63  bgeu gp, t1, +24
c3_40_s1_2506:
  12003 14000213  addi tp, x0, 320
  12004 00452223  sw tp, 4(a0)
  12005 00000073  ecall
  12006 02053823  sd x0, 48(a0)
  12007 02053c23  sd x0, 56(a0)
c3_40_s2_2507:
  12008 14100213  addi tp, x0, 321
  12009 00452223  sw tp, 4(a0)
  12010 00000073  ecall
  12011 02053823  sd x0, 48(a0)
  12012 02053c23  sd x0, 56(a0)
c3_40_s3_2508:
  12013 14200213  addi tp, x0, 322
  12014 00452223  sw tp, 4(a0)
  12015 00000073  ecall
  12016 02053823  sd x0, 48(a0)
  12017 02053c23  sd x0, 56(a0)
c3_40_s4_2509:
  12018 14300213  addi tp, x0, 323
  12019 00452223  sw tp, 4(a0)
  12020 00000073  ecall
  12021 02053823  sd x0, 48(a0)
  12022 02053c23  sd x0, 56(a0)
c3_40_s5_2510:
  12023 14400213  addi tp, x0, 324
  12024 00452223  sw tp, 4(a0)
  12025 00000073  ecall
  12026 02053823  sd x0, 48(a0)
  12027 02053c23  sd x0, 56(a0)
c3_40_s6_2511:
  12028 14500213  addi tp, x0, 325
  12029 00452223  sw tp, 4(a0)
  12030 00000073  ecall
  12031 02053823  sd x0, 48(a0)
  12032 02053c23  sd x0, 56(a0)
c3_40_s7_2512:
  12033 14600213  addi tp, x0, 326
  12034 00452223  sw tp, 4(a0)
  12035 5e000613  addi a2, x0, 1504
  12036 00000073  ecall
  12037 02050613  addi a2, a0, 32
        ; chain lay=3 i=41
c3_40_next_2513:
c3_41_2535:
  12038 00189193  slli gp, a7, 1
  12039 510a3083  ld ra, 1296(s4)
  12040 518a3103  ld sp, 1304(s4)
  12041 0e103023  sd ra, 224(x0)
  12042 0e203423  sd sp, 232(x0)
  12043 36f1f663  bgeu gp, a5, +876
  12044 3491f263  bgeu gp, s1, +836
  12045 3481f863  bgeu gp, s0, +848
  12046 3471f463  bgeu gp, t2, +840
  12047 0061fc63  bgeu gp, t1, +24
c3_41_s1_2521:
  12048 14800213  addi tp, x0, 328
  12049 00452223  sw tp, 4(a0)
  12050 00000073  ecall
  12051 02053823  sd x0, 48(a0)
  12052 02053c23  sd x0, 56(a0)
c3_41_s2_2522:
  12053 14900213  addi tp, x0, 329
  12054 00452223  sw tp, 4(a0)
  12055 00000073  ecall
  12056 02053823  sd x0, 48(a0)
  12057 02053c23  sd x0, 56(a0)
c3_41_s3_2523:
  12058 14a00213  addi tp, x0, 330
  12059 00452223  sw tp, 4(a0)
  12060 00000073  ecall
  12061 02053823  sd x0, 48(a0)
  12062 02053c23  sd x0, 56(a0)
c3_41_s4_2524:
  12063 14b00213  addi tp, x0, 331
  12064 00452223  sw tp, 4(a0)
  12065 00000073  ecall
  12066 02053823  sd x0, 48(a0)
  12067 02053c23  sd x0, 56(a0)
c3_41_s5_2525:
  12068 14c00213  addi tp, x0, 332
  12069 00452223  sw tp, 4(a0)
  12070 00000073  ecall
  12071 02053823  sd x0, 48(a0)
  12072 02053c23  sd x0, 56(a0)
c3_41_s6_2526:
  12073 14d00213  addi tp, x0, 333
  12074 00452223  sw tp, 4(a0)
  12075 00000073  ecall
  12076 02053823  sd x0, 48(a0)
  12077 02053c23  sd x0, 56(a0)
c3_41_s7_2527:
  12078 14e00213  addi tp, x0, 334
  12079 00452223  sw tp, 4(a0)
  12080 5f000613  addi a2, x0, 1520
  12081 00000073  ecall
  12082 02050613  addi a2, a0, 32
c3_41_next_2528:
  12083 2dc0006f  jal x0, +732
c3_28_g4_2335:
  12084 00e1fe63  bgeu gp, a4, +28
  12085 00d1fa63  bgeu gp, a3, +20
  12086 e94ff06f  jal x0, -2412
c3_28_p2_2336:
  12087 e68ff06f  jal x0, -2456
c3_28_p3_2337:
  12088 00000013  addi x0, x0, 0
  12089 e74ff06f  jal x0, -2444
c3_28_p5_2338:
  12090 e98ff06f  jal x0, -2408
c3_28_p6_2339:
  12091 00000013  addi x0, x0, 0
  12092 ea4ff06f  jal x0, -2396
c3_28_h7_2334:
  12093 52103023  sd ra, 1312(x0)
  12094 52203423  sd sp, 1320(x0)
  12095 00000013  addi x0, x0, 0
  12096 ea8ff06f  jal x0, -2392
c3_29_g4_2350:
  12097 00e1fe63  bgeu gp, a4, +28
  12098 00d1fa63  bgeu gp, a3, +20
  12099 f14ff06f  jal x0, -2284
c3_29_p2_2351:
  12100 ee8ff06f  jal x0, -2328
c3_29_p3_2352:
  12101 00000013  addi x0, x0, 0
  12102 ef4ff06f  jal x0, -2316
c3_29_p5_2353:
  12103 f18ff06f  jal x0, -2280
c3_29_p6_2354:
  12104 00000013  addi x0, x0, 0
  12105 f24ff06f  jal x0, -2268
c3_29_h7_2349:
  12106 52103823  sd ra, 1328(x0)
  12107 52203c23  sd sp, 1336(x0)
  12108 00000013  addi x0, x0, 0
  12109 f28ff06f  jal x0, -2264
c3_30_g4_2365:
  12110 00e1fe63  bgeu gp, a4, +28
  12111 00d1fa63  bgeu gp, a3, +20
  12112 f94ff06f  jal x0, -2156
c3_30_p2_2366:
  12113 f68ff06f  jal x0, -2200
c3_30_p3_2367:
  12114 00000013  addi x0, x0, 0
  12115 f74ff06f  jal x0, -2188
c3_30_p5_2368:
  12116 f98ff06f  jal x0, -2152
c3_30_p6_2369:
  12117 00000013  addi x0, x0, 0
  12118 fa4ff06f  jal x0, -2140
c3_30_h7_2364:
  12119 54103023  sd ra, 1344(x0)
  12120 54203423  sd sp, 1352(x0)
  12121 00000013  addi x0, x0, 0
  12122 fa8ff06f  jal x0, -2136
c3_31_g4_2380:
  12123 00e1fe63  bgeu gp, a4, +28
  12124 00d1fa63  bgeu gp, a3, +20
  12125 815ff06f  jal x0, -2028
c3_31_p2_2381:
  12126 fe8ff06f  jal x0, -2072
c3_31_p3_2382:
  12127 00000013  addi x0, x0, 0
  12128 ff4ff06f  jal x0, -2060
c3_31_p5_2383:
  12129 819ff06f  jal x0, -2024
c3_31_p6_2384:
  12130 00000013  addi x0, x0, 0
  12131 825ff06f  jal x0, -2012
c3_31_h7_2379:
  12132 54103823  sd ra, 1360(x0)
  12133 54203c23  sd sp, 1368(x0)
  12134 00000013  addi x0, x0, 0
  12135 829ff06f  jal x0, -2008
c3_32_g4_2395:
  12136 00e1fe63  bgeu gp, a4, +28
  12137 00d1fa63  bgeu gp, a3, +20
  12138 895ff06f  jal x0, -1900
c3_32_p2_2396:
  12139 869ff06f  jal x0, -1944
c3_32_p3_2397:
  12140 00000013  addi x0, x0, 0
  12141 875ff06f  jal x0, -1932
c3_32_p5_2398:
  12142 899ff06f  jal x0, -1896
c3_32_p6_2399:
  12143 00000013  addi x0, x0, 0
  12144 8a5ff06f  jal x0, -1884
c3_32_h7_2394:
  12145 56103023  sd ra, 1376(x0)
  12146 56203423  sd sp, 1384(x0)
  12147 00000013  addi x0, x0, 0
  12148 8a9ff06f  jal x0, -1880
c3_33_g4_2410:
  12149 00e1fe63  bgeu gp, a4, +28
  12150 00d1fa63  bgeu gp, a3, +20
  12151 915ff06f  jal x0, -1772
c3_33_p2_2411:
  12152 8e9ff06f  jal x0, -1816
c3_33_p3_2412:
  12153 00000013  addi x0, x0, 0
  12154 8f5ff06f  jal x0, -1804
c3_33_p5_2413:
  12155 919ff06f  jal x0, -1768
c3_33_p6_2414:
  12156 00000013  addi x0, x0, 0
  12157 925ff06f  jal x0, -1756
c3_33_h7_2409:
  12158 56103823  sd ra, 1392(x0)
  12159 56203c23  sd sp, 1400(x0)
  12160 00000013  addi x0, x0, 0
  12161 929ff06f  jal x0, -1752
c3_34_g4_2425:
  12162 00e1fe63  bgeu gp, a4, +28
  12163 00d1fa63  bgeu gp, a3, +20
  12164 995ff06f  jal x0, -1644
c3_34_p2_2426:
  12165 969ff06f  jal x0, -1688
c3_34_p3_2427:
  12166 00000013  addi x0, x0, 0
  12167 975ff06f  jal x0, -1676
c3_34_p5_2428:
  12168 999ff06f  jal x0, -1640
c3_34_p6_2429:
  12169 00000013  addi x0, x0, 0
  12170 9a5ff06f  jal x0, -1628
c3_34_h7_2424:
  12171 58103023  sd ra, 1408(x0)
  12172 58203423  sd sp, 1416(x0)
  12173 00000013  addi x0, x0, 0
  12174 9a9ff06f  jal x0, -1624
c3_35_g4_2440:
  12175 00e1fe63  bgeu gp, a4, +28
  12176 00d1fa63  bgeu gp, a3, +20
  12177 a15ff06f  jal x0, -1516
c3_35_p2_2441:
  12178 9e9ff06f  jal x0, -1560
c3_35_p3_2442:
  12179 00000013  addi x0, x0, 0
  12180 9f5ff06f  jal x0, -1548
c3_35_p5_2443:
  12181 a19ff06f  jal x0, -1512
c3_35_p6_2444:
  12182 00000013  addi x0, x0, 0
  12183 a25ff06f  jal x0, -1500
c3_35_h7_2439:
  12184 58103823  sd ra, 1424(x0)
  12185 58203c23  sd sp, 1432(x0)
  12186 00000013  addi x0, x0, 0
  12187 a29ff06f  jal x0, -1496
c3_36_g4_2455:
  12188 00e1fe63  bgeu gp, a4, +28
  12189 00d1fa63  bgeu gp, a3, +20
  12190 a95ff06f  jal x0, -1388
c3_36_p2_2456:
  12191 a69ff06f  jal x0, -1432
c3_36_p3_2457:
  12192 00000013  addi x0, x0, 0
  12193 a75ff06f  jal x0, -1420
c3_36_p5_2458:
  12194 a99ff06f  jal x0, -1384
c3_36_p6_2459:
  12195 00000013  addi x0, x0, 0
  12196 aa5ff06f  jal x0, -1372
c3_36_h7_2454:
  12197 5a103023  sd ra, 1440(x0)
  12198 5a203423  sd sp, 1448(x0)
  12199 00000013  addi x0, x0, 0
  12200 aa9ff06f  jal x0, -1368
c3_37_g4_2470:
  12201 00e1fe63  bgeu gp, a4, +28
  12202 00d1fa63  bgeu gp, a3, +20
  12203 b15ff06f  jal x0, -1260
c3_37_p2_2471:
  12204 ae9ff06f  jal x0, -1304
c3_37_p3_2472:
  12205 00000013  addi x0, x0, 0
  12206 af5ff06f  jal x0, -1292
c3_37_p5_2473:
  12207 b19ff06f  jal x0, -1256
c3_37_p6_2474:
  12208 00000013  addi x0, x0, 0
  12209 b25ff06f  jal x0, -1244
c3_37_h7_2469:
  12210 5a103823  sd ra, 1456(x0)
  12211 5a203c23  sd sp, 1464(x0)
  12212 00000013  addi x0, x0, 0
  12213 b29ff06f  jal x0, -1240
c3_38_g4_2485:
  12214 00e1fe63  bgeu gp, a4, +28
  12215 00d1fa63  bgeu gp, a3, +20
  12216 b95ff06f  jal x0, -1132
c3_38_p2_2486:
  12217 b69ff06f  jal x0, -1176
c3_38_p3_2487:
  12218 00000013  addi x0, x0, 0
  12219 b75ff06f  jal x0, -1164
c3_38_p5_2488:
  12220 b99ff06f  jal x0, -1128
c3_38_p6_2489:
  12221 00000013  addi x0, x0, 0
  12222 ba5ff06f  jal x0, -1116
c3_38_h7_2484:
  12223 5c103023  sd ra, 1472(x0)
  12224 5c203423  sd sp, 1480(x0)
  12225 00000013  addi x0, x0, 0
  12226 ba9ff06f  jal x0, -1112
c3_39_g4_2500:
  12227 00e1fe63  bgeu gp, a4, +28
  12228 00d1fa63  bgeu gp, a3, +20
  12229 c15ff06f  jal x0, -1004
c3_39_p2_2501:
  12230 be9ff06f  jal x0, -1048
c3_39_p3_2502:
  12231 00000013  addi x0, x0, 0
  12232 bf5ff06f  jal x0, -1036
c3_39_p5_2503:
  12233 c19ff06f  jal x0, -1000
c3_39_p6_2504:
  12234 00000013  addi x0, x0, 0
  12235 c25ff06f  jal x0, -988
c3_39_h7_2499:
  12236 5c103823  sd ra, 1488(x0)
  12237 5c203c23  sd sp, 1496(x0)
  12238 00000013  addi x0, x0, 0
  12239 c29ff06f  jal x0, -984
c3_40_g4_2515:
  12240 00e1fe63  bgeu gp, a4, +28
  12241 00d1fa63  bgeu gp, a3, +20
  12242 c95ff06f  jal x0, -876
c3_40_p2_2516:
  12243 c69ff06f  jal x0, -920
c3_40_p3_2517:
  12244 00000013  addi x0, x0, 0
  12245 c75ff06f  jal x0, -908
c3_40_p5_2518:
  12246 c99ff06f  jal x0, -872
c3_40_p6_2519:
  12247 00000013  addi x0, x0, 0
  12248 ca5ff06f  jal x0, -860
c3_40_h7_2514:
  12249 5e103023  sd ra, 1504(x0)
  12250 5e203423  sd sp, 1512(x0)
  12251 00000013  addi x0, x0, 0
  12252 ca9ff06f  jal x0, -856
c3_41_g4_2530:
  12253 00e1fe63  bgeu gp, a4, +28
  12254 00d1fa63  bgeu gp, a3, +20
  12255 d15ff06f  jal x0, -748
c3_41_p2_2531:
  12256 ce9ff06f  jal x0, -792
c3_41_p3_2532:
  12257 00000013  addi x0, x0, 0
  12258 cf5ff06f  jal x0, -780
c3_41_p5_2533:
  12259 d19ff06f  jal x0, -744
c3_41_p6_2534:
  12260 00000013  addi x0, x0, 0
  12261 d25ff06f  jal x0, -732
c3_41_h7_2529:
  12262 5e103823  sd ra, 1520(x0)
  12263 5e203c23  sd sp, 1528(x0)
  12264 00000013  addi x0, x0, 0
  12265 d29ff06f  jal x0, -728
        ; layer 3: leaf
l3_after2_2536:
  12266 000301b7  lui gp, 0x30
  12267 20118193  addi gp, gp, 513
  12268 34303023  sd gp, 832(x0)
  12269 35f03423  sd t6, 840(x0)
  12270 34000513  addi a0, x0, 832
  12271 2c000593  addi a1, x0, 704
  12272 004b9c13  slli s8, s7, 4
  12273 010c7193  andi gp, s8, 16
  12274 1e018613  addi a2, gp, 480
  12275 00000073  ecall
        ; layer 3: tree fold
  12276 000301b7  lui gp, 0x30
  12277 30118193  addi gp, gp, 769
  12278 1c302023  sw gp, 448(x0)
  12279 1de02423  sw t5, 456(x0)
  12280 1c000513  addi a0, x0, 448
  12281 04000593  addi a1, x0, 64
        ; fold level 1
  12282 01064193  xori gp, a2, 16
  12283 520a3083  ld ra, 1312(s4)
  12284 528a3103  ld sp, 1320(s4)
  12285 0011b023  sd ra, 0(gp)
  12286 0021b423  sd sp, 8(gp)
  12287 00100213  addi tp, x0, 1
  12288 1c402223  sw tp, 452(x0)
  12289 001bd213  srli tp, s7, 1
  12290 1c402623  sw tp, 460(x0)
  12291 001c5193  srli gp, s8, 1
  12292 0101f193  andi gp, gp, 16
  12293 1e018613  addi a2, gp, 480
  12294 00000073  ecall
        ; fold level 2
  12295 01064193  xori gp, a2, 16
  12296 530a3083  ld ra, 1328(s4)
  12297 538a3103  ld sp, 1336(s4)
  12298 0011b023  sd ra, 0(gp)
  12299 0021b423  sd sp, 8(gp)
  12300 00200213  addi tp, x0, 2
  12301 1c402223  sw tp, 452(x0)
  12302 002bd213  srli tp, s7, 2
  12303 1c402623  sw tp, 460(x0)
  12304 002c5193  srli gp, s8, 2
  12305 0101f193  andi gp, gp, 16
  12306 1e018613  addi a2, gp, 480
  12307 00000073  ecall
        ; fold level 3
  12308 01064193  xori gp, a2, 16
  12309 540a3083  ld ra, 1344(s4)
  12310 548a3103  ld sp, 1352(s4)
  12311 0011b023  sd ra, 0(gp)
  12312 0021b423  sd sp, 8(gp)
  12313 00300213  addi tp, x0, 3
  12314 1c402223  sw tp, 452(x0)
  12315 003bd213  srli tp, s7, 3
  12316 1c402623  sw tp, 460(x0)
  12317 003c5193  srli gp, s8, 3
  12318 0101f193  andi gp, gp, 16
  12319 1e018613  addi a2, gp, 480
  12320 00000073  ecall
        ; fold level 4
  12321 01064193  xori gp, a2, 16
  12322 550a3083  ld ra, 1360(s4)
  12323 558a3103  ld sp, 1368(s4)
  12324 0011b023  sd ra, 0(gp)
  12325 0021b423  sd sp, 8(gp)
  12326 00400213  addi tp, x0, 4
  12327 1c402223  sw tp, 452(x0)
  12328 004bd213  srli tp, s7, 4
  12329 1c402623  sw tp, 460(x0)
  12330 010bf193  andi gp, s7, 16
  12331 1e018613  addi a2, gp, 480
  12332 00000073  ecall
        ; fold level 5
  12333 01064193  xori gp, a2, 16
  12334 560a3083  ld ra, 1376(s4)
  12335 568a3103  ld sp, 1384(s4)
  12336 0011b023  sd ra, 0(gp)
  12337 0021b423  sd sp, 8(gp)
  12338 00500213  addi tp, x0, 5
  12339 1c402223  sw tp, 452(x0)
  12340 1c002623  sw x0, 460(x0)
  12341 12000613  addi a2, x0, 288
  12342 00000073  ecall
        ; layer 2: route
layer_2:
  12343 013b5b93  srli s7, s6, 19
  12344 01fbfb93  andi s7, s7, 31
  12345 018b5f13  srli t5, s6, 24
  12346 020b9193  slli gp, s7, 32
  12347 003f6fb3  or t6, t5, gp
        ; layer 2: encoding
  12348 000201b7  lui gp, 0x20
  12349 40118193  addi gp, gp, 1025
  12350 10303023  sd gp, 256(x0)
  12351 11f03423  sd t6, 264(x0)
  12352 638ae183  lwu gp, 1592(s5)
  12353 12302823  sw gp, 304(x0)
  12354 12002a23  sw x0, 308(x0)
  12355 12003c23  sd x0, 312(x0)
  12356 10000513  addi a0, x0, 256
  12357 04000593  addi a1, x0, 64
  12358 14000613  addi a2, x0, 320
  12359 00000073  ecall
  12360 14003803  ld a6, 320(x0)
  12361 14803883  ld a7, 328(x0)
  12362 011861b3  or gp, a6, a7
  12363 2401c6e3  blt gp, x0, +2636
  12364 00385c93  srli s9, a6, 3
  12365 01acfcb3  and s9, s9, s10
  12366 01a87e33  and t3, a6, s10
  12367 01cc8cb3  add s9, s9, t3
  12368 0038de13  srli t3, a7, 3
  12369 01ae7e33  and t3, t3, s10
  12370 01cc8cb3  add s9, s9, t3
  12371 01a8fe33  and t3, a7, s10
  12372 01cc8cb3  add s9, s9, t3
  12373 006cde13  srli t3, s9, 6
  12374 01cc8cb3  add s9, s9, t3
  12375 01bcfcb3  and s9, s9, s11
  12376 00ccde13  srli t3, s9, 12
  12377 01cc8cb3  add s9, s9, t3
  12378 018cde13  srli t3, s9, 24
  12379 01cc8cb3  add s9, s9, t3
  12380 030cde13  srli t3, s9, 48
  12381 01cc8cb3  add s9, s9, t3
  12382 7ffcfc93  andi s9, s9, 2047
  12383 f56c8c93  addi s9, s9, -170
  12384 1e0c9ce3  bne s9, x0, +2552
        ; layer 2: chains
  12385 000201b7  lui gp, 0x20
  12386 10118193  addi gp, gp, 257
  12387 0c302023  sw gp, 192(x0)
  12388 0df03423  sd t6, 200(x0)
  12389 0c000513  addi a0, x0, 192
  12390 0e000613  addi a2, x0, 224
        ; chain lay=2 i=0
c2_0_2552:
  12391 03d81193  slli gp, a6, 61
  12392 7909b083  ld ra, 1936(s3)
  12393 7989b103  ld sp, 1944(s3)
  12394 0e103023  sd ra, 224(x0)
  12395 0e203423  sd sp, 232(x0)
  12396 1ef1f8e3  bgeu gp, a5, +2544
  12397 1c91f4e3  bgeu gp, s1, +2504
  12398 1c81fae3  bgeu gp, s0, +2516
  12399 1c71f6e3  bgeu gp, t2, +2508
  12400 0061fc63  bgeu gp, t1, +24
c2_0_s1_2538:
  12401 00000213  addi tp, x0, 0
  12402 00452223  sw tp, 4(a0)
  12403 00000073  ecall
  12404 02053823  sd x0, 48(a0)
  12405 02053c23  sd x0, 56(a0)
c2_0_s2_2539:
  12406 00100213  addi tp, x0, 1
  12407 00452223  sw tp, 4(a0)
  12408 00000073  ecall
  12409 02053823  sd x0, 48(a0)
  12410 02053c23  sd x0, 56(a0)
c2_0_s3_2540:
  12411 00200213  addi tp, x0, 2
  12412 00452223  sw tp, 4(a0)
  12413 00000073  ecall
  12414 02053823  sd x0, 48(a0)
  12415 02053c23  sd x0, 56(a0)
c2_0_s4_2541:
  12416 00300213  addi tp, x0, 3
  12417 00452223  sw tp, 4(a0)
  12418 00000073  ecall
  12419 02053823  sd x0, 48(a0)
  12420 02053c23  sd x0, 56(a0)
c2_0_s5_2542:
  12421 00400213  addi tp, x0, 4
  12422 00452223  sw tp, 4(a0)
  12423 00000073  ecall
  12424 02053823  sd x0, 48(a0)
  12425 02053c23  sd x0, 56(a0)
c2_0_s6_2543:
  12426 00500213  addi tp, x0, 5
  12427 00452223  sw tp, 4(a0)
  12428 00000073  ecall
  12429 02053823  sd x0, 48(a0)
  12430 02053c23  sd x0, 56(a0)
c2_0_s7_2544:
  12431 00600213  addi tp, x0, 6
  12432 00452223  sw tp, 4(a0)
  12433 36000613  addi a2, x0, 864
  12434 00000073  ecall
  12435 02050613  addi a2, a0, 32
        ; chain lay=2 i=1
c2_0_next_2545:
c2_1_2567:
  12436 03a81193  slli gp, a6, 58
  12437 7a09b083  ld ra, 1952(s3)
  12438 7a89b103  ld sp, 1960(s3)
  12439 0e103023  sd ra, 224(x0)
  12440 0e203423  sd sp, 232(x0)
  12441 16f1f8e3  bgeu gp, a5, +2416
  12442 1491f4e3  bgeu gp, s1, +2376
  12443 1481fae3  bgeu gp, s0, +2388
  12444 1471f6e3  bgeu gp, t2, +2380
  12445 0061fc63  bgeu gp, t1, +24
c2_1_s1_2553:
  12446 00800213  addi tp, x0, 8
  12447 00452223  sw tp, 4(a0)
  12448 00000073  ecall
  12449 02053823  sd x0, 48(a0)
  12450 02053c23  sd x0, 56(a0)
c2_1_s2_2554:
  12451 00900213  addi tp, x0, 9
  12452 00452223  sw tp, 4(a0)
  12453 00000073  ecall
  12454 02053823  sd x0, 48(a0)
  12455 02053c23  sd x0, 56(a0)
c2_1_s3_2555:
  12456 00a00213  addi tp, x0, 10
  12457 00452223  sw tp, 4(a0)
  12458 00000073  ecall
  12459 02053823  sd x0, 48(a0)
  12460 02053c23  sd x0, 56(a0)
c2_1_s4_2556:
  12461 00b00213  addi tp, x0, 11
  12462 00452223  sw tp, 4(a0)
  12463 00000073  ecall
  12464 02053823  sd x0, 48(a0)
  12465 02053c23  sd x0, 56(a0)
c2_1_s5_2557:
  12466 00c00213  addi tp, x0, 12
  12467 00452223  sw tp, 4(a0)
  12468 00000073  ecall
  12469 02053823  sd x0, 48(a0)
  12470 02053c23  sd x0, 56(a0)
c2_1_s6_2558:
  12471 00d00213  addi tp, x0, 13
  12472 00452223  sw tp, 4(a0)
  12473 00000073  ecall
  12474 02053823  sd x0, 48(a0)
  12475 02053c23  sd x0, 56(a0)
c2_1_s7_2559:
  12476 00e00213  addi tp, x0, 14
  12477 00452223  sw tp, 4(a0)
  12478 37000613  addi a2, x0, 880
  12479 00000073  ecall
  12480 02050613  addi a2, a0, 32
        ; chain lay=2 i=2
c2_1_next_2560:
c2_2_2582:
  12481 03781193  slli gp, a6, 55
  12482 7b09b083  ld ra, 1968(s3)
  12483 7b89b103  ld sp, 1976(s3)
  12484 0e103023  sd ra, 224(x0)
  12485 0e203423  sd sp, 232(x0)
  12486 0ef1f8e3  bgeu gp, a5, +2288
  12487 0c91f4e3  bgeu gp, s1, +2248
  12488 0c81fae3  bgeu gp, s0, +2260
  12489 0c71f6e3  bgeu gp, t2, +2252
  12490 0061fc63  bgeu gp, t1, +24
c2_2_s1_2568:
  12491 01000213  addi tp, x0, 16
  12492 00452223  sw tp, 4(a0)
  12493 00000073  ecall
  12494 02053823  sd x0, 48(a0)
  12495 02053c23  sd x0, 56(a0)
c2_2_s2_2569:
  12496 01100213  addi tp, x0, 17
  12497 00452223  sw tp, 4(a0)
  12498 00000073  ecall
  12499 02053823  sd x0, 48(a0)
  12500 02053c23  sd x0, 56(a0)
c2_2_s3_2570:
  12501 01200213  addi tp, x0, 18
  12502 00452223  sw tp, 4(a0)
  12503 00000073  ecall
  12504 02053823  sd x0, 48(a0)
  12505 02053c23  sd x0, 56(a0)
c2_2_s4_2571:
  12506 01300213  addi tp, x0, 19
  12507 00452223  sw tp, 4(a0)
  12508 00000073  ecall
  12509 02053823  sd x0, 48(a0)
  12510 02053c23  sd x0, 56(a0)
c2_2_s5_2572:
  12511 01400213  addi tp, x0, 20
  12512 00452223  sw tp, 4(a0)
  12513 00000073  ecall
  12514 02053823  sd x0, 48(a0)
  12515 02053c23  sd x0, 56(a0)
c2_2_s6_2573:
  12516 01500213  addi tp, x0, 21
  12517 00452223  sw tp, 4(a0)
  12518 00000073  ecall
  12519 02053823  sd x0, 48(a0)
  12520 02053c23  sd x0, 56(a0)
c2_2_s7_2574:
  12521 01600213  addi tp, x0, 22
  12522 00452223  sw tp, 4(a0)
  12523 38000613  addi a2, x0, 896
  12524 00000073  ecall
  12525 02050613  addi a2, a0, 32
        ; chain lay=2 i=3
c2_2_next_2575:
c2_3_2597:
  12526 03481193  slli gp, a6, 52
  12527 7c09b083  ld ra, 1984(s3)
  12528 7c89b103  ld sp, 1992(s3)
  12529 0e103023  sd ra, 224(x0)
  12530 0e203423  sd sp, 232(x0)
  12531 06f1f8e3  bgeu gp, a5, +2160
  12532 0491f4e3  bgeu gp, s1, +2120
  12533 0481fae3  bgeu gp, s0, +2132
  12534 0471f6e3  bgeu gp, t2, +2124
  12535 0061fc63  bgeu gp, t1, +24
c2_3_s1_2583:
  12536 01800213  addi tp, x0, 24
  12537 00452223  sw tp, 4(a0)
  12538 00000073  ecall
  12539 02053823  sd x0, 48(a0)
  12540 02053c23  sd x0, 56(a0)
c2_3_s2_2584:
  12541 01900213  addi tp, x0, 25
  12542 00452223  sw tp, 4(a0)
  12543 00000073  ecall
  12544 02053823  sd x0, 48(a0)
  12545 02053c23  sd x0, 56(a0)
c2_3_s3_2585:
  12546 01a00213  addi tp, x0, 26
  12547 00452223  sw tp, 4(a0)
  12548 00000073  ecall
  12549 02053823  sd x0, 48(a0)
  12550 02053c23  sd x0, 56(a0)
c2_3_s4_2586:
  12551 01b00213  addi tp, x0, 27
  12552 00452223  sw tp, 4(a0)
  12553 00000073  ecall
  12554 02053823  sd x0, 48(a0)
  12555 02053c23  sd x0, 56(a0)
c2_3_s5_2587:
  12556 01c00213  addi tp, x0, 28
  12557 00452223  sw tp, 4(a0)
  12558 00000073  ecall
  12559 02053823  sd x0, 48(a0)
  12560 02053c23  sd x0, 56(a0)
c2_3_s6_2588:
  12561 01d00213  addi tp, x0, 29
  12562 00452223  sw tp, 4(a0)
  12563 00000073  ecall
  12564 02053823  sd x0, 48(a0)
  12565 02053c23  sd x0, 56(a0)
c2_3_s7_2589:
  12566 01e00213  addi tp, x0, 30
  12567 00452223  sw tp, 4(a0)
  12568 39000613  addi a2, x0, 912
  12569 00000073  ecall
  12570 02050613  addi a2, a0, 32
        ; chain lay=2 i=4
c2_3_next_2590:
c2_4_2612:
  12571 03181193  slli gp, a6, 49
  12572 7d09b083  ld ra, 2000(s3)
  12573 7d89b103  ld sp, 2008(s3)
  12574 0e103023  sd ra, 224(x0)
  12575 0e203423  sd sp, 232(x0)
  12576 7ef1f863  bgeu gp, a5, +2032
  12577 7c91f463  bgeu gp, s1, +1992
  12578 7c81fa63  bgeu gp, s0, +2004
  12579 7c71f663  bgeu gp, t2, +1996
  12580 0061fc63  bgeu gp, t1, +24
c2_4_s1_2598:
  12581 02000213  addi tp, x0, 32
  12582 00452223  sw tp, 4(a0)
  12583 00000073  ecall
  12584 02053823  sd x0, 48(a0)
  12585 02053c23  sd x0, 56(a0)
c2_4_s2_2599:
  12586 02100213  addi tp, x0, 33
  12587 00452223  sw tp, 4(a0)
  12588 00000073  ecall
  12589 02053823  sd x0, 48(a0)
  12590 02053c23  sd x0, 56(a0)
c2_4_s3_2600:
  12591 02200213  addi tp, x0, 34
  12592 00452223  sw tp, 4(a0)
  12593 00000073  ecall
  12594 02053823  sd x0, 48(a0)
  12595 02053c23  sd x0, 56(a0)
c2_4_s4_2601:
  12596 02300213  addi tp, x0, 35
  12597 00452223  sw tp, 4(a0)
  12598 00000073  ecall
  12599 02053823  sd x0, 48(a0)
  12600 02053c23  sd x0, 56(a0)
c2_4_s5_2602:
  12601 02400213  addi tp, x0, 36
  12602 00452223  sw tp, 4(a0)
  12603 00000073  ecall
  12604 02053823  sd x0, 48(a0)
  12605 02053c23  sd x0, 56(a0)
c2_4_s6_2603:
  12606 02500213  addi tp, x0, 37
  12607 00452223  sw tp, 4(a0)
  12608 00000073  ecall
  12609 02053823  sd x0, 48(a0)
  12610 02053c23  sd x0, 56(a0)
c2_4_s7_2604:
  12611 02600213  addi tp, x0, 38
  12612 00452223  sw tp, 4(a0)
  12613 3a000613  addi a2, x0, 928
  12614 00000073  ecall
  12615 02050613  addi a2, a0, 32
        ; chain lay=2 i=5
c2_4_next_2605:
c2_5_2627:
  12616 02e81193  slli gp, a6, 46
  12617 7e09b083  ld ra, 2016(s3)
  12618 7e89b103  ld sp, 2024(s3)
  12619 0e103023  sd ra, 224(x0)
  12620 0e203423  sd sp, 232(x0)
  12621 76f1f863  bgeu gp, a5, +1904
  12622 7491f463  bgeu gp, s1, +1864
  12623 7481fa63  bgeu gp, s0, +1876
  12624 7471f663  bgeu gp, t2, +1868
  12625 0061fc63  bgeu gp, t1, +24
c2_5_s1_2613:
  12626 02800213  addi tp, x0, 40
  12627 00452223  sw tp, 4(a0)
  12628 00000073  ecall
  12629 02053823  sd x0, 48(a0)
  12630 02053c23  sd x0, 56(a0)
c2_5_s2_2614:
  12631 02900213  addi tp, x0, 41
  12632 00452223  sw tp, 4(a0)
  12633 00000073  ecall
  12634 02053823  sd x0, 48(a0)
  12635 02053c23  sd x0, 56(a0)
c2_5_s3_2615:
  12636 02a00213  addi tp, x0, 42
  12637 00452223  sw tp, 4(a0)
  12638 00000073  ecall
  12639 02053823  sd x0, 48(a0)
  12640 02053c23  sd x0, 56(a0)
c2_5_s4_2616:
  12641 02b00213  addi tp, x0, 43
  12642 00452223  sw tp, 4(a0)
  12643 00000073  ecall
  12644 02053823  sd x0, 48(a0)
  12645 02053c23  sd x0, 56(a0)
c2_5_s5_2617:
  12646 02c00213  addi tp, x0, 44
  12647 00452223  sw tp, 4(a0)
  12648 00000073  ecall
  12649 02053823  sd x0, 48(a0)
  12650 02053c23  sd x0, 56(a0)
c2_5_s6_2618:
  12651 02d00213  addi tp, x0, 45
  12652 00452223  sw tp, 4(a0)
  12653 00000073  ecall
  12654 02053823  sd x0, 48(a0)
  12655 02053c23  sd x0, 56(a0)
c2_5_s7_2619:
  12656 02e00213  addi tp, x0, 46
  12657 00452223  sw tp, 4(a0)
  12658 3b000613  addi a2, x0, 944
  12659 00000073  ecall
  12660 02050613  addi a2, a0, 32
        ; chain lay=2 i=6
c2_5_next_2620:
c2_6_2642:
  12661 02b81193  slli gp, a6, 43
  12662 7f09b083  ld ra, 2032(s3)
  12663 7f89b103  ld sp, 2040(s3)
  12664 0e103023  sd ra, 224(x0)
  12665 0e203423  sd sp, 232(x0)
  12666 6ef1f863  bgeu gp, a5, +1776
  12667 6c91f463  bgeu gp, s1, +1736
  12668 6c81fa63  bgeu gp, s0, +1748
  12669 6c71f663  bgeu gp, t2, +1740
  12670 0061fc63  bgeu gp, t1, +24
c2_6_s1_2628:
  12671 03000213  addi tp, x0, 48
  12672 00452223  sw tp, 4(a0)
  12673 00000073  ecall
  12674 02053823  sd x0, 48(a0)
  12675 02053c23  sd x0, 56(a0)
c2_6_s2_2629:
  12676 03100213  addi tp, x0, 49
  12677 00452223  sw tp, 4(a0)
  12678 00000073  ecall
  12679 02053823  sd x0, 48(a0)
  12680 02053c23  sd x0, 56(a0)
c2_6_s3_2630:
  12681 03200213  addi tp, x0, 50
  12682 00452223  sw tp, 4(a0)
  12683 00000073  ecall
  12684 02053823  sd x0, 48(a0)
  12685 02053c23  sd x0, 56(a0)
c2_6_s4_2631:
  12686 03300213  addi tp, x0, 51
  12687 00452223  sw tp, 4(a0)
  12688 00000073  ecall
  12689 02053823  sd x0, 48(a0)
  12690 02053c23  sd x0, 56(a0)
c2_6_s5_2632:
  12691 03400213  addi tp, x0, 52
  12692 00452223  sw tp, 4(a0)
  12693 00000073  ecall
  12694 02053823  sd x0, 48(a0)
  12695 02053c23  sd x0, 56(a0)
c2_6_s6_2633:
  12696 03500213  addi tp, x0, 53
  12697 00452223  sw tp, 4(a0)
  12698 00000073  ecall
  12699 02053823  sd x0, 48(a0)
  12700 02053c23  sd x0, 56(a0)
c2_6_s7_2634:
  12701 03600213  addi tp, x0, 54
  12702 00452223  sw tp, 4(a0)
  12703 3c000613  addi a2, x0, 960
  12704 00000073  ecall
  12705 02050613  addi a2, a0, 32
        ; chain lay=2 i=7
c2_6_next_2635:
c2_7_2657:
  12706 02881193  slli gp, a6, 40
  12707 000a3083  ld ra, 0(s4)
  12708 008a3103  ld sp, 8(s4)
  12709 0e103023  sd ra, 224(x0)
  12710 0e203423  sd sp, 232(x0)
  12711 66f1f863  bgeu gp, a5, +1648
  12712 6491f463  bgeu gp, s1, +1608
  12713 6481fa63  bgeu gp, s0, +1620
  12714 6471f663  bgeu gp, t2, +1612
  12715 0061fc63  bgeu gp, t1, +24
c2_7_s1_2643:
  12716 03800213  addi tp, x0, 56
  12717 00452223  sw tp, 4(a0)
  12718 00000073  ecall
  12719 02053823  sd x0, 48(a0)
  12720 02053c23  sd x0, 56(a0)
c2_7_s2_2644:
  12721 03900213  addi tp, x0, 57
  12722 00452223  sw tp, 4(a0)
  12723 00000073  ecall
  12724 02053823  sd x0, 48(a0)
  12725 02053c23  sd x0, 56(a0)
c2_7_s3_2645:
  12726 03a00213  addi tp, x0, 58
  12727 00452223  sw tp, 4(a0)
  12728 00000073  ecall
  12729 02053823  sd x0, 48(a0)
  12730 02053c23  sd x0, 56(a0)
c2_7_s4_2646:
  12731 03b00213  addi tp, x0, 59
  12732 00452223  sw tp, 4(a0)
  12733 00000073  ecall
  12734 02053823  sd x0, 48(a0)
  12735 02053c23  sd x0, 56(a0)
c2_7_s5_2647:
  12736 03c00213  addi tp, x0, 60
  12737 00452223  sw tp, 4(a0)
  12738 00000073  ecall
  12739 02053823  sd x0, 48(a0)
  12740 02053c23  sd x0, 56(a0)
c2_7_s6_2648:
  12741 03d00213  addi tp, x0, 61
  12742 00452223  sw tp, 4(a0)
  12743 00000073  ecall
  12744 02053823  sd x0, 48(a0)
  12745 02053c23  sd x0, 56(a0)
c2_7_s7_2649:
  12746 03e00213  addi tp, x0, 62
  12747 00452223  sw tp, 4(a0)
  12748 3d000613  addi a2, x0, 976
  12749 00000073  ecall
  12750 02050613  addi a2, a0, 32
        ; chain lay=2 i=8
c2_7_next_2650:
c2_8_2672:
  12751 02581193  slli gp, a6, 37
  12752 010a3083  ld ra, 16(s4)
  12753 018a3103  ld sp, 24(s4)
  12754 0e103023  sd ra, 224(x0)
  12755 0e203423  sd sp, 232(x0)
  12756 5ef1f863  bgeu gp, a5, +1520
  12757 5c91f463  bgeu gp, s1, +1480
  12758 5c81fa63  bgeu gp, s0, +1492
  12759 5c71f663  bgeu gp, t2, +1484
  12760 0061fc63  bgeu gp, t1, +24
c2_8_s1_2658:
  12761 04000213  addi tp, x0, 64
  12762 00452223  sw tp, 4(a0)
  12763 00000073  ecall
  12764 02053823  sd x0, 48(a0)
  12765 02053c23  sd x0, 56(a0)
c2_8_s2_2659:
  12766 04100213  addi tp, x0, 65
  12767 00452223  sw tp, 4(a0)
  12768 00000073  ecall
  12769 02053823  sd x0, 48(a0)
  12770 02053c23  sd x0, 56(a0)
c2_8_s3_2660:
  12771 04200213  addi tp, x0, 66
  12772 00452223  sw tp, 4(a0)
  12773 00000073  ecall
  12774 02053823  sd x0, 48(a0)
  12775 02053c23  sd x0, 56(a0)
c2_8_s4_2661:
  12776 04300213  addi tp, x0, 67
  12777 00452223  sw tp, 4(a0)
  12778 00000073  ecall
  12779 02053823  sd x0, 48(a0)
  12780 02053c23  sd x0, 56(a0)
c2_8_s5_2662:
  12781 04400213  addi tp, x0, 68
  12782 00452223  sw tp, 4(a0)
  12783 00000073  ecall
  12784 02053823  sd x0, 48(a0)
  12785 02053c23  sd x0, 56(a0)
c2_8_s6_2663:
  12786 04500213  addi tp, x0, 69
  12787 00452223  sw tp, 4(a0)
  12788 00000073  ecall
  12789 02053823  sd x0, 48(a0)
  12790 02053c23  sd x0, 56(a0)
c2_8_s7_2664:
  12791 04600213  addi tp, x0, 70
  12792 00452223  sw tp, 4(a0)
  12793 3e000613  addi a2, x0, 992
  12794 00000073  ecall
  12795 02050613  addi a2, a0, 32
        ; chain lay=2 i=9
c2_8_next_2665:
c2_9_2687:
  12796 02281193  slli gp, a6, 34
  12797 020a3083  ld ra, 32(s4)
  12798 028a3103  ld sp, 40(s4)
  12799 0e103023  sd ra, 224(x0)
  12800 0e203423  sd sp, 232(x0)
  12801 56f1f863  bgeu gp, a5, +1392
  12802 5491f463  bgeu gp, s1, +1352
  12803 5481fa63  bgeu gp, s0, +1364
  12804 5471f663  bgeu gp, t2, +1356
  12805 0061fc63  bgeu gp, t1, +24
c2_9_s1_2673:
  12806 04800213  addi tp, x0, 72
  12807 00452223  sw tp, 4(a0)
  12808 00000073  ecall
  12809 02053823  sd x0, 48(a0)
  12810 02053c23  sd x0, 56(a0)
c2_9_s2_2674:
  12811 04900213  addi tp, x0, 73
  12812 00452223  sw tp, 4(a0)
  12813 00000073  ecall
  12814 02053823  sd x0, 48(a0)
  12815 02053c23  sd x0, 56(a0)
c2_9_s3_2675:
  12816 04a00213  addi tp, x0, 74
  12817 00452223  sw tp, 4(a0)
  12818 00000073  ecall
  12819 02053823  sd x0, 48(a0)
  12820 02053c23  sd x0, 56(a0)
c2_9_s4_2676:
  12821 04b00213  addi tp, x0, 75
  12822 00452223  sw tp, 4(a0)
  12823 00000073  ecall
  12824 02053823  sd x0, 48(a0)
  12825 02053c23  sd x0, 56(a0)
c2_9_s5_2677:
  12826 04c00213  addi tp, x0, 76
  12827 00452223  sw tp, 4(a0)
  12828 00000073  ecall
  12829 02053823  sd x0, 48(a0)
  12830 02053c23  sd x0, 56(a0)
c2_9_s6_2678:
  12831 04d00213  addi tp, x0, 77
  12832 00452223  sw tp, 4(a0)
  12833 00000073  ecall
  12834 02053823  sd x0, 48(a0)
  12835 02053c23  sd x0, 56(a0)
c2_9_s7_2679:
  12836 04e00213  addi tp, x0, 78
  12837 00452223  sw tp, 4(a0)
  12838 3f000613  addi a2, x0, 1008
  12839 00000073  ecall
  12840 02050613  addi a2, a0, 32
        ; chain lay=2 i=10
c2_9_next_2680:
c2_10_2702:
  12841 01f81193  slli gp, a6, 31
  12842 030a3083  ld ra, 48(s4)
  12843 038a3103  ld sp, 56(s4)
  12844 0e103023  sd ra, 224(x0)
  12845 0e203423  sd sp, 232(x0)
  12846 4ef1f863  bgeu gp, a5, +1264
  12847 4c91f463  bgeu gp, s1, +1224
  12848 4c81fa63  bgeu gp, s0, +1236
  12849 4c71f663  bgeu gp, t2, +1228
  12850 0061fc63  bgeu gp, t1, +24
c2_10_s1_2688:
  12851 05000213  addi tp, x0, 80
  12852 00452223  sw tp, 4(a0)
  12853 00000073  ecall
  12854 02053823  sd x0, 48(a0)
  12855 02053c23  sd x0, 56(a0)
c2_10_s2_2689:
  12856 05100213  addi tp, x0, 81
  12857 00452223  sw tp, 4(a0)
  12858 00000073  ecall
  12859 02053823  sd x0, 48(a0)
  12860 02053c23  sd x0, 56(a0)
c2_10_s3_2690:
  12861 05200213  addi tp, x0, 82
  12862 00452223  sw tp, 4(a0)
  12863 00000073  ecall
  12864 02053823  sd x0, 48(a0)
  12865 02053c23  sd x0, 56(a0)
c2_10_s4_2691:
  12866 05300213  addi tp, x0, 83
  12867 00452223  sw tp, 4(a0)
  12868 00000073  ecall
  12869 02053823  sd x0, 48(a0)
  12870 02053c23  sd x0, 56(a0)
c2_10_s5_2692:
  12871 05400213  addi tp, x0, 84
  12872 00452223  sw tp, 4(a0)
  12873 00000073  ecall
  12874 02053823  sd x0, 48(a0)
  12875 02053c23  sd x0, 56(a0)
c2_10_s6_2693:
  12876 05500213  addi tp, x0, 85
  12877 00452223  sw tp, 4(a0)
  12878 00000073  ecall
  12879 02053823  sd x0, 48(a0)
  12880 02053c23  sd x0, 56(a0)
c2_10_s7_2694:
  12881 05600213  addi tp, x0, 86
  12882 00452223  sw tp, 4(a0)
  12883 40000613  addi a2, x0, 1024
  12884 00000073  ecall
  12885 02050613  addi a2, a0, 32
        ; chain lay=2 i=11
c2_10_next_2695:
c2_11_2717:
  12886 01c81193  slli gp, a6, 28
  12887 040a3083  ld ra, 64(s4)
  12888 048a3103  ld sp, 72(s4)
  12889 0e103023  sd ra, 224(x0)
  12890 0e203423  sd sp, 232(x0)
  12891 46f1f863  bgeu gp, a5, +1136
  12892 4491f463  bgeu gp, s1, +1096
  12893 4481fa63  bgeu gp, s0, +1108
  12894 4471f663  bgeu gp, t2, +1100
  12895 0061fc63  bgeu gp, t1, +24
c2_11_s1_2703:
  12896 05800213  addi tp, x0, 88
  12897 00452223  sw tp, 4(a0)
  12898 00000073  ecall
  12899 02053823  sd x0, 48(a0)
  12900 02053c23  sd x0, 56(a0)
c2_11_s2_2704:
  12901 05900213  addi tp, x0, 89
  12902 00452223  sw tp, 4(a0)
  12903 00000073  ecall
  12904 02053823  sd x0, 48(a0)
  12905 02053c23  sd x0, 56(a0)
c2_11_s3_2705:
  12906 05a00213  addi tp, x0, 90
  12907 00452223  sw tp, 4(a0)
  12908 00000073  ecall
  12909 02053823  sd x0, 48(a0)
  12910 02053c23  sd x0, 56(a0)
c2_11_s4_2706:
  12911 05b00213  addi tp, x0, 91
  12912 00452223  sw tp, 4(a0)
  12913 00000073  ecall
  12914 02053823  sd x0, 48(a0)
  12915 02053c23  sd x0, 56(a0)
c2_11_s5_2707:
  12916 05c00213  addi tp, x0, 92
  12917 00452223  sw tp, 4(a0)
  12918 00000073  ecall
  12919 02053823  sd x0, 48(a0)
  12920 02053c23  sd x0, 56(a0)
c2_11_s6_2708:
  12921 05d00213  addi tp, x0, 93
  12922 00452223  sw tp, 4(a0)
  12923 00000073  ecall
  12924 02053823  sd x0, 48(a0)
  12925 02053c23  sd x0, 56(a0)
c2_11_s7_2709:
  12926 05e00213  addi tp, x0, 94
  12927 00452223  sw tp, 4(a0)
  12928 41000613  addi a2, x0, 1040
  12929 00000073  ecall
  12930 02050613  addi a2, a0, 32
        ; chain lay=2 i=12
c2_11_next_2710:
c2_12_2732:
  12931 01981193  slli gp, a6, 25
  12932 050a3083  ld ra, 80(s4)
  12933 058a3103  ld sp, 88(s4)
  12934 0e103023  sd ra, 224(x0)
  12935 0e203423  sd sp, 232(x0)
  12936 3ef1f863  bgeu gp, a5, +1008
  12937 3c91f463  bgeu gp, s1, +968
  12938 3c81fa63  bgeu gp, s0, +980
  12939 3c71f663  bgeu gp, t2, +972
  12940 0061fc63  bgeu gp, t1, +24
c2_12_s1_2718:
  12941 06000213  addi tp, x0, 96
  12942 00452223  sw tp, 4(a0)
  12943 00000073  ecall
  12944 02053823  sd x0, 48(a0)
  12945 02053c23  sd x0, 56(a0)
c2_12_s2_2719:
  12946 06100213  addi tp, x0, 97
  12947 00452223  sw tp, 4(a0)
  12948 00000073  ecall
  12949 02053823  sd x0, 48(a0)
  12950 02053c23  sd x0, 56(a0)
c2_12_s3_2720:
  12951 06200213  addi tp, x0, 98
  12952 00452223  sw tp, 4(a0)
  12953 00000073  ecall
  12954 02053823  sd x0, 48(a0)
  12955 02053c23  sd x0, 56(a0)
c2_12_s4_2721:
  12956 06300213  addi tp, x0, 99
  12957 00452223  sw tp, 4(a0)
  12958 00000073  ecall
  12959 02053823  sd x0, 48(a0)
  12960 02053c23  sd x0, 56(a0)
c2_12_s5_2722:
  12961 06400213  addi tp, x0, 100
  12962 00452223  sw tp, 4(a0)
  12963 00000073  ecall
  12964 02053823  sd x0, 48(a0)
  12965 02053c23  sd x0, 56(a0)
c2_12_s6_2723:
  12966 06500213  addi tp, x0, 101
  12967 00452223  sw tp, 4(a0)
  12968 00000073  ecall
  12969 02053823  sd x0, 48(a0)
  12970 02053c23  sd x0, 56(a0)
c2_12_s7_2724:
  12971 06600213  addi tp, x0, 102
  12972 00452223  sw tp, 4(a0)
  12973 42000613  addi a2, x0, 1056
  12974 00000073  ecall
  12975 02050613  addi a2, a0, 32
        ; chain lay=2 i=13
c2_12_next_2725:
c2_13_2747:
  12976 01681193  slli gp, a6, 22
  12977 060a3083  ld ra, 96(s4)
  12978 068a3103  ld sp, 104(s4)
  12979 0e103023  sd ra, 224(x0)
  12980 0e203423  sd sp, 232(x0)
  12981 36f1f863  bgeu gp, a5, +880
  12982 3491f463  bgeu gp, s1, +840
  12983 3481fa63  bgeu gp, s0, +852
  12984 3471f663  bgeu gp, t2, +844
  12985 0061fc63  bgeu gp, t1, +24
c2_13_s1_2733:
  12986 06800213  addi tp, x0, 104
  12987 00452223  sw tp, 4(a0)
  12988 00000073  ecall
  12989 02053823  sd x0, 48(a0)
  12990 02053c23  sd x0, 56(a0)
c2_13_s2_2734:
  12991 06900213  addi tp, x0, 105
  12992 00452223  sw tp, 4(a0)
  12993 00000073  ecall
  12994 02053823  sd x0, 48(a0)
  12995 02053c23  sd x0, 56(a0)
c2_13_s3_2735:
  12996 06a00213  addi tp, x0, 106
  12997 00452223  sw tp, 4(a0)
  12998 00000073  ecall
  12999 02053823  sd x0, 48(a0)
  13000 02053c23  sd x0, 56(a0)
c2_13_s4_2736:
  13001 06b00213  addi tp, x0, 107
  13002 00452223  sw tp, 4(a0)
  13003 00000073  ecall
  13004 02053823  sd x0, 48(a0)
  13005 02053c23  sd x0, 56(a0)
c2_13_s5_2737:
  13006 06c00213  addi tp, x0, 108
  13007 00452223  sw tp, 4(a0)
  13008 00000073  ecall
  13009 02053823  sd x0, 48(a0)
  13010 02053c23  sd x0, 56(a0)
c2_13_s6_2738:
  13011 06d00213  addi tp, x0, 109
  13012 00452223  sw tp, 4(a0)
  13013 00000073  ecall
  13014 02053823  sd x0, 48(a0)
  13015 02053c23  sd x0, 56(a0)
c2_13_s7_2739:
  13016 06e00213  addi tp, x0, 110
  13017 00452223  sw tp, 4(a0)
  13018 43000613  addi a2, x0, 1072
  13019 00000073  ecall
  13020 02050613  addi a2, a0, 32
c2_13_next_2740:
  13021 2e00006f  jal x0, +736
rej_l2_2537:
  13022 d94f306f  jal x0, -51820
c2_0_g4_2547:
  13023 00e1fe63  bgeu gp, a4, +28
  13024 00d1fa63  bgeu gp, a3, +20
  13025 e90ff06f  jal x0, -2416
c2_0_p2_2548:
  13026 e64ff06f  jal x0, -2460
c2_0_p3_2549:
  13027 00000013  addi x0, x0, 0
  13028 e70ff06f  jal x0, -2448
c2_0_p5_2550:
  13029 e94ff06f  jal x0, -2412
c2_0_p6_2551:
  13030 00000013  addi x0, x0, 0
  13031 ea0ff06f  jal x0, -2400
c2_0_h7_2546:
  13032 36103023  sd ra, 864(x0)
  13033 36203423  sd sp, 872(x0)
  13034 00000013  addi x0, x0, 0
  13035 ea4ff06f  jal x0, -2396
c2_1_g4_2562:
  13036 00e1fe63  bgeu gp, a4, +28
  13037 00d1fa63  bgeu gp, a3, +20
  13038 f10ff06f  jal x0, -2288
c2_1_p2_2563:
  13039 ee4ff06f  jal x0, -2332
c2_1_p3_2564:
  13040 00000013  addi x0, x0, 0
  13041 ef0ff06f  jal x0, -2320
c2_1_p5_2565:
  13042 f14ff06f  jal x0, -2284
c2_1_p6_2566:
  13043 00000013  addi x0, x0, 0
  13044 f20ff06f  jal x0, -2272
c2_1_h7_2561:
  13045 36103823  sd ra, 880(x0)
  13046 36203c23  sd sp, 888(x0)
  13047 00000013  addi x0, x0, 0
  13048 f24ff06f  jal x0, -2268
c2_2_g4_2577:
  13049 00e1fe63  bgeu gp, a4, +28
  13050 00d1fa63  bgeu gp, a3, +20
  13051 f90ff06f  jal x0, -2160
c2_2_p2_2578:
  13052 f64ff06f  jal x0, -2204
c2_2_p3_2579:
  13053 00000013  addi x0, x0, 0
  13054 f70ff06f  jal x0, -2192
c2_2_p5_2580:
  13055 f94ff06f  jal x0, -2156
c2_2_p6_2581:
  13056 00000013  addi x0, x0, 0
  13057 fa0ff06f  jal x0, -2144
c2_2_h7_2576:
  13058 38103023  sd ra, 896(x0)
  13059 38203423  sd sp, 904(x0)
  13060 00000013  addi x0, x0, 0
  13061 fa4ff06f  jal x0, -2140
c2_3_g4_2592:
  13062 00e1fe63  bgeu gp, a4, +28
  13063 00d1fa63  bgeu gp, a3, +20
  13064 811ff06f  jal x0, -2032
c2_3_p2_2593:
  13065 fe4ff06f  jal x0, -2076
c2_3_p3_2594:
  13066 00000013  addi x0, x0, 0
  13067 ff0ff06f  jal x0, -2064
c2_3_p5_2595:
  13068 815ff06f  jal x0, -2028
c2_3_p6_2596:
  13069 00000013  addi x0, x0, 0
  13070 821ff06f  jal x0, -2016
c2_3_h7_2591:
  13071 38103823  sd ra, 912(x0)
  13072 38203c23  sd sp, 920(x0)
  13073 00000013  addi x0, x0, 0
  13074 825ff06f  jal x0, -2012
c2_4_g4_2607:
  13075 00e1fe63  bgeu gp, a4, +28
  13076 00d1fa63  bgeu gp, a3, +20
  13077 891ff06f  jal x0, -1904
c2_4_p2_2608:
  13078 865ff06f  jal x0, -1948
c2_4_p3_2609:
  13079 00000013  addi x0, x0, 0
  13080 871ff06f  jal x0, -1936
c2_4_p5_2610:
  13081 895ff06f  jal x0, -1900
c2_4_p6_2611:
  13082 00000013  addi x0, x0, 0
  13083 8a1ff06f  jal x0, -1888
c2_4_h7_2606:
  13084 3a103023  sd ra, 928(x0)
  13085 3a203423  sd sp, 936(x0)
  13086 00000013  addi x0, x0, 0
  13087 8a5ff06f  jal x0, -1884
c2_5_g4_2622:
  13088 00e1fe63  bgeu gp, a4, +28
  13089 00d1fa63  bgeu gp, a3, +20
  13090 911ff06f  jal x0, -1776
c2_5_p2_2623:
  13091 8e5ff06f  jal x0, -1820
c2_5_p3_2624:
  13092 00000013  addi x0, x0, 0
  13093 8f1ff06f  jal x0, -1808
c2_5_p5_2625:
  13094 915ff06f  jal x0, -1772
c2_5_p6_2626:
  13095 00000013  addi x0, x0, 0
  13096 921ff06f  jal x0, -1760
c2_5_h7_2621:
  13097 3a103823  sd ra, 944(x0)
  13098 3a203c23  sd sp, 952(x0)
  13099 00000013  addi x0, x0, 0
  13100 925ff06f  jal x0, -1756
c2_6_g4_2637:
  13101 00e1fe63  bgeu gp, a4, +28
  13102 00d1fa63  bgeu gp, a3, +20
  13103 991ff06f  jal x0, -1648
c2_6_p2_2638:
  13104 965ff06f  jal x0, -1692
c2_6_p3_2639:
  13105 00000013  addi x0, x0, 0
  13106 971ff06f  jal x0, -1680
c2_6_p5_2640:
  13107 995ff06f  jal x0, -1644
c2_6_p6_2641:
  13108 00000013  addi x0, x0, 0
  13109 9a1ff06f  jal x0, -1632
c2_6_h7_2636:
  13110 3c103023  sd ra, 960(x0)
  13111 3c203423  sd sp, 968(x0)
  13112 00000013  addi x0, x0, 0
  13113 9a5ff06f  jal x0, -1628
c2_7_g4_2652:
  13114 00e1fe63  bgeu gp, a4, +28
  13115 00d1fa63  bgeu gp, a3, +20
  13116 a11ff06f  jal x0, -1520
c2_7_p2_2653:
  13117 9e5ff06f  jal x0, -1564
c2_7_p3_2654:
  13118 00000013  addi x0, x0, 0
  13119 9f1ff06f  jal x0, -1552
c2_7_p5_2655:
  13120 a15ff06f  jal x0, -1516
c2_7_p6_2656:
  13121 00000013  addi x0, x0, 0
  13122 a21ff06f  jal x0, -1504
c2_7_h7_2651:
  13123 3c103823  sd ra, 976(x0)
  13124 3c203c23  sd sp, 984(x0)
  13125 00000013  addi x0, x0, 0
  13126 a25ff06f  jal x0, -1500
c2_8_g4_2667:
  13127 00e1fe63  bgeu gp, a4, +28
  13128 00d1fa63  bgeu gp, a3, +20
  13129 a91ff06f  jal x0, -1392
c2_8_p2_2668:
  13130 a65ff06f  jal x0, -1436
c2_8_p3_2669:
  13131 00000013  addi x0, x0, 0
  13132 a71ff06f  jal x0, -1424
c2_8_p5_2670:
  13133 a95ff06f  jal x0, -1388
c2_8_p6_2671:
  13134 00000013  addi x0, x0, 0
  13135 aa1ff06f  jal x0, -1376
c2_8_h7_2666:
  13136 3e103023  sd ra, 992(x0)
  13137 3e203423  sd sp, 1000(x0)
  13138 00000013  addi x0, x0, 0
  13139 aa5ff06f  jal x0, -1372
c2_9_g4_2682:
  13140 00e1fe63  bgeu gp, a4, +28
  13141 00d1fa63  bgeu gp, a3, +20
  13142 b11ff06f  jal x0, -1264
c2_9_p2_2683:
  13143 ae5ff06f  jal x0, -1308
c2_9_p3_2684:
  13144 00000013  addi x0, x0, 0
  13145 af1ff06f  jal x0, -1296
c2_9_p5_2685:
  13146 b15ff06f  jal x0, -1260
c2_9_p6_2686:
  13147 00000013  addi x0, x0, 0
  13148 b21ff06f  jal x0, -1248
c2_9_h7_2681:
  13149 3e103823  sd ra, 1008(x0)
  13150 3e203c23  sd sp, 1016(x0)
  13151 00000013  addi x0, x0, 0
  13152 b25ff06f  jal x0, -1244
c2_10_g4_2697:
  13153 00e1fe63  bgeu gp, a4, +28
  13154 00d1fa63  bgeu gp, a3, +20
  13155 b91ff06f  jal x0, -1136
c2_10_p2_2698:
  13156 b65ff06f  jal x0, -1180
c2_10_p3_2699:
  13157 00000013  addi x0, x0, 0
  13158 b71ff06f  jal x0, -1168
c2_10_p5_2700:
  13159 b95ff06f  jal x0, -1132
c2_10_p6_2701:
  13160 00000013  addi x0, x0, 0
  13161 ba1ff06f  jal x0, -1120
c2_10_h7_2696:
  13162 40103023  sd ra, 1024(x0)
  13163 40203423  sd sp, 1032(x0)
  13164 00000013  addi x0, x0, 0
  13165 ba5ff06f  jal x0, -1116
c2_11_g4_2712:
  13166 00e1fe63  bgeu gp, a4, +28
  13167 00d1fa63  bgeu gp, a3, +20
  13168 c11ff06f  jal x0, -1008
c2_11_p2_2713:
  13169 be5ff06f  jal x0, -1052
c2_11_p3_2714:
  13170 00000013  addi x0, x0, 0
  13171 bf1ff06f  jal x0, -1040
c2_11_p5_2715:
  13172 c15ff06f  jal x0, -1004
c2_11_p6_2716:
  13173 00000013  addi x0, x0, 0
  13174 c21ff06f  jal x0, -992
c2_11_h7_2711:
  13175 40103823  sd ra, 1040(x0)
  13176 40203c23  sd sp, 1048(x0)
  13177 00000013  addi x0, x0, 0
  13178 c25ff06f  jal x0, -988
c2_12_g4_2727:
  13179 00e1fe63  bgeu gp, a4, +28
  13180 00d1fa63  bgeu gp, a3, +20
  13181 c91ff06f  jal x0, -880
c2_12_p2_2728:
  13182 c65ff06f  jal x0, -924
c2_12_p3_2729:
  13183 00000013  addi x0, x0, 0
  13184 c71ff06f  jal x0, -912
c2_12_p5_2730:
  13185 c95ff06f  jal x0, -876
c2_12_p6_2731:
  13186 00000013  addi x0, x0, 0
  13187 ca1ff06f  jal x0, -864
c2_12_h7_2726:
  13188 42103023  sd ra, 1056(x0)
  13189 42203423  sd sp, 1064(x0)
  13190 00000013  addi x0, x0, 0
  13191 ca5ff06f  jal x0, -860
c2_13_g4_2742:
  13192 00e1fe63  bgeu gp, a4, +28
  13193 00d1fa63  bgeu gp, a3, +20
  13194 d11ff06f  jal x0, -752
c2_13_p2_2743:
  13195 ce5ff06f  jal x0, -796
c2_13_p3_2744:
  13196 00000013  addi x0, x0, 0
  13197 cf1ff06f  jal x0, -784
c2_13_p5_2745:
  13198 d15ff06f  jal x0, -748
c2_13_p6_2746:
  13199 00000013  addi x0, x0, 0
  13200 d21ff06f  jal x0, -736
c2_13_h7_2741:
  13201 42103823  sd ra, 1072(x0)
  13202 42203c23  sd sp, 1080(x0)
  13203 00000013  addi x0, x0, 0
  13204 d25ff06f  jal x0, -732
        ; chain lay=2 i=14
l2_after0_2748:
c2_14_2763:
  13205 01381193  slli gp, a6, 19
  13206 070a3083  ld ra, 112(s4)
  13207 078a3103  ld sp, 120(s4)
  13208 0e103023  sd ra, 224(x0)
  13209 0e203423  sd sp, 232(x0)
  13210 1ef1f6e3  bgeu gp, a5, +2540
  13211 1c91f2e3  bgeu gp, s1, +2500
  13212 1c81f8e3  bgeu gp, s0, +2512
  13213 1c71f4e3  bgeu gp, t2, +2504
  13214 0061fc63  bgeu gp, t1, +24
c2_14_s1_2749:
  13215 07000213  addi tp, x0, 112
  13216 00452223  sw tp, 4(a0)
  13217 00000073  ecall
  13218 02053823  sd x0, 48(a0)
  13219 02053c23  sd x0, 56(a0)
c2_14_s2_2750:
  13220 07100213  addi tp, x0, 113
  13221 00452223  sw tp, 4(a0)
  13222 00000073  ecall
  13223 02053823  sd x0, 48(a0)
  13224 02053c23  sd x0, 56(a0)
c2_14_s3_2751:
  13225 07200213  addi tp, x0, 114
  13226 00452223  sw tp, 4(a0)
  13227 00000073  ecall
  13228 02053823  sd x0, 48(a0)
  13229 02053c23  sd x0, 56(a0)
c2_14_s4_2752:
  13230 07300213  addi tp, x0, 115
  13231 00452223  sw tp, 4(a0)
  13232 00000073  ecall
  13233 02053823  sd x0, 48(a0)
  13234 02053c23  sd x0, 56(a0)
c2_14_s5_2753:
  13235 07400213  addi tp, x0, 116
  13236 00452223  sw tp, 4(a0)
  13237 00000073  ecall
  13238 02053823  sd x0, 48(a0)
  13239 02053c23  sd x0, 56(a0)
c2_14_s6_2754:
  13240 07500213  addi tp, x0, 117
  13241 00452223  sw tp, 4(a0)
  13242 00000073  ecall
  13243 02053823  sd x0, 48(a0)
  13244 02053c23  sd x0, 56(a0)
c2_14_s7_2755:
  13245 07600213  addi tp, x0, 118
  13246 00452223  sw tp, 4(a0)
  13247 44000613  addi a2, x0, 1088
  13248 00000073  ecall
  13249 02050613  addi a2, a0, 32
        ; chain lay=2 i=15
c2_14_next_2756:
c2_15_2778:
  13250 01081193  slli gp, a6, 16
  13251 080a3083  ld ra, 128(s4)
  13252 088a3103  ld sp, 136(s4)
  13253 0e103023  sd ra, 224(x0)
  13254 0e203423  sd sp, 232(x0)
  13255 16f1f6e3  bgeu gp, a5, +2412
  13256 1491f2e3  bgeu gp, s1, +2372
  13257 1481f8e3  bgeu gp, s0, +2384
  13258 1471f4e3  bgeu gp, t2, +2376
  13259 0061fc63  bgeu gp, t1, +24
c2_15_s1_2764:
  13260 07800213  addi tp, x0, 120
  13261 00452223  sw tp, 4(a0)
  13262 00000073  ecall
  13263 02053823  sd x0, 48(a0)
  13264 02053c23  sd x0, 56(a0)
c2_15_s2_2765:
  13265 07900213  addi tp, x0, 121
  13266 00452223  sw tp, 4(a0)
  13267 00000073  ecall
  13268 02053823  sd x0, 48(a0)
  13269 02053c23  sd x0, 56(a0)
c2_15_s3_2766:
  13270 07a00213  addi tp, x0, 122
  13271 00452223  sw tp, 4(a0)
  13272 00000073  ecall
  13273 02053823  sd x0, 48(a0)
  13274 02053c23  sd x0, 56(a0)
c2_15_s4_2767:
  13275 07b00213  addi tp, x0, 123
  13276 00452223  sw tp, 4(a0)
  13277 00000073  ecall
  13278 02053823  sd x0, 48(a0)
  13279 02053c23  sd x0, 56(a0)
c2_15_s5_2768:
  13280 07c00213  addi tp, x0, 124
  13281 00452223  sw tp, 4(a0)
  13282 00000073  ecall
  13283 02053823  sd x0, 48(a0)
  13284 02053c23  sd x0, 56(a0)
c2_15_s6_2769:
  13285 07d00213  addi tp, x0, 125
  13286 00452223  sw tp, 4(a0)
  13287 00000073  ecall
  13288 02053823  sd x0, 48(a0)
  13289 02053c23  sd x0, 56(a0)
c2_15_s7_2770:
  13290 07e00213  addi tp, x0, 126
  13291 00452223  sw tp, 4(a0)
  13292 45000613  addi a2, x0, 1104
  13293 00000073  ecall
  13294 02050613  addi a2, a0, 32
        ; chain lay=2 i=16
c2_15_next_2771:
c2_16_2793:
  13295 00d81193  slli gp, a6, 13
  13296 090a3083  ld ra, 144(s4)
  13297 098a3103  ld sp, 152(s4)
  13298 0e103023  sd ra, 224(x0)
  13299 0e203423  sd sp, 232(x0)
  13300 0ef1f6e3  bgeu gp, a5, +2284
  13301 0c91f2e3  bgeu gp, s1, +2244
  13302 0c81f8e3  bgeu gp, s0, +2256
  13303 0c71f4e3  bgeu gp, t2, +2248
  13304 0061fc63  bgeu gp, t1, +24
c2_16_s1_2779:
  13305 08000213  addi tp, x0, 128
  13306 00452223  sw tp, 4(a0)
  13307 00000073  ecall
  13308 02053823  sd x0, 48(a0)
  13309 02053c23  sd x0, 56(a0)
c2_16_s2_2780:
  13310 08100213  addi tp, x0, 129
  13311 00452223  sw tp, 4(a0)
  13312 00000073  ecall
  13313 02053823  sd x0, 48(a0)
  13314 02053c23  sd x0, 56(a0)
c2_16_s3_2781:
  13315 08200213  addi tp, x0, 130
  13316 00452223  sw tp, 4(a0)
  13317 00000073  ecall
  13318 02053823  sd x0, 48(a0)
  13319 02053c23  sd x0, 56(a0)
c2_16_s4_2782:
  13320 08300213  addi tp, x0, 131
  13321 00452223  sw tp, 4(a0)
  13322 00000073  ecall
  13323 02053823  sd x0, 48(a0)
  13324 02053c23  sd x0, 56(a0)
c2_16_s5_2783:
  13325 08400213  addi tp, x0, 132
  13326 00452223  sw tp, 4(a0)
  13327 00000073  ecall
  13328 02053823  sd x0, 48(a0)
  13329 02053c23  sd x0, 56(a0)
c2_16_s6_2784:
  13330 08500213  addi tp, x0, 133
  13331 00452223  sw tp, 4(a0)
  13332 00000073  ecall
  13333 02053823  sd x0, 48(a0)
  13334 02053c23  sd x0, 56(a0)
c2_16_s7_2785:
  13335 08600213  addi tp, x0, 134
  13336 00452223  sw tp, 4(a0)
  13337 46000613  addi a2, x0, 1120
  13338 00000073  ecall
  13339 02050613  addi a2, a0, 32
        ; chain lay=2 i=17
c2_16_next_2786:
c2_17_2808:
  13340 00a81193  slli gp, a6, 10
  13341 0a0a3083  ld ra, 160(s4)
  13342 0a8a3103  ld sp, 168(s4)
  13343 0e103023  sd ra, 224(x0)
  13344 0e203423  sd sp, 232(x0)
  13345 06f1f6e3  bgeu gp, a5, +2156
  13346 0491f2e3  bgeu gp, s1, +2116
  13347 0481f8e3  bgeu gp, s0, +2128
  13348 0471f4e3  bgeu gp, t2, +2120
  13349 0061fc63  bgeu gp, t1, +24
c2_17_s1_2794:
  13350 08800213  addi tp, x0, 136
  13351 00452223  sw tp, 4(a0)
  13352 00000073  ecall
  13353 02053823  sd x0, 48(a0)
  13354 02053c23  sd x0, 56(a0)
c2_17_s2_2795:
  13355 08900213  addi tp, x0, 137
  13356 00452223  sw tp, 4(a0)
  13357 00000073  ecall
  13358 02053823  sd x0, 48(a0)
  13359 02053c23  sd x0, 56(a0)
c2_17_s3_2796:
  13360 08a00213  addi tp, x0, 138
  13361 00452223  sw tp, 4(a0)
  13362 00000073  ecall
  13363 02053823  sd x0, 48(a0)
  13364 02053c23  sd x0, 56(a0)
c2_17_s4_2797:
  13365 08b00213  addi tp, x0, 139
  13366 00452223  sw tp, 4(a0)
  13367 00000073  ecall
  13368 02053823  sd x0, 48(a0)
  13369 02053c23  sd x0, 56(a0)
c2_17_s5_2798:
  13370 08c00213  addi tp, x0, 140
  13371 00452223  sw tp, 4(a0)
  13372 00000073  ecall
  13373 02053823  sd x0, 48(a0)
  13374 02053c23  sd x0, 56(a0)
c2_17_s6_2799:
  13375 08d00213  addi tp, x0, 141
  13376 00452223  sw tp, 4(a0)
  13377 00000073  ecall
  13378 02053823  sd x0, 48(a0)
  13379 02053c23  sd x0, 56(a0)
c2_17_s7_2800:
  13380 08e00213  addi tp, x0, 142
  13381 00452223  sw tp, 4(a0)
  13382 47000613  addi a2, x0, 1136
  13383 00000073  ecall
  13384 02050613  addi a2, a0, 32
        ; chain lay=2 i=18
c2_17_next_2801:
c2_18_2823:
  13385 00781193  slli gp, a6, 7
  13386 0b0a3083  ld ra, 176(s4)
  13387 0b8a3103  ld sp, 184(s4)
  13388 0e103023  sd ra, 224(x0)
  13389 0e203423  sd sp, 232(x0)
  13390 7ef1f663  bgeu gp, a5, +2028
  13391 7c91f263  bgeu gp, s1, +1988
  13392 7c81f863  bgeu gp, s0, +2000
  13393 7c71f463  bgeu gp, t2, +1992
  13394 0061fc63  bgeu gp, t1, +24
c2_18_s1_2809:
  13395 09000213  addi tp, x0, 144
  13396 00452223  sw tp, 4(a0)
  13397 00000073  ecall
  13398 02053823  sd x0, 48(a0)
  13399 02053c23  sd x0, 56(a0)
c2_18_s2_2810:
  13400 09100213  addi tp, x0, 145
  13401 00452223  sw tp, 4(a0)
  13402 00000073  ecall
  13403 02053823  sd x0, 48(a0)
  13404 02053c23  sd x0, 56(a0)
c2_18_s3_2811:
  13405 09200213  addi tp, x0, 146
  13406 00452223  sw tp, 4(a0)
  13407 00000073  ecall
  13408 02053823  sd x0, 48(a0)
  13409 02053c23  sd x0, 56(a0)
c2_18_s4_2812:
  13410 09300213  addi tp, x0, 147
  13411 00452223  sw tp, 4(a0)
  13412 00000073  ecall
  13413 02053823  sd x0, 48(a0)
  13414 02053c23  sd x0, 56(a0)
c2_18_s5_2813:
  13415 09400213  addi tp, x0, 148
  13416 00452223  sw tp, 4(a0)
  13417 00000073  ecall
  13418 02053823  sd x0, 48(a0)
  13419 02053c23  sd x0, 56(a0)
c2_18_s6_2814:
  13420 09500213  addi tp, x0, 149
  13421 00452223  sw tp, 4(a0)
  13422 00000073  ecall
  13423 02053823  sd x0, 48(a0)
  13424 02053c23  sd x0, 56(a0)
c2_18_s7_2815:
  13425 09600213  addi tp, x0, 150
  13426 00452223  sw tp, 4(a0)
  13427 48000613  addi a2, x0, 1152
  13428 00000073  ecall
  13429 02050613  addi a2, a0, 32
        ; chain lay=2 i=19
c2_18_next_2816:
c2_19_2838:
  13430 00481193  slli gp, a6, 4
  13431 0c0a3083  ld ra, 192(s4)
  13432 0c8a3103  ld sp, 200(s4)
  13433 0e103023  sd ra, 224(x0)
  13434 0e203423  sd sp, 232(x0)
  13435 76f1f663  bgeu gp, a5, +1900
  13436 7491f263  bgeu gp, s1, +1860
  13437 7481f863  bgeu gp, s0, +1872
  13438 7471f463  bgeu gp, t2, +1864
  13439 0061fc63  bgeu gp, t1, +24
c2_19_s1_2824:
  13440 09800213  addi tp, x0, 152
  13441 00452223  sw tp, 4(a0)
  13442 00000073  ecall
  13443 02053823  sd x0, 48(a0)
  13444 02053c23  sd x0, 56(a0)
c2_19_s2_2825:
  13445 09900213  addi tp, x0, 153
  13446 00452223  sw tp, 4(a0)
  13447 00000073  ecall
  13448 02053823  sd x0, 48(a0)
  13449 02053c23  sd x0, 56(a0)
c2_19_s3_2826:
  13450 09a00213  addi tp, x0, 154
  13451 00452223  sw tp, 4(a0)
  13452 00000073  ecall
  13453 02053823  sd x0, 48(a0)
  13454 02053c23  sd x0, 56(a0)
c2_19_s4_2827:
  13455 09b00213  addi tp, x0, 155
  13456 00452223  sw tp, 4(a0)
  13457 00000073  ecall
  13458 02053823  sd x0, 48(a0)
  13459 02053c23  sd x0, 56(a0)
c2_19_s5_2828:
  13460 09c00213  addi tp, x0, 156
  13461 00452223  sw tp, 4(a0)
  13462 00000073  ecall
  13463 02053823  sd x0, 48(a0)
  13464 02053c23  sd x0, 56(a0)
c2_19_s6_2829:
  13465 09d00213  addi tp, x0, 157
  13466 00452223  sw tp, 4(a0)
  13467 00000073  ecall
  13468 02053823  sd x0, 48(a0)
  13469 02053c23  sd x0, 56(a0)
c2_19_s7_2830:
  13470 09e00213  addi tp, x0, 158
  13471 00452223  sw tp, 4(a0)
  13472 49000613  addi a2, x0, 1168
  13473 00000073  ecall
  13474 02050613  addi a2, a0, 32
        ; chain lay=2 i=20
c2_19_next_2831:
c2_20_2853:
  13475 00181193  slli gp, a6, 1
  13476 0d0a3083  ld ra, 208(s4)
  13477 0d8a3103  ld sp, 216(s4)
  13478 0e103023  sd ra, 224(x0)
  13479 0e203423  sd sp, 232(x0)
  13480 6ef1f663  bgeu gp, a5, +1772
  13481 6c91f263  bgeu gp, s1, +1732
  13482 6c81f863  bgeu gp, s0, +1744
  13483 6c71f463  bgeu gp, t2, +1736
  13484 0061fc63  bgeu gp, t1, +24
c2_20_s1_2839:
  13485 0a000213  addi tp, x0, 160
  13486 00452223  sw tp, 4(a0)
  13487 00000073  ecall
  13488 02053823  sd x0, 48(a0)
  13489 02053c23  sd x0, 56(a0)
c2_20_s2_2840:
  13490 0a100213  addi tp, x0, 161
  13491 00452223  sw tp, 4(a0)
  13492 00000073  ecall
  13493 02053823  sd x0, 48(a0)
  13494 02053c23  sd x0, 56(a0)
c2_20_s3_2841:
  13495 0a200213  addi tp, x0, 162
  13496 00452223  sw tp, 4(a0)
  13497 00000073  ecall
  13498 02053823  sd x0, 48(a0)
  13499 02053c23  sd x0, 56(a0)
c2_20_s4_2842:
  13500 0a300213  addi tp, x0, 163
  13501 00452223  sw tp, 4(a0)
  13502 00000073  ecall
  13503 02053823  sd x0, 48(a0)
  13504 02053c23  sd x0, 56(a0)
c2_20_s5_2843:
  13505 0a400213  addi tp, x0, 164
  13506 00452223  sw tp, 4(a0)
  13507 00000073  ecall
  13508 02053823  sd x0, 48(a0)
  13509 02053c23  sd x0, 56(a0)
c2_20_s6_2844:
  13510 0a500213  addi tp, x0, 165
  13511 00452223  sw tp, 4(a0)
  13512 00000073  ecall
  13513 02053823  sd x0, 48(a0)
  13514 02053c23  sd x0, 56(a0)
c2_20_s7_2845:
  13515 0a600213  addi tp, x0, 166
  13516 00452223  sw tp, 4(a0)
  13517 4a000613  addi a2, x0, 1184
  13518 00000073  ecall
  13519 02050613  addi a2, a0, 32
        ; chain lay=2 i=21
c2_20_next_2846:
c2_21_2868:
  13520 03d89193  slli gp, a7, 61
  13521 0e0a3083  ld ra, 224(s4)
  13522 0e8a3103  ld sp, 232(s4)
  13523 0e103023  sd ra, 224(x0)
  13524 0e203423  sd sp, 232(x0)
  13525 66f1f663  bgeu gp, a5, +1644
  13526 6491f263  bgeu gp, s1, +1604
  13527 6481f863  bgeu gp, s0, +1616
  13528 6471f463  bgeu gp, t2, +1608
  13529 0061fc63  bgeu gp, t1, +24
c2_21_s1_2854:
  13530 0a800213  addi tp, x0, 168
  13531 00452223  sw tp, 4(a0)
  13532 00000073  ecall
  13533 02053823  sd x0, 48(a0)
  13534 02053c23  sd x0, 56(a0)
c2_21_s2_2855:
  13535 0a900213  addi tp, x0, 169
  13536 00452223  sw tp, 4(a0)
  13537 00000073  ecall
  13538 02053823  sd x0, 48(a0)
  13539 02053c23  sd x0, 56(a0)
c2_21_s3_2856:
  13540 0aa00213  addi tp, x0, 170
  13541 00452223  sw tp, 4(a0)
  13542 00000073  ecall
  13543 02053823  sd x0, 48(a0)
  13544 02053c23  sd x0, 56(a0)
c2_21_s4_2857:
  13545 0ab00213  addi tp, x0, 171
  13546 00452223  sw tp, 4(a0)
  13547 00000073  ecall
  13548 02053823  sd x0, 48(a0)
  13549 02053c23  sd x0, 56(a0)
c2_21_s5_2858:
  13550 0ac00213  addi tp, x0, 172
  13551 00452223  sw tp, 4(a0)
  13552 00000073  ecall
  13553 02053823  sd x0, 48(a0)
  13554 02053c23  sd x0, 56(a0)
c2_21_s6_2859:
  13555 0ad00213  addi tp, x0, 173
  13556 00452223  sw tp, 4(a0)
  13557 00000073  ecall
  13558 02053823  sd x0, 48(a0)
  13559 02053c23  sd x0, 56(a0)
c2_21_s7_2860:
  13560 0ae00213  addi tp, x0, 174
  13561 00452223  sw tp, 4(a0)
  13562 4b000613  addi a2, x0, 1200
  13563 00000073  ecall
  13564 02050613  addi a2, a0, 32
        ; chain lay=2 i=22
c2_21_next_2861:
c2_22_2883:
  13565 03a89193  slli gp, a7, 58
  13566 0f0a3083  ld ra, 240(s4)
  13567 0f8a3103  ld sp, 248(s4)
  13568 0e103023  sd ra, 224(x0)
  13569 0e203423  sd sp, 232(x0)
  13570 5ef1f663  bgeu gp, a5, +1516
  13571 5c91f263  bgeu gp, s1, +1476
  13572 5c81f863  bgeu gp, s0, +1488
  13573 5c71f463  bgeu gp, t2, +1480
  13574 0061fc63  bgeu gp, t1, +24
c2_22_s1_2869:
  13575 0b000213  addi tp, x0, 176
  13576 00452223  sw tp, 4(a0)
  13577 00000073  ecall
  13578 02053823  sd x0, 48(a0)
  13579 02053c23  sd x0, 56(a0)
c2_22_s2_2870:
  13580 0b100213  addi tp, x0, 177
  13581 00452223  sw tp, 4(a0)
  13582 00000073  ecall
  13583 02053823  sd x0, 48(a0)
  13584 02053c23  sd x0, 56(a0)
c2_22_s3_2871:
  13585 0b200213  addi tp, x0, 178
  13586 00452223  sw tp, 4(a0)
  13587 00000073  ecall
  13588 02053823  sd x0, 48(a0)
  13589 02053c23  sd x0, 56(a0)
c2_22_s4_2872:
  13590 0b300213  addi tp, x0, 179
  13591 00452223  sw tp, 4(a0)
  13592 00000073  ecall
  13593 02053823  sd x0, 48(a0)
  13594 02053c23  sd x0, 56(a0)
c2_22_s5_2873:
  13595 0b400213  addi tp, x0, 180
  13596 00452223  sw tp, 4(a0)
  13597 00000073  ecall
  13598 02053823  sd x0, 48(a0)
  13599 02053c23  sd x0, 56(a0)
c2_22_s6_2874:
  13600 0b500213  addi tp, x0, 181
  13601 00452223  sw tp, 4(a0)
  13602 00000073  ecall
  13603 02053823  sd x0, 48(a0)
  13604 02053c23  sd x0, 56(a0)
c2_22_s7_2875:
  13605 0b600213  addi tp, x0, 182
  13606 00452223  sw tp, 4(a0)
  13607 4c000613  addi a2, x0, 1216
  13608 00000073  ecall
  13609 02050613  addi a2, a0, 32
        ; chain lay=2 i=23
c2_22_next_2876:
c2_23_2898:
  13610 03789193  slli gp, a7, 55
  13611 100a3083  ld ra, 256(s4)
  13612 108a3103  ld sp, 264(s4)
  13613 0e103023  sd ra, 224(x0)
  13614 0e203423  sd sp, 232(x0)
  13615 56f1f663  bgeu gp, a5, +1388
  13616 5491f263  bgeu gp, s1, +1348
  13617 5481f863  bgeu gp, s0, +1360
  13618 5471f463  bgeu gp, t2, +1352
  13619 0061fc63  bgeu gp, t1, +24
c2_23_s1_2884:
  13620 0b800213  addi tp, x0, 184
  13621 00452223  sw tp, 4(a0)
  13622 00000073  ecall
  13623 02053823  sd x0, 48(a0)
  13624 02053c23  sd x0, 56(a0)
c2_23_s2_2885:
  13625 0b900213  addi tp, x0, 185
  13626 00452223  sw tp, 4(a0)
  13627 00000073  ecall
  13628 02053823  sd x0, 48(a0)
  13629 02053c23  sd x0, 56(a0)
c2_23_s3_2886:
  13630 0ba00213  addi tp, x0, 186
  13631 00452223  sw tp, 4(a0)
  13632 00000073  ecall
  13633 02053823  sd x0, 48(a0)
  13634 02053c23  sd x0, 56(a0)
c2_23_s4_2887:
  13635 0bb00213  addi tp, x0, 187
  13636 00452223  sw tp, 4(a0)
  13637 00000073  ecall
  13638 02053823  sd x0, 48(a0)
  13639 02053c23  sd x0, 56(a0)
c2_23_s5_2888:
  13640 0bc00213  addi tp, x0, 188
  13641 00452223  sw tp, 4(a0)
  13642 00000073  ecall
  13643 02053823  sd x0, 48(a0)
  13644 02053c23  sd x0, 56(a0)
c2_23_s6_2889:
  13645 0bd00213  addi tp, x0, 189
  13646 00452223  sw tp, 4(a0)
  13647 00000073  ecall
  13648 02053823  sd x0, 48(a0)
  13649 02053c23  sd x0, 56(a0)
c2_23_s7_2890:
  13650 0be00213  addi tp, x0, 190
  13651 00452223  sw tp, 4(a0)
  13652 4d000613  addi a2, x0, 1232
  13653 00000073  ecall
  13654 02050613  addi a2, a0, 32
        ; chain lay=2 i=24
c2_23_next_2891:
c2_24_2913:
  13655 03489193  slli gp, a7, 52
  13656 110a3083  ld ra, 272(s4)
  13657 118a3103  ld sp, 280(s4)
  13658 0e103023  sd ra, 224(x0)
  13659 0e203423  sd sp, 232(x0)
  13660 4ef1f663  bgeu gp, a5, +1260
  13661 4c91f263  bgeu gp, s1, +1220
  13662 4c81f863  bgeu gp, s0, +1232
  13663 4c71f463  bgeu gp, t2, +1224
  13664 0061fc63  bgeu gp, t1, +24
c2_24_s1_2899:
  13665 0c000213  addi tp, x0, 192
  13666 00452223  sw tp, 4(a0)
  13667 00000073  ecall
  13668 02053823  sd x0, 48(a0)
  13669 02053c23  sd x0, 56(a0)
c2_24_s2_2900:
  13670 0c100213  addi tp, x0, 193
  13671 00452223  sw tp, 4(a0)
  13672 00000073  ecall
  13673 02053823  sd x0, 48(a0)
  13674 02053c23  sd x0, 56(a0)
c2_24_s3_2901:
  13675 0c200213  addi tp, x0, 194
  13676 00452223  sw tp, 4(a0)
  13677 00000073  ecall
  13678 02053823  sd x0, 48(a0)
  13679 02053c23  sd x0, 56(a0)
c2_24_s4_2902:
  13680 0c300213  addi tp, x0, 195
  13681 00452223  sw tp, 4(a0)
  13682 00000073  ecall
  13683 02053823  sd x0, 48(a0)
  13684 02053c23  sd x0, 56(a0)
c2_24_s5_2903:
  13685 0c400213  addi tp, x0, 196
  13686 00452223  sw tp, 4(a0)
  13687 00000073  ecall
  13688 02053823  sd x0, 48(a0)
  13689 02053c23  sd x0, 56(a0)
c2_24_s6_2904:
  13690 0c500213  addi tp, x0, 197
  13691 00452223  sw tp, 4(a0)
  13692 00000073  ecall
  13693 02053823  sd x0, 48(a0)
  13694 02053c23  sd x0, 56(a0)
c2_24_s7_2905:
  13695 0c600213  addi tp, x0, 198
  13696 00452223  sw tp, 4(a0)
  13697 4e000613  addi a2, x0, 1248
  13698 00000073  ecall
  13699 02050613  addi a2, a0, 32
        ; chain lay=2 i=25
c2_24_next_2906:
c2_25_2928:
  13700 03189193  slli gp, a7, 49
  13701 120a3083  ld ra, 288(s4)
  13702 128a3103  ld sp, 296(s4)
  13703 0e103023  sd ra, 224(x0)
  13704 0e203423  sd sp, 232(x0)
  13705 46f1f663  bgeu gp, a5, +1132
  13706 4491f263  bgeu gp, s1, +1092
  13707 4481f863  bgeu gp, s0, +1104
  13708 4471f463  bgeu gp, t2, +1096
  13709 0061fc63  bgeu gp, t1, +24
c2_25_s1_2914:
  13710 0c800213  addi tp, x0, 200
  13711 00452223  sw tp, 4(a0)
  13712 00000073  ecall
  13713 02053823  sd x0, 48(a0)
  13714 02053c23  sd x0, 56(a0)
c2_25_s2_2915:
  13715 0c900213  addi tp, x0, 201
  13716 00452223  sw tp, 4(a0)
  13717 00000073  ecall
  13718 02053823  sd x0, 48(a0)
  13719 02053c23  sd x0, 56(a0)
c2_25_s3_2916:
  13720 0ca00213  addi tp, x0, 202
  13721 00452223  sw tp, 4(a0)
  13722 00000073  ecall
  13723 02053823  sd x0, 48(a0)
  13724 02053c23  sd x0, 56(a0)
c2_25_s4_2917:
  13725 0cb00213  addi tp, x0, 203
  13726 00452223  sw tp, 4(a0)
  13727 00000073  ecall
  13728 02053823  sd x0, 48(a0)
  13729 02053c23  sd x0, 56(a0)
c2_25_s5_2918:
  13730 0cc00213  addi tp, x0, 204
  13731 00452223  sw tp, 4(a0)
  13732 00000073  ecall
  13733 02053823  sd x0, 48(a0)
  13734 02053c23  sd x0, 56(a0)
c2_25_s6_2919:
  13735 0cd00213  addi tp, x0, 205
  13736 00452223  sw tp, 4(a0)
  13737 00000073  ecall
  13738 02053823  sd x0, 48(a0)
  13739 02053c23  sd x0, 56(a0)
c2_25_s7_2920:
  13740 0ce00213  addi tp, x0, 206
  13741 00452223  sw tp, 4(a0)
  13742 4f000613  addi a2, x0, 1264
  13743 00000073  ecall
  13744 02050613  addi a2, a0, 32
        ; chain lay=2 i=26
c2_25_next_2921:
c2_26_2943:
  13745 02e89193  slli gp, a7, 46
  13746 130a3083  ld ra, 304(s4)
  13747 138a3103  ld sp, 312(s4)
  13748 0e103023  sd ra, 224(x0)
  13749 0e203423  sd sp, 232(x0)
  13750 3ef1f663  bgeu gp, a5, +1004
  13751 3c91f263  bgeu gp, s1, +964
  13752 3c81f863  bgeu gp, s0, +976
  13753 3c71f463  bgeu gp, t2, +968
  13754 0061fc63  bgeu gp, t1, +24
c2_26_s1_2929:
  13755 0d000213  addi tp, x0, 208
  13756 00452223  sw tp, 4(a0)
  13757 00000073  ecall
  13758 02053823  sd x0, 48(a0)
  13759 02053c23  sd x0, 56(a0)
c2_26_s2_2930:
  13760 0d100213  addi tp, x0, 209
  13761 00452223  sw tp, 4(a0)
  13762 00000073  ecall
  13763 02053823  sd x0, 48(a0)
  13764 02053c23  sd x0, 56(a0)
c2_26_s3_2931:
  13765 0d200213  addi tp, x0, 210
  13766 00452223  sw tp, 4(a0)
  13767 00000073  ecall
  13768 02053823  sd x0, 48(a0)
  13769 02053c23  sd x0, 56(a0)
c2_26_s4_2932:
  13770 0d300213  addi tp, x0, 211
  13771 00452223  sw tp, 4(a0)
  13772 00000073  ecall
  13773 02053823  sd x0, 48(a0)
  13774 02053c23  sd x0, 56(a0)
c2_26_s5_2933:
  13775 0d400213  addi tp, x0, 212
  13776 00452223  sw tp, 4(a0)
  13777 00000073  ecall
  13778 02053823  sd x0, 48(a0)
  13779 02053c23  sd x0, 56(a0)
c2_26_s6_2934:
  13780 0d500213  addi tp, x0, 213
  13781 00452223  sw tp, 4(a0)
  13782 00000073  ecall
  13783 02053823  sd x0, 48(a0)
  13784 02053c23  sd x0, 56(a0)
c2_26_s7_2935:
  13785 0d600213  addi tp, x0, 214
  13786 00452223  sw tp, 4(a0)
  13787 50000613  addi a2, x0, 1280
  13788 00000073  ecall
  13789 02050613  addi a2, a0, 32
        ; chain lay=2 i=27
c2_26_next_2936:
c2_27_2958:
  13790 02b89193  slli gp, a7, 43
  13791 140a3083  ld ra, 320(s4)
  13792 148a3103  ld sp, 328(s4)
  13793 0e103023  sd ra, 224(x0)
  13794 0e203423  sd sp, 232(x0)
  13795 36f1f663  bgeu gp, a5, +876
  13796 3491f263  bgeu gp, s1, +836
  13797 3481f863  bgeu gp, s0, +848
  13798 3471f463  bgeu gp, t2, +840
  13799 0061fc63  bgeu gp, t1, +24
c2_27_s1_2944:
  13800 0d800213  addi tp, x0, 216
  13801 00452223  sw tp, 4(a0)
  13802 00000073  ecall
  13803 02053823  sd x0, 48(a0)
  13804 02053c23  sd x0, 56(a0)
c2_27_s2_2945:
  13805 0d900213  addi tp, x0, 217
  13806 00452223  sw tp, 4(a0)
  13807 00000073  ecall
  13808 02053823  sd x0, 48(a0)
  13809 02053c23  sd x0, 56(a0)
c2_27_s3_2946:
  13810 0da00213  addi tp, x0, 218
  13811 00452223  sw tp, 4(a0)
  13812 00000073  ecall
  13813 02053823  sd x0, 48(a0)
  13814 02053c23  sd x0, 56(a0)
c2_27_s4_2947:
  13815 0db00213  addi tp, x0, 219
  13816 00452223  sw tp, 4(a0)
  13817 00000073  ecall
  13818 02053823  sd x0, 48(a0)
  13819 02053c23  sd x0, 56(a0)
c2_27_s5_2948:
  13820 0dc00213  addi tp, x0, 220
  13821 00452223  sw tp, 4(a0)
  13822 00000073  ecall
  13823 02053823  sd x0, 48(a0)
  13824 02053c23  sd x0, 56(a0)
c2_27_s6_2949:
  13825 0dd00213  addi tp, x0, 221
  13826 00452223  sw tp, 4(a0)
  13827 00000073  ecall
  13828 02053823  sd x0, 48(a0)
  13829 02053c23  sd x0, 56(a0)
c2_27_s7_2950:
  13830 0de00213  addi tp, x0, 222
  13831 00452223  sw tp, 4(a0)
  13832 51000613  addi a2, x0, 1296
  13833 00000073  ecall
  13834 02050613  addi a2, a0, 32
c2_27_next_2951:
  13835 2dc0006f  jal x0, +732
c2_14_g4_2758:
  13836 00e1fe63  bgeu gp, a4, +28
  13837 00d1fa63  bgeu gp, a3, +20
  13838 e94ff06f  jal x0, -2412
c2_14_p2_2759:
  13839 e68ff06f  jal x0, -2456
c2_14_p3_2760:
  13840 00000013  addi x0, x0, 0
  13841 e74ff06f  jal x0, -2444
c2_14_p5_2761:
  13842 e98ff06f  jal x0, -2408
c2_14_p6_2762:
  13843 00000013  addi x0, x0, 0
  13844 ea4ff06f  jal x0, -2396
c2_14_h7_2757:
  13845 44103023  sd ra, 1088(x0)
  13846 44203423  sd sp, 1096(x0)
  13847 00000013  addi x0, x0, 0
  13848 ea8ff06f  jal x0, -2392
c2_15_g4_2773:
  13849 00e1fe63  bgeu gp, a4, +28
  13850 00d1fa63  bgeu gp, a3, +20
  13851 f14ff06f  jal x0, -2284
c2_15_p2_2774:
  13852 ee8ff06f  jal x0, -2328
c2_15_p3_2775:
  13853 00000013  addi x0, x0, 0
  13854 ef4ff06f  jal x0, -2316
c2_15_p5_2776:
  13855 f18ff06f  jal x0, -2280
c2_15_p6_2777:
  13856 00000013  addi x0, x0, 0
  13857 f24ff06f  jal x0, -2268
c2_15_h7_2772:
  13858 44103823  sd ra, 1104(x0)
  13859 44203c23  sd sp, 1112(x0)
  13860 00000013  addi x0, x0, 0
  13861 f28ff06f  jal x0, -2264
c2_16_g4_2788:
  13862 00e1fe63  bgeu gp, a4, +28
  13863 00d1fa63  bgeu gp, a3, +20
  13864 f94ff06f  jal x0, -2156
c2_16_p2_2789:
  13865 f68ff06f  jal x0, -2200
c2_16_p3_2790:
  13866 00000013  addi x0, x0, 0
  13867 f74ff06f  jal x0, -2188
c2_16_p5_2791:
  13868 f98ff06f  jal x0, -2152
c2_16_p6_2792:
  13869 00000013  addi x0, x0, 0
  13870 fa4ff06f  jal x0, -2140
c2_16_h7_2787:
  13871 46103023  sd ra, 1120(x0)
  13872 46203423  sd sp, 1128(x0)
  13873 00000013  addi x0, x0, 0
  13874 fa8ff06f  jal x0, -2136
c2_17_g4_2803:
  13875 00e1fe63  bgeu gp, a4, +28
  13876 00d1fa63  bgeu gp, a3, +20
  13877 815ff06f  jal x0, -2028
c2_17_p2_2804:
  13878 fe8ff06f  jal x0, -2072
c2_17_p3_2805:
  13879 00000013  addi x0, x0, 0
  13880 ff4ff06f  jal x0, -2060
c2_17_p5_2806:
  13881 819ff06f  jal x0, -2024
c2_17_p6_2807:
  13882 00000013  addi x0, x0, 0
  13883 825ff06f  jal x0, -2012
c2_17_h7_2802:
  13884 46103823  sd ra, 1136(x0)
  13885 46203c23  sd sp, 1144(x0)
  13886 00000013  addi x0, x0, 0
  13887 829ff06f  jal x0, -2008
c2_18_g4_2818:
  13888 00e1fe63  bgeu gp, a4, +28
  13889 00d1fa63  bgeu gp, a3, +20
  13890 895ff06f  jal x0, -1900
c2_18_p2_2819:
  13891 869ff06f  jal x0, -1944
c2_18_p3_2820:
  13892 00000013  addi x0, x0, 0
  13893 875ff06f  jal x0, -1932
c2_18_p5_2821:
  13894 899ff06f  jal x0, -1896
c2_18_p6_2822:
  13895 00000013  addi x0, x0, 0
  13896 8a5ff06f  jal x0, -1884
c2_18_h7_2817:
  13897 48103023  sd ra, 1152(x0)
  13898 48203423  sd sp, 1160(x0)
  13899 00000013  addi x0, x0, 0
  13900 8a9ff06f  jal x0, -1880
c2_19_g4_2833:
  13901 00e1fe63  bgeu gp, a4, +28
  13902 00d1fa63  bgeu gp, a3, +20
  13903 915ff06f  jal x0, -1772
c2_19_p2_2834:
  13904 8e9ff06f  jal x0, -1816
c2_19_p3_2835:
  13905 00000013  addi x0, x0, 0
  13906 8f5ff06f  jal x0, -1804
c2_19_p5_2836:
  13907 919ff06f  jal x0, -1768
c2_19_p6_2837:
  13908 00000013  addi x0, x0, 0
  13909 925ff06f  jal x0, -1756
c2_19_h7_2832:
  13910 48103823  sd ra, 1168(x0)
  13911 48203c23  sd sp, 1176(x0)
  13912 00000013  addi x0, x0, 0
  13913 929ff06f  jal x0, -1752
c2_20_g4_2848:
  13914 00e1fe63  bgeu gp, a4, +28
  13915 00d1fa63  bgeu gp, a3, +20
  13916 995ff06f  jal x0, -1644
c2_20_p2_2849:
  13917 969ff06f  jal x0, -1688
c2_20_p3_2850:
  13918 00000013  addi x0, x0, 0
  13919 975ff06f  jal x0, -1676
c2_20_p5_2851:
  13920 999ff06f  jal x0, -1640
c2_20_p6_2852:
  13921 00000013  addi x0, x0, 0
  13922 9a5ff06f  jal x0, -1628
c2_20_h7_2847:
  13923 4a103023  sd ra, 1184(x0)
  13924 4a203423  sd sp, 1192(x0)
  13925 00000013  addi x0, x0, 0
  13926 9a9ff06f  jal x0, -1624
c2_21_g4_2863:
  13927 00e1fe63  bgeu gp, a4, +28
  13928 00d1fa63  bgeu gp, a3, +20
  13929 a15ff06f  jal x0, -1516
c2_21_p2_2864:
  13930 9e9ff06f  jal x0, -1560
c2_21_p3_2865:
  13931 00000013  addi x0, x0, 0
  13932 9f5ff06f  jal x0, -1548
c2_21_p5_2866:
  13933 a19ff06f  jal x0, -1512
c2_21_p6_2867:
  13934 00000013  addi x0, x0, 0
  13935 a25ff06f  jal x0, -1500
c2_21_h7_2862:
  13936 4a103823  sd ra, 1200(x0)
  13937 4a203c23  sd sp, 1208(x0)
  13938 00000013  addi x0, x0, 0
  13939 a29ff06f  jal x0, -1496
c2_22_g4_2878:
  13940 00e1fe63  bgeu gp, a4, +28
  13941 00d1fa63  bgeu gp, a3, +20
  13942 a95ff06f  jal x0, -1388
c2_22_p2_2879:
  13943 a69ff06f  jal x0, -1432
c2_22_p3_2880:
  13944 00000013  addi x0, x0, 0
  13945 a75ff06f  jal x0, -1420
c2_22_p5_2881:
  13946 a99ff06f  jal x0, -1384
c2_22_p6_2882:
  13947 00000013  addi x0, x0, 0
  13948 aa5ff06f  jal x0, -1372
c2_22_h7_2877:
  13949 4c103023  sd ra, 1216(x0)
  13950 4c203423  sd sp, 1224(x0)
  13951 00000013  addi x0, x0, 0
  13952 aa9ff06f  jal x0, -1368
c2_23_g4_2893:
  13953 00e1fe63  bgeu gp, a4, +28
  13954 00d1fa63  bgeu gp, a3, +20
  13955 b15ff06f  jal x0, -1260
c2_23_p2_2894:
  13956 ae9ff06f  jal x0, -1304
c2_23_p3_2895:
  13957 00000013  addi x0, x0, 0
  13958 af5ff06f  jal x0, -1292
c2_23_p5_2896:
  13959 b19ff06f  jal x0, -1256
c2_23_p6_2897:
  13960 00000013  addi x0, x0, 0
  13961 b25ff06f  jal x0, -1244
c2_23_h7_2892:
  13962 4c103823  sd ra, 1232(x0)
  13963 4c203c23  sd sp, 1240(x0)
  13964 00000013  addi x0, x0, 0
  13965 b29ff06f  jal x0, -1240
c2_24_g4_2908:
  13966 00e1fe63  bgeu gp, a4, +28
  13967 00d1fa63  bgeu gp, a3, +20
  13968 b95ff06f  jal x0, -1132
c2_24_p2_2909:
  13969 b69ff06f  jal x0, -1176
c2_24_p3_2910:
  13970 00000013  addi x0, x0, 0
  13971 b75ff06f  jal x0, -1164
c2_24_p5_2911:
  13972 b99ff06f  jal x0, -1128
c2_24_p6_2912:
  13973 00000013  addi x0, x0, 0
  13974 ba5ff06f  jal x0, -1116
c2_24_h7_2907:
  13975 4e103023  sd ra, 1248(x0)
  13976 4e203423  sd sp, 1256(x0)
  13977 00000013  addi x0, x0, 0
  13978 ba9ff06f  jal x0, -1112
c2_25_g4_2923:
  13979 00e1fe63  bgeu gp, a4, +28
  13980 00d1fa63  bgeu gp, a3, +20
  13981 c15ff06f  jal x0, -1004
c2_25_p2_2924:
  13982 be9ff06f  jal x0, -1048
c2_25_p3_2925:
  13983 00000013  addi x0, x0, 0
  13984 bf5ff06f  jal x0, -1036
c2_25_p5_2926:
  13985 c19ff06f  jal x0, -1000
c2_25_p6_2927:
  13986 00000013  addi x0, x0, 0
  13987 c25ff06f  jal x0, -988
c2_25_h7_2922:
  13988 4e103823  sd ra, 1264(x0)
  13989 4e203c23  sd sp, 1272(x0)
  13990 00000013  addi x0, x0, 0
  13991 c29ff06f  jal x0, -984
c2_26_g4_2938:
  13992 00e1fe63  bgeu gp, a4, +28
  13993 00d1fa63  bgeu gp, a3, +20
  13994 c95ff06f  jal x0, -876
c2_26_p2_2939:
  13995 c69ff06f  jal x0, -920
c2_26_p3_2940:
  13996 00000013  addi x0, x0, 0
  13997 c75ff06f  jal x0, -908
c2_26_p5_2941:
  13998 c99ff06f  jal x0, -872
c2_26_p6_2942:
  13999 00000013  addi x0, x0, 0
  14000 ca5ff06f  jal x0, -860
c2_26_h7_2937:
  14001 50103023  sd ra, 1280(x0)
  14002 50203423  sd sp, 1288(x0)
  14003 00000013  addi x0, x0, 0
  14004 ca9ff06f  jal x0, -856
c2_27_g4_2953:
  14005 00e1fe63  bgeu gp, a4, +28
  14006 00d1fa63  bgeu gp, a3, +20
  14007 d15ff06f  jal x0, -748
c2_27_p2_2954:
  14008 ce9ff06f  jal x0, -792
c2_27_p3_2955:
  14009 00000013  addi x0, x0, 0
  14010 cf5ff06f  jal x0, -780
c2_27_p5_2956:
  14011 d19ff06f  jal x0, -744
c2_27_p6_2957:
  14012 00000013  addi x0, x0, 0
  14013 d25ff06f  jal x0, -732
c2_27_h7_2952:
  14014 50103823  sd ra, 1296(x0)
  14015 50203c23  sd sp, 1304(x0)
  14016 00000013  addi x0, x0, 0
  14017 d29ff06f  jal x0, -728
        ; chain lay=2 i=28
l2_after1_2959:
c2_28_2974:
  14018 02889193  slli gp, a7, 40
  14019 150a3083  ld ra, 336(s4)
  14020 158a3103  ld sp, 344(s4)
  14021 0e103023  sd ra, 224(x0)
  14022 0e203423  sd sp, 232(x0)
  14023 1ef1f6e3  bgeu gp, a5, +2540
  14024 1c91f2e3  bgeu gp, s1, +2500
  14025 1c81f8e3  bgeu gp, s0, +2512
  14026 1c71f4e3  bgeu gp, t2, +2504
  14027 0061fc63  bgeu gp, t1, +24
c2_28_s1_2960:
  14028 0e000213  addi tp, x0, 224
  14029 00452223  sw tp, 4(a0)
  14030 00000073  ecall
  14031 02053823  sd x0, 48(a0)
  14032 02053c23  sd x0, 56(a0)
c2_28_s2_2961:
  14033 0e100213  addi tp, x0, 225
  14034 00452223  sw tp, 4(a0)
  14035 00000073  ecall
  14036 02053823  sd x0, 48(a0)
  14037 02053c23  sd x0, 56(a0)
c2_28_s3_2962:
  14038 0e200213  addi tp, x0, 226
  14039 00452223  sw tp, 4(a0)
  14040 00000073  ecall
  14041 02053823  sd x0, 48(a0)
  14042 02053c23  sd x0, 56(a0)
c2_28_s4_2963:
  14043 0e300213  addi tp, x0, 227
  14044 00452223  sw tp, 4(a0)
  14045 00000073  ecall
  14046 02053823  sd x0, 48(a0)
  14047 02053c23  sd x0, 56(a0)
c2_28_s5_2964:
  14048 0e400213  addi tp, x0, 228
  14049 00452223  sw tp, 4(a0)
  14050 00000073  ecall
  14051 02053823  sd x0, 48(a0)
  14052 02053c23  sd x0, 56(a0)
c2_28_s6_2965:
  14053 0e500213  addi tp, x0, 229
  14054 00452223  sw tp, 4(a0)
  14055 00000073  ecall
  14056 02053823  sd x0, 48(a0)
  14057 02053c23  sd x0, 56(a0)
c2_28_s7_2966:
  14058 0e600213  addi tp, x0, 230
  14059 00452223  sw tp, 4(a0)
  14060 52000613  addi a2, x0, 1312
  14061 00000073  ecall
  14062 02050613  addi a2, a0, 32
        ; chain lay=2 i=29
c2_28_next_2967:
c2_29_2989:
  14063 02589193  slli gp, a7, 37
  14064 160a3083  ld ra, 352(s4)
  14065 168a3103  ld sp, 360(s4)
  14066 0e103023  sd ra, 224(x0)
  14067 0e203423  sd sp, 232(x0)
  14068 16f1f6e3  bgeu gp, a5, +2412
  14069 1491f2e3  bgeu gp, s1, +2372
  14070 1481f8e3  bgeu gp, s0, +2384
  14071 1471f4e3  bgeu gp, t2, +2376
  14072 0061fc63  bgeu gp, t1, +24
c2_29_s1_2975:
  14073 0e800213  addi tp, x0, 232
  14074 00452223  sw tp, 4(a0)
  14075 00000073  ecall
  14076 02053823  sd x0, 48(a0)
  14077 02053c23  sd x0, 56(a0)
c2_29_s2_2976:
  14078 0e900213  addi tp, x0, 233
  14079 00452223  sw tp, 4(a0)
  14080 00000073  ecall
  14081 02053823  sd x0, 48(a0)
  14082 02053c23  sd x0, 56(a0)
c2_29_s3_2977:
  14083 0ea00213  addi tp, x0, 234
  14084 00452223  sw tp, 4(a0)
  14085 00000073  ecall
  14086 02053823  sd x0, 48(a0)
  14087 02053c23  sd x0, 56(a0)
c2_29_s4_2978:
  14088 0eb00213  addi tp, x0, 235
  14089 00452223  sw tp, 4(a0)
  14090 00000073  ecall
  14091 02053823  sd x0, 48(a0)
  14092 02053c23  sd x0, 56(a0)
c2_29_s5_2979:
  14093 0ec00213  addi tp, x0, 236
  14094 00452223  sw tp, 4(a0)
  14095 00000073  ecall
  14096 02053823  sd x0, 48(a0)
  14097 02053c23  sd x0, 56(a0)
c2_29_s6_2980:
  14098 0ed00213  addi tp, x0, 237
  14099 00452223  sw tp, 4(a0)
  14100 00000073  ecall
  14101 02053823  sd x0, 48(a0)
  14102 02053c23  sd x0, 56(a0)
c2_29_s7_2981:
  14103 0ee00213  addi tp, x0, 238
  14104 00452223  sw tp, 4(a0)
  14105 53000613  addi a2, x0, 1328
  14106 00000073  ecall
  14107 02050613  addi a2, a0, 32
        ; chain lay=2 i=30
c2_29_next_2982:
c2_30_3004:
  14108 02289193  slli gp, a7, 34
  14109 170a3083  ld ra, 368(s4)
  14110 178a3103  ld sp, 376(s4)
  14111 0e103023  sd ra, 224(x0)
  14112 0e203423  sd sp, 232(x0)
  14113 0ef1f6e3  bgeu gp, a5, +2284
  14114 0c91f2e3  bgeu gp, s1, +2244
  14115 0c81f8e3  bgeu gp, s0, +2256
  14116 0c71f4e3  bgeu gp, t2, +2248
  14117 0061fc63  bgeu gp, t1, +24
c2_30_s1_2990:
  14118 0f000213  addi tp, x0, 240
  14119 00452223  sw tp, 4(a0)
  14120 00000073  ecall
  14121 02053823  sd x0, 48(a0)
  14122 02053c23  sd x0, 56(a0)
c2_30_s2_2991:
  14123 0f100213  addi tp, x0, 241
  14124 00452223  sw tp, 4(a0)
  14125 00000073  ecall
  14126 02053823  sd x0, 48(a0)
  14127 02053c23  sd x0, 56(a0)
c2_30_s3_2992:
  14128 0f200213  addi tp, x0, 242
  14129 00452223  sw tp, 4(a0)
  14130 00000073  ecall
  14131 02053823  sd x0, 48(a0)
  14132 02053c23  sd x0, 56(a0)
c2_30_s4_2993:
  14133 0f300213  addi tp, x0, 243
  14134 00452223  sw tp, 4(a0)
  14135 00000073  ecall
  14136 02053823  sd x0, 48(a0)
  14137 02053c23  sd x0, 56(a0)
c2_30_s5_2994:
  14138 0f400213  addi tp, x0, 244
  14139 00452223  sw tp, 4(a0)
  14140 00000073  ecall
  14141 02053823  sd x0, 48(a0)
  14142 02053c23  sd x0, 56(a0)
c2_30_s6_2995:
  14143 0f500213  addi tp, x0, 245
  14144 00452223  sw tp, 4(a0)
  14145 00000073  ecall
  14146 02053823  sd x0, 48(a0)
  14147 02053c23  sd x0, 56(a0)
c2_30_s7_2996:
  14148 0f600213  addi tp, x0, 246
  14149 00452223  sw tp, 4(a0)
  14150 54000613  addi a2, x0, 1344
  14151 00000073  ecall
  14152 02050613  addi a2, a0, 32
        ; chain lay=2 i=31
c2_30_next_2997:
c2_31_3019:
  14153 01f89193  slli gp, a7, 31
  14154 180a3083  ld ra, 384(s4)
  14155 188a3103  ld sp, 392(s4)
  14156 0e103023  sd ra, 224(x0)
  14157 0e203423  sd sp, 232(x0)
  14158 06f1f6e3  bgeu gp, a5, +2156
  14159 0491f2e3  bgeu gp, s1, +2116
  14160 0481f8e3  bgeu gp, s0, +2128
  14161 0471f4e3  bgeu gp, t2, +2120
  14162 0061fc63  bgeu gp, t1, +24
c2_31_s1_3005:
  14163 0f800213  addi tp, x0, 248
  14164 00452223  sw tp, 4(a0)
  14165 00000073  ecall
  14166 02053823  sd x0, 48(a0)
  14167 02053c23  sd x0, 56(a0)
c2_31_s2_3006:
  14168 0f900213  addi tp, x0, 249
  14169 00452223  sw tp, 4(a0)
  14170 00000073  ecall
  14171 02053823  sd x0, 48(a0)
  14172 02053c23  sd x0, 56(a0)
c2_31_s3_3007:
  14173 0fa00213  addi tp, x0, 250
  14174 00452223  sw tp, 4(a0)
  14175 00000073  ecall
  14176 02053823  sd x0, 48(a0)
  14177 02053c23  sd x0, 56(a0)
c2_31_s4_3008:
  14178 0fb00213  addi tp, x0, 251
  14179 00452223  sw tp, 4(a0)
  14180 00000073  ecall
  14181 02053823  sd x0, 48(a0)
  14182 02053c23  sd x0, 56(a0)
c2_31_s5_3009:
  14183 0fc00213  addi tp, x0, 252
  14184 00452223  sw tp, 4(a0)
  14185 00000073  ecall
  14186 02053823  sd x0, 48(a0)
  14187 02053c23  sd x0, 56(a0)
c2_31_s6_3010:
  14188 0fd00213  addi tp, x0, 253
  14189 00452223  sw tp, 4(a0)
  14190 00000073  ecall
  14191 02053823  sd x0, 48(a0)
  14192 02053c23  sd x0, 56(a0)
c2_31_s7_3011:
  14193 0fe00213  addi tp, x0, 254
  14194 00452223  sw tp, 4(a0)
  14195 55000613  addi a2, x0, 1360
  14196 00000073  ecall
  14197 02050613  addi a2, a0, 32
        ; chain lay=2 i=32
c2_31_next_3012:
c2_32_3034:
  14198 01c89193  slli gp, a7, 28
  14199 190a3083  ld ra, 400(s4)
  14200 198a3103  ld sp, 408(s4)
  14201 0e103023  sd ra, 224(x0)
  14202 0e203423  sd sp, 232(x0)
  14203 7ef1f663  bgeu gp, a5, +2028
  14204 7c91f263  bgeu gp, s1, +1988
  14205 7c81f863  bgeu gp, s0, +2000
  14206 7c71f463  bgeu gp, t2, +1992
  14207 0061fc63  bgeu gp, t1, +24
c2_32_s1_3020:
  14208 10000213  addi tp, x0, 256
  14209 00452223  sw tp, 4(a0)
  14210 00000073  ecall
  14211 02053823  sd x0, 48(a0)
  14212 02053c23  sd x0, 56(a0)
c2_32_s2_3021:
  14213 10100213  addi tp, x0, 257
  14214 00452223  sw tp, 4(a0)
  14215 00000073  ecall
  14216 02053823  sd x0, 48(a0)
  14217 02053c23  sd x0, 56(a0)
c2_32_s3_3022:
  14218 10200213  addi tp, x0, 258
  14219 00452223  sw tp, 4(a0)
  14220 00000073  ecall
  14221 02053823  sd x0, 48(a0)
  14222 02053c23  sd x0, 56(a0)
c2_32_s4_3023:
  14223 10300213  addi tp, x0, 259
  14224 00452223  sw tp, 4(a0)
  14225 00000073  ecall
  14226 02053823  sd x0, 48(a0)
  14227 02053c23  sd x0, 56(a0)
c2_32_s5_3024:
  14228 10400213  addi tp, x0, 260
  14229 00452223  sw tp, 4(a0)
  14230 00000073  ecall
  14231 02053823  sd x0, 48(a0)
  14232 02053c23  sd x0, 56(a0)
c2_32_s6_3025:
  14233 10500213  addi tp, x0, 261
  14234 00452223  sw tp, 4(a0)
  14235 00000073  ecall
  14236 02053823  sd x0, 48(a0)
  14237 02053c23  sd x0, 56(a0)
c2_32_s7_3026:
  14238 10600213  addi tp, x0, 262
  14239 00452223  sw tp, 4(a0)
  14240 56000613  addi a2, x0, 1376
  14241 00000073  ecall
  14242 02050613  addi a2, a0, 32
        ; chain lay=2 i=33
c2_32_next_3027:
c2_33_3049:
  14243 01989193  slli gp, a7, 25
  14244 1a0a3083  ld ra, 416(s4)
  14245 1a8a3103  ld sp, 424(s4)
  14246 0e103023  sd ra, 224(x0)
  14247 0e203423  sd sp, 232(x0)
  14248 76f1f663  bgeu gp, a5, +1900
  14249 7491f263  bgeu gp, s1, +1860
  14250 7481f863  bgeu gp, s0, +1872
  14251 7471f463  bgeu gp, t2, +1864
  14252 0061fc63  bgeu gp, t1, +24
c2_33_s1_3035:
  14253 10800213  addi tp, x0, 264
  14254 00452223  sw tp, 4(a0)
  14255 00000073  ecall
  14256 02053823  sd x0, 48(a0)
  14257 02053c23  sd x0, 56(a0)
c2_33_s2_3036:
  14258 10900213  addi tp, x0, 265
  14259 00452223  sw tp, 4(a0)
  14260 00000073  ecall
  14261 02053823  sd x0, 48(a0)
  14262 02053c23  sd x0, 56(a0)
c2_33_s3_3037:
  14263 10a00213  addi tp, x0, 266
  14264 00452223  sw tp, 4(a0)
  14265 00000073  ecall
  14266 02053823  sd x0, 48(a0)
  14267 02053c23  sd x0, 56(a0)
c2_33_s4_3038:
  14268 10b00213  addi tp, x0, 267
  14269 00452223  sw tp, 4(a0)
  14270 00000073  ecall
  14271 02053823  sd x0, 48(a0)
  14272 02053c23  sd x0, 56(a0)
c2_33_s5_3039:
  14273 10c00213  addi tp, x0, 268
  14274 00452223  sw tp, 4(a0)
  14275 00000073  ecall
  14276 02053823  sd x0, 48(a0)
  14277 02053c23  sd x0, 56(a0)
c2_33_s6_3040:
  14278 10d00213  addi tp, x0, 269
  14279 00452223  sw tp, 4(a0)
  14280 00000073  ecall
  14281 02053823  sd x0, 48(a0)
  14282 02053c23  sd x0, 56(a0)
c2_33_s7_3041:
  14283 10e00213  addi tp, x0, 270
  14284 00452223  sw tp, 4(a0)
  14285 57000613  addi a2, x0, 1392
  14286 00000073  ecall
  14287 02050613  addi a2, a0, 32
        ; chain lay=2 i=34
c2_33_next_3042:
c2_34_3064:
  14288 01689193  slli gp, a7, 22
  14289 1b0a3083  ld ra, 432(s4)
  14290 1b8a3103  ld sp, 440(s4)
  14291 0e103023  sd ra, 224(x0)
  14292 0e203423  sd sp, 232(x0)
  14293 6ef1f663  bgeu gp, a5, +1772
  14294 6c91f263  bgeu gp, s1, +1732
  14295 6c81f863  bgeu gp, s0, +1744
  14296 6c71f463  bgeu gp, t2, +1736
  14297 0061fc63  bgeu gp, t1, +24
c2_34_s1_3050:
  14298 11000213  addi tp, x0, 272
  14299 00452223  sw tp, 4(a0)
  14300 00000073  ecall
  14301 02053823  sd x0, 48(a0)
  14302 02053c23  sd x0, 56(a0)
c2_34_s2_3051:
  14303 11100213  addi tp, x0, 273
  14304 00452223  sw tp, 4(a0)
  14305 00000073  ecall
  14306 02053823  sd x0, 48(a0)
  14307 02053c23  sd x0, 56(a0)
c2_34_s3_3052:
  14308 11200213  addi tp, x0, 274
  14309 00452223  sw tp, 4(a0)
  14310 00000073  ecall
  14311 02053823  sd x0, 48(a0)
  14312 02053c23  sd x0, 56(a0)
c2_34_s4_3053:
  14313 11300213  addi tp, x0, 275
  14314 00452223  sw tp, 4(a0)
  14315 00000073  ecall
  14316 02053823  sd x0, 48(a0)
  14317 02053c23  sd x0, 56(a0)
c2_34_s5_3054:
  14318 11400213  addi tp, x0, 276
  14319 00452223  sw tp, 4(a0)
  14320 00000073  ecall
  14321 02053823  sd x0, 48(a0)
  14322 02053c23  sd x0, 56(a0)
c2_34_s6_3055:
  14323 11500213  addi tp, x0, 277
  14324 00452223  sw tp, 4(a0)
  14325 00000073  ecall
  14326 02053823  sd x0, 48(a0)
  14327 02053c23  sd x0, 56(a0)
c2_34_s7_3056:
  14328 11600213  addi tp, x0, 278
  14329 00452223  sw tp, 4(a0)
  14330 58000613  addi a2, x0, 1408
  14331 00000073  ecall
  14332 02050613  addi a2, a0, 32
        ; chain lay=2 i=35
c2_34_next_3057:
c2_35_3079:
  14333 01389193  slli gp, a7, 19
  14334 1c0a3083  ld ra, 448(s4)
  14335 1c8a3103  ld sp, 456(s4)
  14336 0e103023  sd ra, 224(x0)
  14337 0e203423  sd sp, 232(x0)
  14338 66f1f663  bgeu gp, a5, +1644
  14339 6491f263  bgeu gp, s1, +1604
  14340 6481f863  bgeu gp, s0, +1616
  14341 6471f463  bgeu gp, t2, +1608
  14342 0061fc63  bgeu gp, t1, +24
c2_35_s1_3065:
  14343 11800213  addi tp, x0, 280
  14344 00452223  sw tp, 4(a0)
  14345 00000073  ecall
  14346 02053823  sd x0, 48(a0)
  14347 02053c23  sd x0, 56(a0)
c2_35_s2_3066:
  14348 11900213  addi tp, x0, 281
  14349 00452223  sw tp, 4(a0)
  14350 00000073  ecall
  14351 02053823  sd x0, 48(a0)
  14352 02053c23  sd x0, 56(a0)
c2_35_s3_3067:
  14353 11a00213  addi tp, x0, 282
  14354 00452223  sw tp, 4(a0)
  14355 00000073  ecall
  14356 02053823  sd x0, 48(a0)
  14357 02053c23  sd x0, 56(a0)
c2_35_s4_3068:
  14358 11b00213  addi tp, x0, 283
  14359 00452223  sw tp, 4(a0)
  14360 00000073  ecall
  14361 02053823  sd x0, 48(a0)
  14362 02053c23  sd x0, 56(a0)
c2_35_s5_3069:
  14363 11c00213  addi tp, x0, 284
  14364 00452223  sw tp, 4(a0)
  14365 00000073  ecall
  14366 02053823  sd x0, 48(a0)
  14367 02053c23  sd x0, 56(a0)
c2_35_s6_3070:
  14368 11d00213  addi tp, x0, 285
  14369 00452223  sw tp, 4(a0)
  14370 00000073  ecall
  14371 02053823  sd x0, 48(a0)
  14372 02053c23  sd x0, 56(a0)
c2_35_s7_3071:
  14373 11e00213  addi tp, x0, 286
  14374 00452223  sw tp, 4(a0)
  14375 59000613  addi a2, x0, 1424
  14376 00000073  ecall
  14377 02050613  addi a2, a0, 32
        ; chain lay=2 i=36
c2_35_next_3072:
c2_36_3094:
  14378 01089193  slli gp, a7, 16
  14379 1d0a3083  ld ra, 464(s4)
  14380 1d8a3103  ld sp, 472(s4)
  14381 0e103023  sd ra, 224(x0)
  14382 0e203423  sd sp, 232(x0)
  14383 5ef1f663  bgeu gp, a5, +1516
  14384 5c91f263  bgeu gp, s1, +1476
  14385 5c81f863  bgeu gp, s0, +1488
  14386 5c71f463  bgeu gp, t2, +1480
  14387 0061fc63  bgeu gp, t1, +24
c2_36_s1_3080:
  14388 12000213  addi tp, x0, 288
  14389 00452223  sw tp, 4(a0)
  14390 00000073  ecall
  14391 02053823  sd x0, 48(a0)
  14392 02053c23  sd x0, 56(a0)
c2_36_s2_3081:
  14393 12100213  addi tp, x0, 289
  14394 00452223  sw tp, 4(a0)
  14395 00000073  ecall
  14396 02053823  sd x0, 48(a0)
  14397 02053c23  sd x0, 56(a0)
c2_36_s3_3082:
  14398 12200213  addi tp, x0, 290
  14399 00452223  sw tp, 4(a0)
  14400 00000073  ecall
  14401 02053823  sd x0, 48(a0)
  14402 02053c23  sd x0, 56(a0)
c2_36_s4_3083:
  14403 12300213  addi tp, x0, 291
  14404 00452223  sw tp, 4(a0)
  14405 00000073  ecall
  14406 02053823  sd x0, 48(a0)
  14407 02053c23  sd x0, 56(a0)
c2_36_s5_3084:
  14408 12400213  addi tp, x0, 292
  14409 00452223  sw tp, 4(a0)
  14410 00000073  ecall
  14411 02053823  sd x0, 48(a0)
  14412 02053c23  sd x0, 56(a0)
c2_36_s6_3085:
  14413 12500213  addi tp, x0, 293
  14414 00452223  sw tp, 4(a0)
  14415 00000073  ecall
  14416 02053823  sd x0, 48(a0)
  14417 02053c23  sd x0, 56(a0)
c2_36_s7_3086:
  14418 12600213  addi tp, x0, 294
  14419 00452223  sw tp, 4(a0)
  14420 5a000613  addi a2, x0, 1440
  14421 00000073  ecall
  14422 02050613  addi a2, a0, 32
        ; chain lay=2 i=37
c2_36_next_3087:
c2_37_3109:
  14423 00d89193  slli gp, a7, 13
  14424 1e0a3083  ld ra, 480(s4)
  14425 1e8a3103  ld sp, 488(s4)
  14426 0e103023  sd ra, 224(x0)
  14427 0e203423  sd sp, 232(x0)
  14428 56f1f663  bgeu gp, a5, +1388
  14429 5491f263  bgeu gp, s1, +1348
  14430 5481f863  bgeu gp, s0, +1360
  14431 5471f463  bgeu gp, t2, +1352
  14432 0061fc63  bgeu gp, t1, +24
c2_37_s1_3095:
  14433 12800213  addi tp, x0, 296
  14434 00452223  sw tp, 4(a0)
  14435 00000073  ecall
  14436 02053823  sd x0, 48(a0)
  14437 02053c23  sd x0, 56(a0)
c2_37_s2_3096:
  14438 12900213  addi tp, x0, 297
  14439 00452223  sw tp, 4(a0)
  14440 00000073  ecall
  14441 02053823  sd x0, 48(a0)
  14442 02053c23  sd x0, 56(a0)
c2_37_s3_3097:
  14443 12a00213  addi tp, x0, 298
  14444 00452223  sw tp, 4(a0)
  14445 00000073  ecall
  14446 02053823  sd x0, 48(a0)
  14447 02053c23  sd x0, 56(a0)
c2_37_s4_3098:
  14448 12b00213  addi tp, x0, 299
  14449 00452223  sw tp, 4(a0)
  14450 00000073  ecall
  14451 02053823  sd x0, 48(a0)
  14452 02053c23  sd x0, 56(a0)
c2_37_s5_3099:
  14453 12c00213  addi tp, x0, 300
  14454 00452223  sw tp, 4(a0)
  14455 00000073  ecall
  14456 02053823  sd x0, 48(a0)
  14457 02053c23  sd x0, 56(a0)
c2_37_s6_3100:
  14458 12d00213  addi tp, x0, 301
  14459 00452223  sw tp, 4(a0)
  14460 00000073  ecall
  14461 02053823  sd x0, 48(a0)
  14462 02053c23  sd x0, 56(a0)
c2_37_s7_3101:
  14463 12e00213  addi tp, x0, 302
  14464 00452223  sw tp, 4(a0)
  14465 5b000613  addi a2, x0, 1456
  14466 00000073  ecall
  14467 02050613  addi a2, a0, 32
        ; chain lay=2 i=38
c2_37_next_3102:
c2_38_3124:
  14468 00a89193  slli gp, a7, 10
  14469 1f0a3083  ld ra, 496(s4)
  14470 1f8a3103  ld sp, 504(s4)
  14471 0e103023  sd ra, 224(x0)
  14472 0e203423  sd sp, 232(x0)
  14473 4ef1f663  bgeu gp, a5, +1260
  14474 4c91f263  bgeu gp, s1, +1220
  14475 4c81f863  bgeu gp, s0, +1232
  14476 4c71f463  bgeu gp, t2, +1224
  14477 0061fc63  bgeu gp, t1, +24
c2_38_s1_3110:
  14478 13000213  addi tp, x0, 304
  14479 00452223  sw tp, 4(a0)
  14480 00000073  ecall
  14481 02053823  sd x0, 48(a0)
  14482 02053c23  sd x0, 56(a0)
c2_38_s2_3111:
  14483 13100213  addi tp, x0, 305
  14484 00452223  sw tp, 4(a0)
  14485 00000073  ecall
  14486 02053823  sd x0, 48(a0)
  14487 02053c23  sd x0, 56(a0)
c2_38_s3_3112:
  14488 13200213  addi tp, x0, 306
  14489 00452223  sw tp, 4(a0)
  14490 00000073  ecall
  14491 02053823  sd x0, 48(a0)
  14492 02053c23  sd x0, 56(a0)
c2_38_s4_3113:
  14493 13300213  addi tp, x0, 307
  14494 00452223  sw tp, 4(a0)
  14495 00000073  ecall
  14496 02053823  sd x0, 48(a0)
  14497 02053c23  sd x0, 56(a0)
c2_38_s5_3114:
  14498 13400213  addi tp, x0, 308
  14499 00452223  sw tp, 4(a0)
  14500 00000073  ecall
  14501 02053823  sd x0, 48(a0)
  14502 02053c23  sd x0, 56(a0)
c2_38_s6_3115:
  14503 13500213  addi tp, x0, 309
  14504 00452223  sw tp, 4(a0)
  14505 00000073  ecall
  14506 02053823  sd x0, 48(a0)
  14507 02053c23  sd x0, 56(a0)
c2_38_s7_3116:
  14508 13600213  addi tp, x0, 310
  14509 00452223  sw tp, 4(a0)
  14510 5c000613  addi a2, x0, 1472
  14511 00000073  ecall
  14512 02050613  addi a2, a0, 32
        ; chain lay=2 i=39
c2_38_next_3117:
c2_39_3139:
  14513 00789193  slli gp, a7, 7
  14514 200a3083  ld ra, 512(s4)
  14515 208a3103  ld sp, 520(s4)
  14516 0e103023  sd ra, 224(x0)
  14517 0e203423  sd sp, 232(x0)
  14518 46f1f663  bgeu gp, a5, +1132
  14519 4491f263  bgeu gp, s1, +1092
  14520 4481f863  bgeu gp, s0, +1104
  14521 4471f463  bgeu gp, t2, +1096
  14522 0061fc63  bgeu gp, t1, +24
c2_39_s1_3125:
  14523 13800213  addi tp, x0, 312
  14524 00452223  sw tp, 4(a0)
  14525 00000073  ecall
  14526 02053823  sd x0, 48(a0)
  14527 02053c23  sd x0, 56(a0)
c2_39_s2_3126:
  14528 13900213  addi tp, x0, 313
  14529 00452223  sw tp, 4(a0)
  14530 00000073  ecall
  14531 02053823  sd x0, 48(a0)
  14532 02053c23  sd x0, 56(a0)
c2_39_s3_3127:
  14533 13a00213  addi tp, x0, 314
  14534 00452223  sw tp, 4(a0)
  14535 00000073  ecall
  14536 02053823  sd x0, 48(a0)
  14537 02053c23  sd x0, 56(a0)
c2_39_s4_3128:
  14538 13b00213  addi tp, x0, 315
  14539 00452223  sw tp, 4(a0)
  14540 00000073  ecall
  14541 02053823  sd x0, 48(a0)
  14542 02053c23  sd x0, 56(a0)
c2_39_s5_3129:
  14543 13c00213  addi tp, x0, 316
  14544 00452223  sw tp, 4(a0)
  14545 00000073  ecall
  14546 02053823  sd x0, 48(a0)
  14547 02053c23  sd x0, 56(a0)
c2_39_s6_3130:
  14548 13d00213  addi tp, x0, 317
  14549 00452223  sw tp, 4(a0)
  14550 00000073  ecall
  14551 02053823  sd x0, 48(a0)
  14552 02053c23  sd x0, 56(a0)
c2_39_s7_3131:
  14553 13e00213  addi tp, x0, 318
  14554 00452223  sw tp, 4(a0)
  14555 5d000613  addi a2, x0, 1488
  14556 00000073  ecall
  14557 02050613  addi a2, a0, 32
        ; chain lay=2 i=40
c2_39_next_3132:
c2_40_3154:
  14558 00489193  slli gp, a7, 4
  14559 210a3083  ld ra, 528(s4)
  14560 218a3103  ld sp, 536(s4)
  14561 0e103023  sd ra, 224(x0)
  14562 0e203423  sd sp, 232(x0)
  14563 3ef1f663  bgeu gp, a5, +1004
  14564 3c91f263  bgeu gp, s1, +964
  14565 3c81f863  bgeu gp, s0, +976
  14566 3c71f463  bgeu gp, t2, +968
  14567 0061fc63  bgeu gp, t1, +24
c2_40_s1_3140:
  14568 14000213  addi tp, x0, 320
  14569 00452223  sw tp, 4(a0)
  14570 00000073  ecall
  14571 02053823  sd x0, 48(a0)
  14572 02053c23  sd x0, 56(a0)
c2_40_s2_3141:
  14573 14100213  addi tp, x0, 321
  14574 00452223  sw tp, 4(a0)
  14575 00000073  ecall
  14576 02053823  sd x0, 48(a0)
  14577 02053c23  sd x0, 56(a0)
c2_40_s3_3142:
  14578 14200213  addi tp, x0, 322
  14579 00452223  sw tp, 4(a0)
  14580 00000073  ecall
  14581 02053823  sd x0, 48(a0)
  14582 02053c23  sd x0, 56(a0)
c2_40_s4_3143:
  14583 14300213  addi tp, x0, 323
  14584 00452223  sw tp, 4(a0)
  14585 00000073  ecall
  14586 02053823  sd x0, 48(a0)
  14587 02053c23  sd x0, 56(a0)
c2_40_s5_3144:
  14588 14400213  addi tp, x0, 324
  14589 00452223  sw tp, 4(a0)
  14590 00000073  ecall
  14591 02053823  sd x0, 48(a0)
  14592 02053c23  sd x0, 56(a0)
c2_40_s6_3145:
  14593 14500213  addi tp, x0, 325
  14594 00452223  sw tp, 4(a0)
  14595 00000073  ecall
  14596 02053823  sd x0, 48(a0)
  14597 02053c23  sd x0, 56(a0)
c2_40_s7_3146:
  14598 14600213  addi tp, x0, 326
  14599 00452223  sw tp, 4(a0)
  14600 5e000613  addi a2, x0, 1504
  14601 00000073  ecall
  14602 02050613  addi a2, a0, 32
        ; chain lay=2 i=41
c2_40_next_3147:
c2_41_3169:
  14603 00189193  slli gp, a7, 1
  14604 220a3083  ld ra, 544(s4)
  14605 228a3103  ld sp, 552(s4)
  14606 0e103023  sd ra, 224(x0)
  14607 0e203423  sd sp, 232(x0)
  14608 36f1f663  bgeu gp, a5, +876
  14609 3491f263  bgeu gp, s1, +836
  14610 3481f863  bgeu gp, s0, +848
  14611 3471f463  bgeu gp, t2, +840
  14612 0061fc63  bgeu gp, t1, +24
c2_41_s1_3155:
  14613 14800213  addi tp, x0, 328
  14614 00452223  sw tp, 4(a0)
  14615 00000073  ecall
  14616 02053823  sd x0, 48(a0)
  14617 02053c23  sd x0, 56(a0)
c2_41_s2_3156:
  14618 14900213  addi tp, x0, 329
  14619 00452223  sw tp, 4(a0)
  14620 00000073  ecall
  14621 02053823  sd x0, 48(a0)
  14622 02053c23  sd x0, 56(a0)
c2_41_s3_3157:
  14623 14a00213  addi tp, x0, 330
  14624 00452223  sw tp, 4(a0)
  14625 00000073  ecall
  14626 02053823  sd x0, 48(a0)
  14627 02053c23  sd x0, 56(a0)
c2_41_s4_3158:
  14628 14b00213  addi tp, x0, 331
  14629 00452223  sw tp, 4(a0)
  14630 00000073  ecall
  14631 02053823  sd x0, 48(a0)
  14632 02053c23  sd x0, 56(a0)
c2_41_s5_3159:
  14633 14c00213  addi tp, x0, 332
  14634 00452223  sw tp, 4(a0)
  14635 00000073  ecall
  14636 02053823  sd x0, 48(a0)
  14637 02053c23  sd x0, 56(a0)
c2_41_s6_3160:
  14638 14d00213  addi tp, x0, 333
  14639 00452223  sw tp, 4(a0)
  14640 00000073  ecall
  14641 02053823  sd x0, 48(a0)
  14642 02053c23  sd x0, 56(a0)
c2_41_s7_3161:
  14643 14e00213  addi tp, x0, 334
  14644 00452223  sw tp, 4(a0)
  14645 5f000613  addi a2, x0, 1520
  14646 00000073  ecall
  14647 02050613  addi a2, a0, 32
c2_41_next_3162:
  14648 2dc0006f  jal x0, +732
c2_28_g4_2969:
  14649 00e1fe63  bgeu gp, a4, +28
  14650 00d1fa63  bgeu gp, a3, +20
  14651 e94ff06f  jal x0, -2412
c2_28_p2_2970:
  14652 e68ff06f  jal x0, -2456
c2_28_p3_2971:
  14653 00000013  addi x0, x0, 0
  14654 e74ff06f  jal x0, -2444
c2_28_p5_2972:
  14655 e98ff06f  jal x0, -2408
c2_28_p6_2973:
  14656 00000013  addi x0, x0, 0
  14657 ea4ff06f  jal x0, -2396
c2_28_h7_2968:
  14658 52103023  sd ra, 1312(x0)
  14659 52203423  sd sp, 1320(x0)
  14660 00000013  addi x0, x0, 0
  14661 ea8ff06f  jal x0, -2392
c2_29_g4_2984:
  14662 00e1fe63  bgeu gp, a4, +28
  14663 00d1fa63  bgeu gp, a3, +20
  14664 f14ff06f  jal x0, -2284
c2_29_p2_2985:
  14665 ee8ff06f  jal x0, -2328
c2_29_p3_2986:
  14666 00000013  addi x0, x0, 0
  14667 ef4ff06f  jal x0, -2316
c2_29_p5_2987:
  14668 f18ff06f  jal x0, -2280
c2_29_p6_2988:
  14669 00000013  addi x0, x0, 0
  14670 f24ff06f  jal x0, -2268
c2_29_h7_2983:
  14671 52103823  sd ra, 1328(x0)
  14672 52203c23  sd sp, 1336(x0)
  14673 00000013  addi x0, x0, 0
  14674 f28ff06f  jal x0, -2264
c2_30_g4_2999:
  14675 00e1fe63  bgeu gp, a4, +28
  14676 00d1fa63  bgeu gp, a3, +20
  14677 f94ff06f  jal x0, -2156
c2_30_p2_3000:
  14678 f68ff06f  jal x0, -2200
c2_30_p3_3001:
  14679 00000013  addi x0, x0, 0
  14680 f74ff06f  jal x0, -2188
c2_30_p5_3002:
  14681 f98ff06f  jal x0, -2152
c2_30_p6_3003:
  14682 00000013  addi x0, x0, 0
  14683 fa4ff06f  jal x0, -2140
c2_30_h7_2998:
  14684 54103023  sd ra, 1344(x0)
  14685 54203423  sd sp, 1352(x0)
  14686 00000013  addi x0, x0, 0
  14687 fa8ff06f  jal x0, -2136
c2_31_g4_3014:
  14688 00e1fe63  bgeu gp, a4, +28
  14689 00d1fa63  bgeu gp, a3, +20
  14690 815ff06f  jal x0, -2028
c2_31_p2_3015:
  14691 fe8ff06f  jal x0, -2072
c2_31_p3_3016:
  14692 00000013  addi x0, x0, 0
  14693 ff4ff06f  jal x0, -2060
c2_31_p5_3017:
  14694 819ff06f  jal x0, -2024
c2_31_p6_3018:
  14695 00000013  addi x0, x0, 0
  14696 825ff06f  jal x0, -2012
c2_31_h7_3013:
  14697 54103823  sd ra, 1360(x0)
  14698 54203c23  sd sp, 1368(x0)
  14699 00000013  addi x0, x0, 0
  14700 829ff06f  jal x0, -2008
c2_32_g4_3029:
  14701 00e1fe63  bgeu gp, a4, +28
  14702 00d1fa63  bgeu gp, a3, +20
  14703 895ff06f  jal x0, -1900
c2_32_p2_3030:
  14704 869ff06f  jal x0, -1944
c2_32_p3_3031:
  14705 00000013  addi x0, x0, 0
  14706 875ff06f  jal x0, -1932
c2_32_p5_3032:
  14707 899ff06f  jal x0, -1896
c2_32_p6_3033:
  14708 00000013  addi x0, x0, 0
  14709 8a5ff06f  jal x0, -1884
c2_32_h7_3028:
  14710 56103023  sd ra, 1376(x0)
  14711 56203423  sd sp, 1384(x0)
  14712 00000013  addi x0, x0, 0
  14713 8a9ff06f  jal x0, -1880
c2_33_g4_3044:
  14714 00e1fe63  bgeu gp, a4, +28
  14715 00d1fa63  bgeu gp, a3, +20
  14716 915ff06f  jal x0, -1772
c2_33_p2_3045:
  14717 8e9ff06f  jal x0, -1816
c2_33_p3_3046:
  14718 00000013  addi x0, x0, 0
  14719 8f5ff06f  jal x0, -1804
c2_33_p5_3047:
  14720 919ff06f  jal x0, -1768
c2_33_p6_3048:
  14721 00000013  addi x0, x0, 0
  14722 925ff06f  jal x0, -1756
c2_33_h7_3043:
  14723 56103823  sd ra, 1392(x0)
  14724 56203c23  sd sp, 1400(x0)
  14725 00000013  addi x0, x0, 0
  14726 929ff06f  jal x0, -1752
c2_34_g4_3059:
  14727 00e1fe63  bgeu gp, a4, +28
  14728 00d1fa63  bgeu gp, a3, +20
  14729 995ff06f  jal x0, -1644
c2_34_p2_3060:
  14730 969ff06f  jal x0, -1688
c2_34_p3_3061:
  14731 00000013  addi x0, x0, 0
  14732 975ff06f  jal x0, -1676
c2_34_p5_3062:
  14733 999ff06f  jal x0, -1640
c2_34_p6_3063:
  14734 00000013  addi x0, x0, 0
  14735 9a5ff06f  jal x0, -1628
c2_34_h7_3058:
  14736 58103023  sd ra, 1408(x0)
  14737 58203423  sd sp, 1416(x0)
  14738 00000013  addi x0, x0, 0
  14739 9a9ff06f  jal x0, -1624
c2_35_g4_3074:
  14740 00e1fe63  bgeu gp, a4, +28
  14741 00d1fa63  bgeu gp, a3, +20
  14742 a15ff06f  jal x0, -1516
c2_35_p2_3075:
  14743 9e9ff06f  jal x0, -1560
c2_35_p3_3076:
  14744 00000013  addi x0, x0, 0
  14745 9f5ff06f  jal x0, -1548
c2_35_p5_3077:
  14746 a19ff06f  jal x0, -1512
c2_35_p6_3078:
  14747 00000013  addi x0, x0, 0
  14748 a25ff06f  jal x0, -1500
c2_35_h7_3073:
  14749 58103823  sd ra, 1424(x0)
  14750 58203c23  sd sp, 1432(x0)
  14751 00000013  addi x0, x0, 0
  14752 a29ff06f  jal x0, -1496
c2_36_g4_3089:
  14753 00e1fe63  bgeu gp, a4, +28
  14754 00d1fa63  bgeu gp, a3, +20
  14755 a95ff06f  jal x0, -1388
c2_36_p2_3090:
  14756 a69ff06f  jal x0, -1432
c2_36_p3_3091:
  14757 00000013  addi x0, x0, 0
  14758 a75ff06f  jal x0, -1420
c2_36_p5_3092:
  14759 a99ff06f  jal x0, -1384
c2_36_p6_3093:
  14760 00000013  addi x0, x0, 0
  14761 aa5ff06f  jal x0, -1372
c2_36_h7_3088:
  14762 5a103023  sd ra, 1440(x0)
  14763 5a203423  sd sp, 1448(x0)
  14764 00000013  addi x0, x0, 0
  14765 aa9ff06f  jal x0, -1368
c2_37_g4_3104:
  14766 00e1fe63  bgeu gp, a4, +28
  14767 00d1fa63  bgeu gp, a3, +20
  14768 b15ff06f  jal x0, -1260
c2_37_p2_3105:
  14769 ae9ff06f  jal x0, -1304
c2_37_p3_3106:
  14770 00000013  addi x0, x0, 0
  14771 af5ff06f  jal x0, -1292
c2_37_p5_3107:
  14772 b19ff06f  jal x0, -1256
c2_37_p6_3108:
  14773 00000013  addi x0, x0, 0
  14774 b25ff06f  jal x0, -1244
c2_37_h7_3103:
  14775 5a103823  sd ra, 1456(x0)
  14776 5a203c23  sd sp, 1464(x0)
  14777 00000013  addi x0, x0, 0
  14778 b29ff06f  jal x0, -1240
c2_38_g4_3119:
  14779 00e1fe63  bgeu gp, a4, +28
  14780 00d1fa63  bgeu gp, a3, +20
  14781 b95ff06f  jal x0, -1132
c2_38_p2_3120:
  14782 b69ff06f  jal x0, -1176
c2_38_p3_3121:
  14783 00000013  addi x0, x0, 0
  14784 b75ff06f  jal x0, -1164
c2_38_p5_3122:
  14785 b99ff06f  jal x0, -1128
c2_38_p6_3123:
  14786 00000013  addi x0, x0, 0
  14787 ba5ff06f  jal x0, -1116
c2_38_h7_3118:
  14788 5c103023  sd ra, 1472(x0)
  14789 5c203423  sd sp, 1480(x0)
  14790 00000013  addi x0, x0, 0
  14791 ba9ff06f  jal x0, -1112
c2_39_g4_3134:
  14792 00e1fe63  bgeu gp, a4, +28
  14793 00d1fa63  bgeu gp, a3, +20
  14794 c15ff06f  jal x0, -1004
c2_39_p2_3135:
  14795 be9ff06f  jal x0, -1048
c2_39_p3_3136:
  14796 00000013  addi x0, x0, 0
  14797 bf5ff06f  jal x0, -1036
c2_39_p5_3137:
  14798 c19ff06f  jal x0, -1000
c2_39_p6_3138:
  14799 00000013  addi x0, x0, 0
  14800 c25ff06f  jal x0, -988
c2_39_h7_3133:
  14801 5c103823  sd ra, 1488(x0)
  14802 5c203c23  sd sp, 1496(x0)
  14803 00000013  addi x0, x0, 0
  14804 c29ff06f  jal x0, -984
c2_40_g4_3149:
  14805 00e1fe63  bgeu gp, a4, +28
  14806 00d1fa63  bgeu gp, a3, +20
  14807 c95ff06f  jal x0, -876
c2_40_p2_3150:
  14808 c69ff06f  jal x0, -920
c2_40_p3_3151:
  14809 00000013  addi x0, x0, 0
  14810 c75ff06f  jal x0, -908
c2_40_p5_3152:
  14811 c99ff06f  jal x0, -872
c2_40_p6_3153:
  14812 00000013  addi x0, x0, 0
  14813 ca5ff06f  jal x0, -860
c2_40_h7_3148:
  14814 5e103023  sd ra, 1504(x0)
  14815 5e203423  sd sp, 1512(x0)
  14816 00000013  addi x0, x0, 0
  14817 ca9ff06f  jal x0, -856
c2_41_g4_3164:
  14818 00e1fe63  bgeu gp, a4, +28
  14819 00d1fa63  bgeu gp, a3, +20
  14820 d15ff06f  jal x0, -748
c2_41_p2_3165:
  14821 ce9ff06f  jal x0, -792
c2_41_p3_3166:
  14822 00000013  addi x0, x0, 0
  14823 cf5ff06f  jal x0, -780
c2_41_p5_3167:
  14824 d19ff06f  jal x0, -744
c2_41_p6_3168:
  14825 00000013  addi x0, x0, 0
  14826 d25ff06f  jal x0, -732
c2_41_h7_3163:
  14827 5e103823  sd ra, 1520(x0)
  14828 5e203c23  sd sp, 1528(x0)
  14829 00000013  addi x0, x0, 0
  14830 d29ff06f  jal x0, -728
        ; layer 2: leaf
l2_after2_3170:
  14831 000201b7  lui gp, 0x20
  14832 20118193  addi gp, gp, 513
  14833 34303023  sd gp, 832(x0)
  14834 35f03423  sd t6, 840(x0)
  14835 34000513  addi a0, x0, 832
  14836 2c000593  addi a1, x0, 704
  14837 004b9c13  slli s8, s7, 4
  14838 010c7193  andi gp, s8, 16
  14839 1e018613  addi a2, gp, 480
  14840 00000073  ecall
        ; layer 2: tree fold
  14841 000201b7  lui gp, 0x20
  14842 30118193  addi gp, gp, 769
  14843 1c302023  sw gp, 448(x0)
  14844 1de02423  sw t5, 456(x0)
  14845 1c000513  addi a0, x0, 448
  14846 04000593  addi a1, x0, 64
        ; fold level 1
  14847 01064193  xori gp, a2, 16
  14848 230a3083  ld ra, 560(s4)
  14849 238a3103  ld sp, 568(s4)
  14850 0011b023  sd ra, 0(gp)
  14851 0021b423  sd sp, 8(gp)
  14852 00100213  addi tp, x0, 1
  14853 1c402223  sw tp, 452(x0)
  14854 001bd213  srli tp, s7, 1
  14855 1c402623  sw tp, 460(x0)
  14856 001c5193  srli gp, s8, 1
  14857 0101f193  andi gp, gp, 16
  14858 1e018613  addi a2, gp, 480
  14859 00000073  ecall
        ; fold level 2
  14860 01064193  xori gp, a2, 16
  14861 240a3083  ld ra, 576(s4)
  14862 248a3103  ld sp, 584(s4)
  14863 0011b023  sd ra, 0(gp)
  14864 0021b423  sd sp, 8(gp)
  14865 00200213  addi tp, x0, 2
  14866 1c402223  sw tp, 452(x0)
  14867 002bd213  srli tp, s7, 2
  14868 1c402623  sw tp, 460(x0)
  14869 002c5193  srli gp, s8, 2
  14870 0101f193  andi gp, gp, 16
  14871 1e018613  addi a2, gp, 480
  14872 00000073  ecall
        ; fold level 3
  14873 01064193  xori gp, a2, 16
  14874 250a3083  ld ra, 592(s4)
  14875 258a3103  ld sp, 600(s4)
  14876 0011b023  sd ra, 0(gp)
  14877 0021b423  sd sp, 8(gp)
  14878 00300213  addi tp, x0, 3
  14879 1c402223  sw tp, 452(x0)
  14880 003bd213  srli tp, s7, 3
  14881 1c402623  sw tp, 460(x0)
  14882 003c5193  srli gp, s8, 3
  14883 0101f193  andi gp, gp, 16
  14884 1e018613  addi a2, gp, 480
  14885 00000073  ecall
        ; fold level 4
  14886 01064193  xori gp, a2, 16
  14887 260a3083  ld ra, 608(s4)
  14888 268a3103  ld sp, 616(s4)
  14889 0011b023  sd ra, 0(gp)
  14890 0021b423  sd sp, 8(gp)
  14891 00400213  addi tp, x0, 4
  14892 1c402223  sw tp, 452(x0)
  14893 004bd213  srli tp, s7, 4
  14894 1c402623  sw tp, 460(x0)
  14895 010bf193  andi gp, s7, 16
  14896 1e018613  addi a2, gp, 480
  14897 00000073  ecall
        ; fold level 5
  14898 01064193  xori gp, a2, 16
  14899 270a3083  ld ra, 624(s4)
  14900 278a3103  ld sp, 632(s4)
  14901 0011b023  sd ra, 0(gp)
  14902 0021b423  sd sp, 8(gp)
  14903 00500213  addi tp, x0, 5
  14904 1c402223  sw tp, 452(x0)
  14905 1c002623  sw x0, 460(x0)
  14906 12000613  addi a2, x0, 288
  14907 00000073  ecall
        ; layer 1: route
layer_1:
  14908 018b5b93  srli s7, s6, 24
  14909 01fbfb93  andi s7, s7, 31
  14910 01db5f13  srli t5, s6, 29
  14911 020b9193  slli gp, s7, 32
  14912 003f6fb3  or t6, t5, gp
        ; layer 1: encoding
  14913 000101b7  lui gp, 0x10
  14914 40118193  addi gp, gp, 1025
  14915 10303023  sd gp, 256(x0)
  14916 11f03423  sd t6, 264(x0)
  14917 634ae183  lwu gp, 1588(s5)
  14918 12302823  sw gp, 304(x0)
  14919 12002a23  sw x0, 308(x0)
  14920 12003c23  sd x0, 312(x0)
  14921 10000513  addi a0, x0, 256
  14922 04000593  addi a1, x0, 64
  14923 14000613  addi a2, x0, 320
  14924 00000073  ecall
  14925 14003803  ld a6, 320(x0)
  14926 14803883  ld a7, 328(x0)
  14927 011861b3  or gp, a6, a7
  14928 2401c6e3  blt gp, x0, +2636
  14929 00385c93  srli s9, a6, 3
  14930 01acfcb3  and s9, s9, s10
  14931 01a87e33  and t3, a6, s10
  14932 01cc8cb3  add s9, s9, t3
  14933 0038de13  srli t3, a7, 3
  14934 01ae7e33  and t3, t3, s10
  14935 01cc8cb3  add s9, s9, t3
  14936 01a8fe33  and t3, a7, s10
  14937 01cc8cb3  add s9, s9, t3
  14938 006cde13  srli t3, s9, 6
  14939 01cc8cb3  add s9, s9, t3
  14940 01bcfcb3  and s9, s9, s11
  14941 00ccde13  srli t3, s9, 12
  14942 01cc8cb3  add s9, s9, t3
  14943 018cde13  srli t3, s9, 24
  14944 01cc8cb3  add s9, s9, t3
  14945 030cde13  srli t3, s9, 48
  14946 01cc8cb3  add s9, s9, t3
  14947 7ffcfc93  andi s9, s9, 2047
  14948 f56c8c93  addi s9, s9, -170
  14949 1e0c9ce3  bne s9, x0, +2552
        ; layer 1: chains
  14950 000101b7  lui gp, 0x10
  14951 10118193  addi gp, gp, 257
  14952 0c302023  sw gp, 192(x0)
  14953 0df03423  sd t6, 200(x0)
  14954 0c000513  addi a0, x0, 192
  14955 0e000613  addi a2, x0, 224
        ; chain lay=1 i=0
c1_0_3186:
  14956 03d81193  slli gp, a6, 61
  14957 4a09b083  ld ra, 1184(s3)
  14958 4a89b103  ld sp, 1192(s3)
  14959 0e103023  sd ra, 224(x0)
  14960 0e203423  sd sp, 232(x0)
  14961 1ef1f8e3  bgeu gp, a5, +2544
  14962 1c91f4e3  bgeu gp, s1, +2504
  14963 1c81fae3  bgeu gp, s0, +2516
  14964 1c71f6e3  bgeu gp, t2, +2508
  14965 0061fc63  bgeu gp, t1, +24
c1_0_s1_3172:
  14966 00000213  addi tp, x0, 0
  14967 00452223  sw tp, 4(a0)
  14968 00000073  ecall
  14969 02053823  sd x0, 48(a0)
  14970 02053c23  sd x0, 56(a0)
c1_0_s2_3173:
  14971 00100213  addi tp, x0, 1
  14972 00452223  sw tp, 4(a0)
  14973 00000073  ecall
  14974 02053823  sd x0, 48(a0)
  14975 02053c23  sd x0, 56(a0)
c1_0_s3_3174:
  14976 00200213  addi tp, x0, 2
  14977 00452223  sw tp, 4(a0)
  14978 00000073  ecall
  14979 02053823  sd x0, 48(a0)
  14980 02053c23  sd x0, 56(a0)
c1_0_s4_3175:
  14981 00300213  addi tp, x0, 3
  14982 00452223  sw tp, 4(a0)
  14983 00000073  ecall
  14984 02053823  sd x0, 48(a0)
  14985 02053c23  sd x0, 56(a0)
c1_0_s5_3176:
  14986 00400213  addi tp, x0, 4
  14987 00452223  sw tp, 4(a0)
  14988 00000073  ecall
  14989 02053823  sd x0, 48(a0)
  14990 02053c23  sd x0, 56(a0)
c1_0_s6_3177:
  14991 00500213  addi tp, x0, 5
  14992 00452223  sw tp, 4(a0)
  14993 00000073  ecall
  14994 02053823  sd x0, 48(a0)
  14995 02053c23  sd x0, 56(a0)
c1_0_s7_3178:
  14996 00600213  addi tp, x0, 6
  14997 00452223  sw tp, 4(a0)
  14998 36000613  addi a2, x0, 864
  14999 00000073  ecall
  15000 02050613  addi a2, a0, 32
        ; chain lay=1 i=1
c1_0_next_3179:
c1_1_3201:
  15001 03a81193  slli gp, a6, 58
  15002 4b09b083  ld ra, 1200(s3)
  15003 4b89b103  ld sp, 1208(s3)
  15004 0e103023  sd ra, 224(x0)
  15005 0e203423  sd sp, 232(x0)
  15006 16f1f8e3  bgeu gp, a5, +2416
  15007 1491f4e3  bgeu gp, s1, +2376
  15008 1481fae3  bgeu gp, s0, +2388
  15009 1471f6e3  bgeu gp, t2, +2380
  15010 0061fc63  bgeu gp, t1, +24
c1_1_s1_3187:
  15011 00800213  addi tp, x0, 8
  15012 00452223  sw tp, 4(a0)
  15013 00000073  ecall
  15014 02053823  sd x0, 48(a0)
  15015 02053c23  sd x0, 56(a0)
c1_1_s2_3188:
  15016 00900213  addi tp, x0, 9
  15017 00452223  sw tp, 4(a0)
  15018 00000073  ecall
  15019 02053823  sd x0, 48(a0)
  15020 02053c23  sd x0, 56(a0)
c1_1_s3_3189:
  15021 00a00213  addi tp, x0, 10
  15022 00452223  sw tp, 4(a0)
  15023 00000073  ecall
  15024 02053823  sd x0, 48(a0)
  15025 02053c23  sd x0, 56(a0)
c1_1_s4_3190:
  15026 00b00213  addi tp, x0, 11
  15027 00452223  sw tp, 4(a0)
  15028 00000073  ecall
  15029 02053823  sd x0, 48(a0)
  15030 02053c23  sd x0, 56(a0)
c1_1_s5_3191:
  15031 00c00213  addi tp, x0, 12
  15032 00452223  sw tp, 4(a0)
  15033 00000073  ecall
  15034 02053823  sd x0, 48(a0)
  15035 02053c23  sd x0, 56(a0)
c1_1_s6_3192:
  15036 00d00213  addi tp, x0, 13
  15037 00452223  sw tp, 4(a0)
  15038 00000073  ecall
  15039 02053823  sd x0, 48(a0)
  15040 02053c23  sd x0, 56(a0)
c1_1_s7_3193:
  15041 00e00213  addi tp, x0, 14
  15042 00452223  sw tp, 4(a0)
  15043 37000613  addi a2, x0, 880
  15044 00000073  ecall
  15045 02050613  addi a2, a0, 32
        ; chain lay=1 i=2
c1_1_next_3194:
c1_2_3216:
  15046 03781193  slli gp, a6, 55
  15047 4c09b083  ld ra, 1216(s3)
  15048 4c89b103  ld sp, 1224(s3)
  15049 0e103023  sd ra, 224(x0)
  15050 0e203423  sd sp, 232(x0)
  15051 0ef1f8e3  bgeu gp, a5, +2288
  15052 0c91f4e3  bgeu gp, s1, +2248
  15053 0c81fae3  bgeu gp, s0, +2260
  15054 0c71f6e3  bgeu gp, t2, +2252
  15055 0061fc63  bgeu gp, t1, +24
c1_2_s1_3202:
  15056 01000213  addi tp, x0, 16
  15057 00452223  sw tp, 4(a0)
  15058 00000073  ecall
  15059 02053823  sd x0, 48(a0)
  15060 02053c23  sd x0, 56(a0)
c1_2_s2_3203:
  15061 01100213  addi tp, x0, 17
  15062 00452223  sw tp, 4(a0)
  15063 00000073  ecall
  15064 02053823  sd x0, 48(a0)
  15065 02053c23  sd x0, 56(a0)
c1_2_s3_3204:
  15066 01200213  addi tp, x0, 18
  15067 00452223  sw tp, 4(a0)
  15068 00000073  ecall
  15069 02053823  sd x0, 48(a0)
  15070 02053c23  sd x0, 56(a0)
c1_2_s4_3205:
  15071 01300213  addi tp, x0, 19
  15072 00452223  sw tp, 4(a0)
  15073 00000073  ecall
  15074 02053823  sd x0, 48(a0)
  15075 02053c23  sd x0, 56(a0)
c1_2_s5_3206:
  15076 01400213  addi tp, x0, 20
  15077 00452223  sw tp, 4(a0)
  15078 00000073  ecall
  15079 02053823  sd x0, 48(a0)
  15080 02053c23  sd x0, 56(a0)
c1_2_s6_3207:
  15081 01500213  addi tp, x0, 21
  15082 00452223  sw tp, 4(a0)
  15083 00000073  ecall
  15084 02053823  sd x0, 48(a0)
  15085 02053c23  sd x0, 56(a0)
c1_2_s7_3208:
  15086 01600213  addi tp, x0, 22
  15087 00452223  sw tp, 4(a0)
  15088 38000613  addi a2, x0, 896
  15089 00000073  ecall
  15090 02050613  addi a2, a0, 32
        ; chain lay=1 i=3
c1_2_next_3209:
c1_3_3231:
  15091 03481193  slli gp, a6, 52
  15092 4d09b083  ld ra, 1232(s3)
  15093 4d89b103  ld sp, 1240(s3)
  15094 0e103023  sd ra, 224(x0)
  15095 0e203423  sd sp, 232(x0)
  15096 06f1f8e3  bgeu gp, a5, +2160
  15097 0491f4e3  bgeu gp, s1, +2120
  15098 0481fae3  bgeu gp, s0, +2132
  15099 0471f6e3  bgeu gp, t2, +2124
  15100 0061fc63  bgeu gp, t1, +24
c1_3_s1_3217:
  15101 01800213  addi tp, x0, 24
  15102 00452223  sw tp, 4(a0)
  15103 00000073  ecall
  15104 02053823  sd x0, 48(a0)
  15105 02053c23  sd x0, 56(a0)
c1_3_s2_3218:
  15106 01900213  addi tp, x0, 25
  15107 00452223  sw tp, 4(a0)
  15108 00000073  ecall
  15109 02053823  sd x0, 48(a0)
  15110 02053c23  sd x0, 56(a0)
c1_3_s3_3219:
  15111 01a00213  addi tp, x0, 26
  15112 00452223  sw tp, 4(a0)
  15113 00000073  ecall
  15114 02053823  sd x0, 48(a0)
  15115 02053c23  sd x0, 56(a0)
c1_3_s4_3220:
  15116 01b00213  addi tp, x0, 27
  15117 00452223  sw tp, 4(a0)
  15118 00000073  ecall
  15119 02053823  sd x0, 48(a0)
  15120 02053c23  sd x0, 56(a0)
c1_3_s5_3221:
  15121 01c00213  addi tp, x0, 28
  15122 00452223  sw tp, 4(a0)
  15123 00000073  ecall
  15124 02053823  sd x0, 48(a0)
  15125 02053c23  sd x0, 56(a0)
c1_3_s6_3222:
  15126 01d00213  addi tp, x0, 29
  15127 00452223  sw tp, 4(a0)
  15128 00000073  ecall
  15129 02053823  sd x0, 48(a0)
  15130 02053c23  sd x0, 56(a0)
c1_3_s7_3223:
  15131 01e00213  addi tp, x0, 30
  15132 00452223  sw tp, 4(a0)
  15133 39000613  addi a2, x0, 912
  15134 00000073  ecall
  15135 02050613  addi a2, a0, 32
        ; chain lay=1 i=4
c1_3_next_3224:
c1_4_3246:
  15136 03181193  slli gp, a6, 49
  15137 4e09b083  ld ra, 1248(s3)
  15138 4e89b103  ld sp, 1256(s3)
  15139 0e103023  sd ra, 224(x0)
  15140 0e203423  sd sp, 232(x0)
  15141 7ef1f863  bgeu gp, a5, +2032
  15142 7c91f463  bgeu gp, s1, +1992
  15143 7c81fa63  bgeu gp, s0, +2004
  15144 7c71f663  bgeu gp, t2, +1996
  15145 0061fc63  bgeu gp, t1, +24
c1_4_s1_3232:
  15146 02000213  addi tp, x0, 32
  15147 00452223  sw tp, 4(a0)
  15148 00000073  ecall
  15149 02053823  sd x0, 48(a0)
  15150 02053c23  sd x0, 56(a0)
c1_4_s2_3233:
  15151 02100213  addi tp, x0, 33
  15152 00452223  sw tp, 4(a0)
  15153 00000073  ecall
  15154 02053823  sd x0, 48(a0)
  15155 02053c23  sd x0, 56(a0)
c1_4_s3_3234:
  15156 02200213  addi tp, x0, 34
  15157 00452223  sw tp, 4(a0)
  15158 00000073  ecall
  15159 02053823  sd x0, 48(a0)
  15160 02053c23  sd x0, 56(a0)
c1_4_s4_3235:
  15161 02300213  addi tp, x0, 35
  15162 00452223  sw tp, 4(a0)
  15163 00000073  ecall
  15164 02053823  sd x0, 48(a0)
  15165 02053c23  sd x0, 56(a0)
c1_4_s5_3236:
  15166 02400213  addi tp, x0, 36
  15167 00452223  sw tp, 4(a0)
  15168 00000073  ecall
  15169 02053823  sd x0, 48(a0)
  15170 02053c23  sd x0, 56(a0)
c1_4_s6_3237:
  15171 02500213  addi tp, x0, 37
  15172 00452223  sw tp, 4(a0)
  15173 00000073  ecall
  15174 02053823  sd x0, 48(a0)
  15175 02053c23  sd x0, 56(a0)
c1_4_s7_3238:
  15176 02600213  addi tp, x0, 38
  15177 00452223  sw tp, 4(a0)
  15178 3a000613  addi a2, x0, 928
  15179 00000073  ecall
  15180 02050613  addi a2, a0, 32
        ; chain lay=1 i=5
c1_4_next_3239:
c1_5_3261:
  15181 02e81193  slli gp, a6, 46
  15182 4f09b083  ld ra, 1264(s3)
  15183 4f89b103  ld sp, 1272(s3)
  15184 0e103023  sd ra, 224(x0)
  15185 0e203423  sd sp, 232(x0)
  15186 76f1f863  bgeu gp, a5, +1904
  15187 7491f463  bgeu gp, s1, +1864
  15188 7481fa63  bgeu gp, s0, +1876
  15189 7471f663  bgeu gp, t2, +1868
  15190 0061fc63  bgeu gp, t1, +24
c1_5_s1_3247:
  15191 02800213  addi tp, x0, 40
  15192 00452223  sw tp, 4(a0)
  15193 00000073  ecall
  15194 02053823  sd x0, 48(a0)
  15195 02053c23  sd x0, 56(a0)
c1_5_s2_3248:
  15196 02900213  addi tp, x0, 41
  15197 00452223  sw tp, 4(a0)
  15198 00000073  ecall
  15199 02053823  sd x0, 48(a0)
  15200 02053c23  sd x0, 56(a0)
c1_5_s3_3249:
  15201 02a00213  addi tp, x0, 42
  15202 00452223  sw tp, 4(a0)
  15203 00000073  ecall
  15204 02053823  sd x0, 48(a0)
  15205 02053c23  sd x0, 56(a0)
c1_5_s4_3250:
  15206 02b00213  addi tp, x0, 43
  15207 00452223  sw tp, 4(a0)
  15208 00000073  ecall
  15209 02053823  sd x0, 48(a0)
  15210 02053c23  sd x0, 56(a0)
c1_5_s5_3251:
  15211 02c00213  addi tp, x0, 44
  15212 00452223  sw tp, 4(a0)
  15213 00000073  ecall
  15214 02053823  sd x0, 48(a0)
  15215 02053c23  sd x0, 56(a0)
c1_5_s6_3252:
  15216 02d00213  addi tp, x0, 45
  15217 00452223  sw tp, 4(a0)
  15218 00000073  ecall
  15219 02053823  sd x0, 48(a0)
  15220 02053c23  sd x0, 56(a0)
c1_5_s7_3253:
  15221 02e00213  addi tp, x0, 46
  15222 00452223  sw tp, 4(a0)
  15223 3b000613  addi a2, x0, 944
  15224 00000073  ecall
  15225 02050613  addi a2, a0, 32
        ; chain lay=1 i=6
c1_5_next_3254:
c1_6_3276:
  15226 02b81193  slli gp, a6, 43
  15227 5009b083  ld ra, 1280(s3)
  15228 5089b103  ld sp, 1288(s3)
  15229 0e103023  sd ra, 224(x0)
  15230 0e203423  sd sp, 232(x0)
  15231 6ef1f863  bgeu gp, a5, +1776
  15232 6c91f463  bgeu gp, s1, +1736
  15233 6c81fa63  bgeu gp, s0, +1748
  15234 6c71f663  bgeu gp, t2, +1740
  15235 0061fc63  bgeu gp, t1, +24
c1_6_s1_3262:
  15236 03000213  addi tp, x0, 48
  15237 00452223  sw tp, 4(a0)
  15238 00000073  ecall
  15239 02053823  sd x0, 48(a0)
  15240 02053c23  sd x0, 56(a0)
c1_6_s2_3263:
  15241 03100213  addi tp, x0, 49
  15242 00452223  sw tp, 4(a0)
  15243 00000073  ecall
  15244 02053823  sd x0, 48(a0)
  15245 02053c23  sd x0, 56(a0)
c1_6_s3_3264:
  15246 03200213  addi tp, x0, 50
  15247 00452223  sw tp, 4(a0)
  15248 00000073  ecall
  15249 02053823  sd x0, 48(a0)
  15250 02053c23  sd x0, 56(a0)
c1_6_s4_3265:
  15251 03300213  addi tp, x0, 51
  15252 00452223  sw tp, 4(a0)
  15253 00000073  ecall
  15254 02053823  sd x0, 48(a0)
  15255 02053c23  sd x0, 56(a0)
c1_6_s5_3266:
  15256 03400213  addi tp, x0, 52
  15257 00452223  sw tp, 4(a0)
  15258 00000073  ecall
  15259 02053823  sd x0, 48(a0)
  15260 02053c23  sd x0, 56(a0)
c1_6_s6_3267:
  15261 03500213  addi tp, x0, 53
  15262 00452223  sw tp, 4(a0)
  15263 00000073  ecall
  15264 02053823  sd x0, 48(a0)
  15265 02053c23  sd x0, 56(a0)
c1_6_s7_3268:
  15266 03600213  addi tp, x0, 54
  15267 00452223  sw tp, 4(a0)
  15268 3c000613  addi a2, x0, 960
  15269 00000073  ecall
  15270 02050613  addi a2, a0, 32
        ; chain lay=1 i=7
c1_6_next_3269:
c1_7_3291:
  15271 02881193  slli gp, a6, 40
  15272 5109b083  ld ra, 1296(s3)
  15273 5189b103  ld sp, 1304(s3)
  15274 0e103023  sd ra, 224(x0)
  15275 0e203423  sd sp, 232(x0)
  15276 66f1f863  bgeu gp, a5, +1648
  15277 6491f463  bgeu gp, s1, +1608
  15278 6481fa63  bgeu gp, s0, +1620
  15279 6471f663  bgeu gp, t2, +1612
  15280 0061fc63  bgeu gp, t1, +24
c1_7_s1_3277:
  15281 03800213  addi tp, x0, 56
  15282 00452223  sw tp, 4(a0)
  15283 00000073  ecall
  15284 02053823  sd x0, 48(a0)
  15285 02053c23  sd x0, 56(a0)
c1_7_s2_3278:
  15286 03900213  addi tp, x0, 57
  15287 00452223  sw tp, 4(a0)
  15288 00000073  ecall
  15289 02053823  sd x0, 48(a0)
  15290 02053c23  sd x0, 56(a0)
c1_7_s3_3279:
  15291 03a00213  addi tp, x0, 58
  15292 00452223  sw tp, 4(a0)
  15293 00000073  ecall
  15294 02053823  sd x0, 48(a0)
  15295 02053c23  sd x0, 56(a0)
c1_7_s4_3280:
  15296 03b00213  addi tp, x0, 59
  15297 00452223  sw tp, 4(a0)
  15298 00000073  ecall
  15299 02053823  sd x0, 48(a0)
  15300 02053c23  sd x0, 56(a0)
c1_7_s5_3281:
  15301 03c00213  addi tp, x0, 60
  15302 00452223  sw tp, 4(a0)
  15303 00000073  ecall
  15304 02053823  sd x0, 48(a0)
  15305 02053c23  sd x0, 56(a0)
c1_7_s6_3282:
  15306 03d00213  addi tp, x0, 61
  15307 00452223  sw tp, 4(a0)
  15308 00000073  ecall
  15309 02053823  sd x0, 48(a0)
  15310 02053c23  sd x0, 56(a0)
c1_7_s7_3283:
  15311 03e00213  addi tp, x0, 62
  15312 00452223  sw tp, 4(a0)
  15313 3d000613  addi a2, x0, 976
  15314 00000073  ecall
  15315 02050613  addi a2, a0, 32
        ; chain lay=1 i=8
c1_7_next_3284:
c1_8_3306:
  15316 02581193  slli gp, a6, 37
  15317 5209b083  ld ra, 1312(s3)
  15318 5289b103  ld sp, 1320(s3)
  15319 0e103023  sd ra, 224(x0)
  15320 0e203423  sd sp, 232(x0)
  15321 5ef1f863  bgeu gp, a5, +1520
  15322 5c91f463  bgeu gp, s1, +1480
  15323 5c81fa63  bgeu gp, s0, +1492
  15324 5c71f663  bgeu gp, t2, +1484
  15325 0061fc63  bgeu gp, t1, +24
c1_8_s1_3292:
  15326 04000213  addi tp, x0, 64
  15327 00452223  sw tp, 4(a0)
  15328 00000073  ecall
  15329 02053823  sd x0, 48(a0)
  15330 02053c23  sd x0, 56(a0)
c1_8_s2_3293:
  15331 04100213  addi tp, x0, 65
  15332 00452223  sw tp, 4(a0)
  15333 00000073  ecall
  15334 02053823  sd x0, 48(a0)
  15335 02053c23  sd x0, 56(a0)
c1_8_s3_3294:
  15336 04200213  addi tp, x0, 66
  15337 00452223  sw tp, 4(a0)
  15338 00000073  ecall
  15339 02053823  sd x0, 48(a0)
  15340 02053c23  sd x0, 56(a0)
c1_8_s4_3295:
  15341 04300213  addi tp, x0, 67
  15342 00452223  sw tp, 4(a0)
  15343 00000073  ecall
  15344 02053823  sd x0, 48(a0)
  15345 02053c23  sd x0, 56(a0)
c1_8_s5_3296:
  15346 04400213  addi tp, x0, 68
  15347 00452223  sw tp, 4(a0)
  15348 00000073  ecall
  15349 02053823  sd x0, 48(a0)
  15350 02053c23  sd x0, 56(a0)
c1_8_s6_3297:
  15351 04500213  addi tp, x0, 69
  15352 00452223  sw tp, 4(a0)
  15353 00000073  ecall
  15354 02053823  sd x0, 48(a0)
  15355 02053c23  sd x0, 56(a0)
c1_8_s7_3298:
  15356 04600213  addi tp, x0, 70
  15357 00452223  sw tp, 4(a0)
  15358 3e000613  addi a2, x0, 992
  15359 00000073  ecall
  15360 02050613  addi a2, a0, 32
        ; chain lay=1 i=9
c1_8_next_3299:
c1_9_3321:
  15361 02281193  slli gp, a6, 34
  15362 5309b083  ld ra, 1328(s3)
  15363 5389b103  ld sp, 1336(s3)
  15364 0e103023  sd ra, 224(x0)
  15365 0e203423  sd sp, 232(x0)
  15366 56f1f863  bgeu gp, a5, +1392
  15367 5491f463  bgeu gp, s1, +1352
  15368 5481fa63  bgeu gp, s0, +1364
  15369 5471f663  bgeu gp, t2, +1356
  15370 0061fc63  bgeu gp, t1, +24
c1_9_s1_3307:
  15371 04800213  addi tp, x0, 72
  15372 00452223  sw tp, 4(a0)
  15373 00000073  ecall
  15374 02053823  sd x0, 48(a0)
  15375 02053c23  sd x0, 56(a0)
c1_9_s2_3308:
  15376 04900213  addi tp, x0, 73
  15377 00452223  sw tp, 4(a0)
  15378 00000073  ecall
  15379 02053823  sd x0, 48(a0)
  15380 02053c23  sd x0, 56(a0)
c1_9_s3_3309:
  15381 04a00213  addi tp, x0, 74
  15382 00452223  sw tp, 4(a0)
  15383 00000073  ecall
  15384 02053823  sd x0, 48(a0)
  15385 02053c23  sd x0, 56(a0)
c1_9_s4_3310:
  15386 04b00213  addi tp, x0, 75
  15387 00452223  sw tp, 4(a0)
  15388 00000073  ecall
  15389 02053823  sd x0, 48(a0)
  15390 02053c23  sd x0, 56(a0)
c1_9_s5_3311:
  15391 04c00213  addi tp, x0, 76
  15392 00452223  sw tp, 4(a0)
  15393 00000073  ecall
  15394 02053823  sd x0, 48(a0)
  15395 02053c23  sd x0, 56(a0)
c1_9_s6_3312:
  15396 04d00213  addi tp, x0, 77
  15397 00452223  sw tp, 4(a0)
  15398 00000073  ecall
  15399 02053823  sd x0, 48(a0)
  15400 02053c23  sd x0, 56(a0)
c1_9_s7_3313:
  15401 04e00213  addi tp, x0, 78
  15402 00452223  sw tp, 4(a0)
  15403 3f000613  addi a2, x0, 1008
  15404 00000073  ecall
  15405 02050613  addi a2, a0, 32
        ; chain lay=1 i=10
c1_9_next_3314:
c1_10_3336:
  15406 01f81193  slli gp, a6, 31
  15407 5409b083  ld ra, 1344(s3)
  15408 5489b103  ld sp, 1352(s3)
  15409 0e103023  sd ra, 224(x0)
  15410 0e203423  sd sp, 232(x0)
  15411 4ef1f863  bgeu gp, a5, +1264
  15412 4c91f463  bgeu gp, s1, +1224
  15413 4c81fa63  bgeu gp, s0, +1236
  15414 4c71f663  bgeu gp, t2, +1228
  15415 0061fc63  bgeu gp, t1, +24
c1_10_s1_3322:
  15416 05000213  addi tp, x0, 80
  15417 00452223  sw tp, 4(a0)
  15418 00000073  ecall
  15419 02053823  sd x0, 48(a0)
  15420 02053c23  sd x0, 56(a0)
c1_10_s2_3323:
  15421 05100213  addi tp, x0, 81
  15422 00452223  sw tp, 4(a0)
  15423 00000073  ecall
  15424 02053823  sd x0, 48(a0)
  15425 02053c23  sd x0, 56(a0)
c1_10_s3_3324:
  15426 05200213  addi tp, x0, 82
  15427 00452223  sw tp, 4(a0)
  15428 00000073  ecall
  15429 02053823  sd x0, 48(a0)
  15430 02053c23  sd x0, 56(a0)
c1_10_s4_3325:
  15431 05300213  addi tp, x0, 83
  15432 00452223  sw tp, 4(a0)
  15433 00000073  ecall
  15434 02053823  sd x0, 48(a0)
  15435 02053c23  sd x0, 56(a0)
c1_10_s5_3326:
  15436 05400213  addi tp, x0, 84
  15437 00452223  sw tp, 4(a0)
  15438 00000073  ecall
  15439 02053823  sd x0, 48(a0)
  15440 02053c23  sd x0, 56(a0)
c1_10_s6_3327:
  15441 05500213  addi tp, x0, 85
  15442 00452223  sw tp, 4(a0)
  15443 00000073  ecall
  15444 02053823  sd x0, 48(a0)
  15445 02053c23  sd x0, 56(a0)
c1_10_s7_3328:
  15446 05600213  addi tp, x0, 86
  15447 00452223  sw tp, 4(a0)
  15448 40000613  addi a2, x0, 1024
  15449 00000073  ecall
  15450 02050613  addi a2, a0, 32
        ; chain lay=1 i=11
c1_10_next_3329:
c1_11_3351:
  15451 01c81193  slli gp, a6, 28
  15452 5509b083  ld ra, 1360(s3)
  15453 5589b103  ld sp, 1368(s3)
  15454 0e103023  sd ra, 224(x0)
  15455 0e203423  sd sp, 232(x0)
  15456 46f1f863  bgeu gp, a5, +1136
  15457 4491f463  bgeu gp, s1, +1096
  15458 4481fa63  bgeu gp, s0, +1108
  15459 4471f663  bgeu gp, t2, +1100
  15460 0061fc63  bgeu gp, t1, +24
c1_11_s1_3337:
  15461 05800213  addi tp, x0, 88
  15462 00452223  sw tp, 4(a0)
  15463 00000073  ecall
  15464 02053823  sd x0, 48(a0)
  15465 02053c23  sd x0, 56(a0)
c1_11_s2_3338:
  15466 05900213  addi tp, x0, 89
  15467 00452223  sw tp, 4(a0)
  15468 00000073  ecall
  15469 02053823  sd x0, 48(a0)
  15470 02053c23  sd x0, 56(a0)
c1_11_s3_3339:
  15471 05a00213  addi tp, x0, 90
  15472 00452223  sw tp, 4(a0)
  15473 00000073  ecall
  15474 02053823  sd x0, 48(a0)
  15475 02053c23  sd x0, 56(a0)
c1_11_s4_3340:
  15476 05b00213  addi tp, x0, 91
  15477 00452223  sw tp, 4(a0)
  15478 00000073  ecall
  15479 02053823  sd x0, 48(a0)
  15480 02053c23  sd x0, 56(a0)
c1_11_s5_3341:
  15481 05c00213  addi tp, x0, 92
  15482 00452223  sw tp, 4(a0)
  15483 00000073  ecall
  15484 02053823  sd x0, 48(a0)
  15485 02053c23  sd x0, 56(a0)
c1_11_s6_3342:
  15486 05d00213  addi tp, x0, 93
  15487 00452223  sw tp, 4(a0)
  15488 00000073  ecall
  15489 02053823  sd x0, 48(a0)
  15490 02053c23  sd x0, 56(a0)
c1_11_s7_3343:
  15491 05e00213  addi tp, x0, 94
  15492 00452223  sw tp, 4(a0)
  15493 41000613  addi a2, x0, 1040
  15494 00000073  ecall
  15495 02050613  addi a2, a0, 32
        ; chain lay=1 i=12
c1_11_next_3344:
c1_12_3366:
  15496 01981193  slli gp, a6, 25
  15497 5609b083  ld ra, 1376(s3)
  15498 5689b103  ld sp, 1384(s3)
  15499 0e103023  sd ra, 224(x0)
  15500 0e203423  sd sp, 232(x0)
  15501 3ef1f863  bgeu gp, a5, +1008
  15502 3c91f463  bgeu gp, s1, +968
  15503 3c81fa63  bgeu gp, s0, +980
  15504 3c71f663  bgeu gp, t2, +972
  15505 0061fc63  bgeu gp, t1, +24
c1_12_s1_3352:
  15506 06000213  addi tp, x0, 96
  15507 00452223  sw tp, 4(a0)
  15508 00000073  ecall
  15509 02053823  sd x0, 48(a0)
  15510 02053c23  sd x0, 56(a0)
c1_12_s2_3353:
  15511 06100213  addi tp, x0, 97
  15512 00452223  sw tp, 4(a0)
  15513 00000073  ecall
  15514 02053823  sd x0, 48(a0)
  15515 02053c23  sd x0, 56(a0)
c1_12_s3_3354:
  15516 06200213  addi tp, x0, 98
  15517 00452223  sw tp, 4(a0)
  15518 00000073  ecall
  15519 02053823  sd x0, 48(a0)
  15520 02053c23  sd x0, 56(a0)
c1_12_s4_3355:
  15521 06300213  addi tp, x0, 99
  15522 00452223  sw tp, 4(a0)
  15523 00000073  ecall
  15524 02053823  sd x0, 48(a0)
  15525 02053c23  sd x0, 56(a0)
c1_12_s5_3356:
  15526 06400213  addi tp, x0, 100
  15527 00452223  sw tp, 4(a0)
  15528 00000073  ecall
  15529 02053823  sd x0, 48(a0)
  15530 02053c23  sd x0, 56(a0)
c1_12_s6_3357:
  15531 06500213  addi tp, x0, 101
  15532 00452223  sw tp, 4(a0)
  15533 00000073  ecall
  15534 02053823  sd x0, 48(a0)
  15535 02053c23  sd x0, 56(a0)
c1_12_s7_3358:
  15536 06600213  addi tp, x0, 102
  15537 00452223  sw tp, 4(a0)
  15538 42000613  addi a2, x0, 1056
  15539 00000073  ecall
  15540 02050613  addi a2, a0, 32
        ; chain lay=1 i=13
c1_12_next_3359:
c1_13_3381:
  15541 01681193  slli gp, a6, 22
  15542 5709b083  ld ra, 1392(s3)
  15543 5789b103  ld sp, 1400(s3)
  15544 0e103023  sd ra, 224(x0)
  15545 0e203423  sd sp, 232(x0)
  15546 36f1f863  bgeu gp, a5, +880
  15547 3491f463  bgeu gp, s1, +840
  15548 3481fa63  bgeu gp, s0, +852
  15549 3471f663  bgeu gp, t2, +844
  15550 0061fc63  bgeu gp, t1, +24
c1_13_s1_3367:
  15551 06800213  addi tp, x0, 104
  15552 00452223  sw tp, 4(a0)
  15553 00000073  ecall
  15554 02053823  sd x0, 48(a0)
  15555 02053c23  sd x0, 56(a0)
c1_13_s2_3368:
  15556 06900213  addi tp, x0, 105
  15557 00452223  sw tp, 4(a0)
  15558 00000073  ecall
  15559 02053823  sd x0, 48(a0)
  15560 02053c23  sd x0, 56(a0)
c1_13_s3_3369:
  15561 06a00213  addi tp, x0, 106
  15562 00452223  sw tp, 4(a0)
  15563 00000073  ecall
  15564 02053823  sd x0, 48(a0)
  15565 02053c23  sd x0, 56(a0)
c1_13_s4_3370:
  15566 06b00213  addi tp, x0, 107
  15567 00452223  sw tp, 4(a0)
  15568 00000073  ecall
  15569 02053823  sd x0, 48(a0)
  15570 02053c23  sd x0, 56(a0)
c1_13_s5_3371:
  15571 06c00213  addi tp, x0, 108
  15572 00452223  sw tp, 4(a0)
  15573 00000073  ecall
  15574 02053823  sd x0, 48(a0)
  15575 02053c23  sd x0, 56(a0)
c1_13_s6_3372:
  15576 06d00213  addi tp, x0, 109
  15577 00452223  sw tp, 4(a0)
  15578 00000073  ecall
  15579 02053823  sd x0, 48(a0)
  15580 02053c23  sd x0, 56(a0)
c1_13_s7_3373:
  15581 06e00213  addi tp, x0, 110
  15582 00452223  sw tp, 4(a0)
  15583 43000613  addi a2, x0, 1072
  15584 00000073  ecall
  15585 02050613  addi a2, a0, 32
c1_13_next_3374:
  15586 2e00006f  jal x0, +736
rej_l1_3171:
  15587 d81f006f  jal x0, -62080
c1_0_g4_3181:
  15588 00e1fe63  bgeu gp, a4, +28
  15589 00d1fa63  bgeu gp, a3, +20
  15590 e90ff06f  jal x0, -2416
c1_0_p2_3182:
  15591 e64ff06f  jal x0, -2460
c1_0_p3_3183:
  15592 00000013  addi x0, x0, 0
  15593 e70ff06f  jal x0, -2448
c1_0_p5_3184:
  15594 e94ff06f  jal x0, -2412
c1_0_p6_3185:
  15595 00000013  addi x0, x0, 0
  15596 ea0ff06f  jal x0, -2400
c1_0_h7_3180:
  15597 36103023  sd ra, 864(x0)
  15598 36203423  sd sp, 872(x0)
  15599 00000013  addi x0, x0, 0
  15600 ea4ff06f  jal x0, -2396
c1_1_g4_3196:
  15601 00e1fe63  bgeu gp, a4, +28
  15602 00d1fa63  bgeu gp, a3, +20
  15603 f10ff06f  jal x0, -2288
c1_1_p2_3197:
  15604 ee4ff06f  jal x0, -2332
c1_1_p3_3198:
  15605 00000013  addi x0, x0, 0
  15606 ef0ff06f  jal x0, -2320
c1_1_p5_3199:
  15607 f14ff06f  jal x0, -2284
c1_1_p6_3200:
  15608 00000013  addi x0, x0, 0
  15609 f20ff06f  jal x0, -2272
c1_1_h7_3195:
  15610 36103823  sd ra, 880(x0)
  15611 36203c23  sd sp, 888(x0)
  15612 00000013  addi x0, x0, 0
  15613 f24ff06f  jal x0, -2268
c1_2_g4_3211:
  15614 00e1fe63  bgeu gp, a4, +28
  15615 00d1fa63  bgeu gp, a3, +20
  15616 f90ff06f  jal x0, -2160
c1_2_p2_3212:
  15617 f64ff06f  jal x0, -2204
c1_2_p3_3213:
  15618 00000013  addi x0, x0, 0
  15619 f70ff06f  jal x0, -2192
c1_2_p5_3214:
  15620 f94ff06f  jal x0, -2156
c1_2_p6_3215:
  15621 00000013  addi x0, x0, 0
  15622 fa0ff06f  jal x0, -2144
c1_2_h7_3210:
  15623 38103023  sd ra, 896(x0)
  15624 38203423  sd sp, 904(x0)
  15625 00000013  addi x0, x0, 0
  15626 fa4ff06f  jal x0, -2140
c1_3_g4_3226:
  15627 00e1fe63  bgeu gp, a4, +28
  15628 00d1fa63  bgeu gp, a3, +20
  15629 811ff06f  jal x0, -2032
c1_3_p2_3227:
  15630 fe4ff06f  jal x0, -2076
c1_3_p3_3228:
  15631 00000013  addi x0, x0, 0
  15632 ff0ff06f  jal x0, -2064
c1_3_p5_3229:
  15633 815ff06f  jal x0, -2028
c1_3_p6_3230:
  15634 00000013  addi x0, x0, 0
  15635 821ff06f  jal x0, -2016
c1_3_h7_3225:
  15636 38103823  sd ra, 912(x0)
  15637 38203c23  sd sp, 920(x0)
  15638 00000013  addi x0, x0, 0
  15639 825ff06f  jal x0, -2012
c1_4_g4_3241:
  15640 00e1fe63  bgeu gp, a4, +28
  15641 00d1fa63  bgeu gp, a3, +20
  15642 891ff06f  jal x0, -1904
c1_4_p2_3242:
  15643 865ff06f  jal x0, -1948
c1_4_p3_3243:
  15644 00000013  addi x0, x0, 0
  15645 871ff06f  jal x0, -1936
c1_4_p5_3244:
  15646 895ff06f  jal x0, -1900
c1_4_p6_3245:
  15647 00000013  addi x0, x0, 0
  15648 8a1ff06f  jal x0, -1888
c1_4_h7_3240:
  15649 3a103023  sd ra, 928(x0)
  15650 3a203423  sd sp, 936(x0)
  15651 00000013  addi x0, x0, 0
  15652 8a5ff06f  jal x0, -1884
c1_5_g4_3256:
  15653 00e1fe63  bgeu gp, a4, +28
  15654 00d1fa63  bgeu gp, a3, +20
  15655 911ff06f  jal x0, -1776
c1_5_p2_3257:
  15656 8e5ff06f  jal x0, -1820
c1_5_p3_3258:
  15657 00000013  addi x0, x0, 0
  15658 8f1ff06f  jal x0, -1808
c1_5_p5_3259:
  15659 915ff06f  jal x0, -1772
c1_5_p6_3260:
  15660 00000013  addi x0, x0, 0
  15661 921ff06f  jal x0, -1760
c1_5_h7_3255:
  15662 3a103823  sd ra, 944(x0)
  15663 3a203c23  sd sp, 952(x0)
  15664 00000013  addi x0, x0, 0
  15665 925ff06f  jal x0, -1756
c1_6_g4_3271:
  15666 00e1fe63  bgeu gp, a4, +28
  15667 00d1fa63  bgeu gp, a3, +20
  15668 991ff06f  jal x0, -1648
c1_6_p2_3272:
  15669 965ff06f  jal x0, -1692
c1_6_p3_3273:
  15670 00000013  addi x0, x0, 0
  15671 971ff06f  jal x0, -1680
c1_6_p5_3274:
  15672 995ff06f  jal x0, -1644
c1_6_p6_3275:
  15673 00000013  addi x0, x0, 0
  15674 9a1ff06f  jal x0, -1632
c1_6_h7_3270:
  15675 3c103023  sd ra, 960(x0)
  15676 3c203423  sd sp, 968(x0)
  15677 00000013  addi x0, x0, 0
  15678 9a5ff06f  jal x0, -1628
c1_7_g4_3286:
  15679 00e1fe63  bgeu gp, a4, +28
  15680 00d1fa63  bgeu gp, a3, +20
  15681 a11ff06f  jal x0, -1520
c1_7_p2_3287:
  15682 9e5ff06f  jal x0, -1564
c1_7_p3_3288:
  15683 00000013  addi x0, x0, 0
  15684 9f1ff06f  jal x0, -1552
c1_7_p5_3289:
  15685 a15ff06f  jal x0, -1516
c1_7_p6_3290:
  15686 00000013  addi x0, x0, 0
  15687 a21ff06f  jal x0, -1504
c1_7_h7_3285:
  15688 3c103823  sd ra, 976(x0)
  15689 3c203c23  sd sp, 984(x0)
  15690 00000013  addi x0, x0, 0
  15691 a25ff06f  jal x0, -1500
c1_8_g4_3301:
  15692 00e1fe63  bgeu gp, a4, +28
  15693 00d1fa63  bgeu gp, a3, +20
  15694 a91ff06f  jal x0, -1392
c1_8_p2_3302:
  15695 a65ff06f  jal x0, -1436
c1_8_p3_3303:
  15696 00000013  addi x0, x0, 0
  15697 a71ff06f  jal x0, -1424
c1_8_p5_3304:
  15698 a95ff06f  jal x0, -1388
c1_8_p6_3305:
  15699 00000013  addi x0, x0, 0
  15700 aa1ff06f  jal x0, -1376
c1_8_h7_3300:
  15701 3e103023  sd ra, 992(x0)
  15702 3e203423  sd sp, 1000(x0)
  15703 00000013  addi x0, x0, 0
  15704 aa5ff06f  jal x0, -1372
c1_9_g4_3316:
  15705 00e1fe63  bgeu gp, a4, +28
  15706 00d1fa63  bgeu gp, a3, +20
  15707 b11ff06f  jal x0, -1264
c1_9_p2_3317:
  15708 ae5ff06f  jal x0, -1308
c1_9_p3_3318:
  15709 00000013  addi x0, x0, 0
  15710 af1ff06f  jal x0, -1296
c1_9_p5_3319:
  15711 b15ff06f  jal x0, -1260
c1_9_p6_3320:
  15712 00000013  addi x0, x0, 0
  15713 b21ff06f  jal x0, -1248
c1_9_h7_3315:
  15714 3e103823  sd ra, 1008(x0)
  15715 3e203c23  sd sp, 1016(x0)
  15716 00000013  addi x0, x0, 0
  15717 b25ff06f  jal x0, -1244
c1_10_g4_3331:
  15718 00e1fe63  bgeu gp, a4, +28
  15719 00d1fa63  bgeu gp, a3, +20
  15720 b91ff06f  jal x0, -1136
c1_10_p2_3332:
  15721 b65ff06f  jal x0, -1180
c1_10_p3_3333:
  15722 00000013  addi x0, x0, 0
  15723 b71ff06f  jal x0, -1168
c1_10_p5_3334:
  15724 b95ff06f  jal x0, -1132
c1_10_p6_3335:
  15725 00000013  addi x0, x0, 0
  15726 ba1ff06f  jal x0, -1120
c1_10_h7_3330:
  15727 40103023  sd ra, 1024(x0)
  15728 40203423  sd sp, 1032(x0)
  15729 00000013  addi x0, x0, 0
  15730 ba5ff06f  jal x0, -1116
c1_11_g4_3346:
  15731 00e1fe63  bgeu gp, a4, +28
  15732 00d1fa63  bgeu gp, a3, +20
  15733 c11ff06f  jal x0, -1008
c1_11_p2_3347:
  15734 be5ff06f  jal x0, -1052
c1_11_p3_3348:
  15735 00000013  addi x0, x0, 0
  15736 bf1ff06f  jal x0, -1040
c1_11_p5_3349:
  15737 c15ff06f  jal x0, -1004
c1_11_p6_3350:
  15738 00000013  addi x0, x0, 0
  15739 c21ff06f  jal x0, -992
c1_11_h7_3345:
  15740 40103823  sd ra, 1040(x0)
  15741 40203c23  sd sp, 1048(x0)
  15742 00000013  addi x0, x0, 0
  15743 c25ff06f  jal x0, -988
c1_12_g4_3361:
  15744 00e1fe63  bgeu gp, a4, +28
  15745 00d1fa63  bgeu gp, a3, +20
  15746 c91ff06f  jal x0, -880
c1_12_p2_3362:
  15747 c65ff06f  jal x0, -924
c1_12_p3_3363:
  15748 00000013  addi x0, x0, 0
  15749 c71ff06f  jal x0, -912
c1_12_p5_3364:
  15750 c95ff06f  jal x0, -876
c1_12_p6_3365:
  15751 00000013  addi x0, x0, 0
  15752 ca1ff06f  jal x0, -864
c1_12_h7_3360:
  15753 42103023  sd ra, 1056(x0)
  15754 42203423  sd sp, 1064(x0)
  15755 00000013  addi x0, x0, 0
  15756 ca5ff06f  jal x0, -860
c1_13_g4_3376:
  15757 00e1fe63  bgeu gp, a4, +28
  15758 00d1fa63  bgeu gp, a3, +20
  15759 d11ff06f  jal x0, -752
c1_13_p2_3377:
  15760 ce5ff06f  jal x0, -796
c1_13_p3_3378:
  15761 00000013  addi x0, x0, 0
  15762 cf1ff06f  jal x0, -784
c1_13_p5_3379:
  15763 d15ff06f  jal x0, -748
c1_13_p6_3380:
  15764 00000013  addi x0, x0, 0
  15765 d21ff06f  jal x0, -736
c1_13_h7_3375:
  15766 42103823  sd ra, 1072(x0)
  15767 42203c23  sd sp, 1080(x0)
  15768 00000013  addi x0, x0, 0
  15769 d25ff06f  jal x0, -732
        ; chain lay=1 i=14
l1_after0_3382:
c1_14_3397:
  15770 01381193  slli gp, a6, 19
  15771 5809b083  ld ra, 1408(s3)
  15772 5889b103  ld sp, 1416(s3)
  15773 0e103023  sd ra, 224(x0)
  15774 0e203423  sd sp, 232(x0)
  15775 1ef1f6e3  bgeu gp, a5, +2540
  15776 1c91f2e3  bgeu gp, s1, +2500
  15777 1c81f8e3  bgeu gp, s0, +2512
  15778 1c71f4e3  bgeu gp, t2, +2504
  15779 0061fc63  bgeu gp, t1, +24
c1_14_s1_3383:
  15780 07000213  addi tp, x0, 112
  15781 00452223  sw tp, 4(a0)
  15782 00000073  ecall
  15783 02053823  sd x0, 48(a0)
  15784 02053c23  sd x0, 56(a0)
c1_14_s2_3384:
  15785 07100213  addi tp, x0, 113
  15786 00452223  sw tp, 4(a0)
  15787 00000073  ecall
  15788 02053823  sd x0, 48(a0)
  15789 02053c23  sd x0, 56(a0)
c1_14_s3_3385:
  15790 07200213  addi tp, x0, 114
  15791 00452223  sw tp, 4(a0)
  15792 00000073  ecall
  15793 02053823  sd x0, 48(a0)
  15794 02053c23  sd x0, 56(a0)
c1_14_s4_3386:
  15795 07300213  addi tp, x0, 115
  15796 00452223  sw tp, 4(a0)
  15797 00000073  ecall
  15798 02053823  sd x0, 48(a0)
  15799 02053c23  sd x0, 56(a0)
c1_14_s5_3387:
  15800 07400213  addi tp, x0, 116
  15801 00452223  sw tp, 4(a0)
  15802 00000073  ecall
  15803 02053823  sd x0, 48(a0)
  15804 02053c23  sd x0, 56(a0)
c1_14_s6_3388:
  15805 07500213  addi tp, x0, 117
  15806 00452223  sw tp, 4(a0)
  15807 00000073  ecall
  15808 02053823  sd x0, 48(a0)
  15809 02053c23  sd x0, 56(a0)
c1_14_s7_3389:
  15810 07600213  addi tp, x0, 118
  15811 00452223  sw tp, 4(a0)
  15812 44000613  addi a2, x0, 1088
  15813 00000073  ecall
  15814 02050613  addi a2, a0, 32
        ; chain lay=1 i=15
c1_14_next_3390:
c1_15_3412:
  15815 01081193  slli gp, a6, 16
  15816 5909b083  ld ra, 1424(s3)
  15817 5989b103  ld sp, 1432(s3)
  15818 0e103023  sd ra, 224(x0)
  15819 0e203423  sd sp, 232(x0)
  15820 16f1f6e3  bgeu gp, a5, +2412
  15821 1491f2e3  bgeu gp, s1, +2372
  15822 1481f8e3  bgeu gp, s0, +2384
  15823 1471f4e3  bgeu gp, t2, +2376
  15824 0061fc63  bgeu gp, t1, +24
c1_15_s1_3398:
  15825 07800213  addi tp, x0, 120
  15826 00452223  sw tp, 4(a0)
  15827 00000073  ecall
  15828 02053823  sd x0, 48(a0)
  15829 02053c23  sd x0, 56(a0)
c1_15_s2_3399:
  15830 07900213  addi tp, x0, 121
  15831 00452223  sw tp, 4(a0)
  15832 00000073  ecall
  15833 02053823  sd x0, 48(a0)
  15834 02053c23  sd x0, 56(a0)
c1_15_s3_3400:
  15835 07a00213  addi tp, x0, 122
  15836 00452223  sw tp, 4(a0)
  15837 00000073  ecall
  15838 02053823  sd x0, 48(a0)
  15839 02053c23  sd x0, 56(a0)
c1_15_s4_3401:
  15840 07b00213  addi tp, x0, 123
  15841 00452223  sw tp, 4(a0)
  15842 00000073  ecall
  15843 02053823  sd x0, 48(a0)
  15844 02053c23  sd x0, 56(a0)
c1_15_s5_3402:
  15845 07c00213  addi tp, x0, 124
  15846 00452223  sw tp, 4(a0)
  15847 00000073  ecall
  15848 02053823  sd x0, 48(a0)
  15849 02053c23  sd x0, 56(a0)
c1_15_s6_3403:
  15850 07d00213  addi tp, x0, 125
  15851 00452223  sw tp, 4(a0)
  15852 00000073  ecall
  15853 02053823  sd x0, 48(a0)
  15854 02053c23  sd x0, 56(a0)
c1_15_s7_3404:
  15855 07e00213  addi tp, x0, 126
  15856 00452223  sw tp, 4(a0)
  15857 45000613  addi a2, x0, 1104
  15858 00000073  ecall
  15859 02050613  addi a2, a0, 32
        ; chain lay=1 i=16
c1_15_next_3405:
c1_16_3427:
  15860 00d81193  slli gp, a6, 13
  15861 5a09b083  ld ra, 1440(s3)
  15862 5a89b103  ld sp, 1448(s3)
  15863 0e103023  sd ra, 224(x0)
  15864 0e203423  sd sp, 232(x0)
  15865 0ef1f6e3  bgeu gp, a5, +2284
  15866 0c91f2e3  bgeu gp, s1, +2244
  15867 0c81f8e3  bgeu gp, s0, +2256
  15868 0c71f4e3  bgeu gp, t2, +2248
  15869 0061fc63  bgeu gp, t1, +24
c1_16_s1_3413:
  15870 08000213  addi tp, x0, 128
  15871 00452223  sw tp, 4(a0)
  15872 00000073  ecall
  15873 02053823  sd x0, 48(a0)
  15874 02053c23  sd x0, 56(a0)
c1_16_s2_3414:
  15875 08100213  addi tp, x0, 129
  15876 00452223  sw tp, 4(a0)
  15877 00000073  ecall
  15878 02053823  sd x0, 48(a0)
  15879 02053c23  sd x0, 56(a0)
c1_16_s3_3415:
  15880 08200213  addi tp, x0, 130
  15881 00452223  sw tp, 4(a0)
  15882 00000073  ecall
  15883 02053823  sd x0, 48(a0)
  15884 02053c23  sd x0, 56(a0)
c1_16_s4_3416:
  15885 08300213  addi tp, x0, 131
  15886 00452223  sw tp, 4(a0)
  15887 00000073  ecall
  15888 02053823  sd x0, 48(a0)
  15889 02053c23  sd x0, 56(a0)
c1_16_s5_3417:
  15890 08400213  addi tp, x0, 132
  15891 00452223  sw tp, 4(a0)
  15892 00000073  ecall
  15893 02053823  sd x0, 48(a0)
  15894 02053c23  sd x0, 56(a0)
c1_16_s6_3418:
  15895 08500213  addi tp, x0, 133
  15896 00452223  sw tp, 4(a0)
  15897 00000073  ecall
  15898 02053823  sd x0, 48(a0)
  15899 02053c23  sd x0, 56(a0)
c1_16_s7_3419:
  15900 08600213  addi tp, x0, 134
  15901 00452223  sw tp, 4(a0)
  15902 46000613  addi a2, x0, 1120
  15903 00000073  ecall
  15904 02050613  addi a2, a0, 32
        ; chain lay=1 i=17
c1_16_next_3420:
c1_17_3442:
  15905 00a81193  slli gp, a6, 10
  15906 5b09b083  ld ra, 1456(s3)
  15907 5b89b103  ld sp, 1464(s3)
  15908 0e103023  sd ra, 224(x0)
  15909 0e203423  sd sp, 232(x0)
  15910 06f1f6e3  bgeu gp, a5, +2156
  15911 0491f2e3  bgeu gp, s1, +2116
  15912 0481f8e3  bgeu gp, s0, +2128
  15913 0471f4e3  bgeu gp, t2, +2120
  15914 0061fc63  bgeu gp, t1, +24
c1_17_s1_3428:
  15915 08800213  addi tp, x0, 136
  15916 00452223  sw tp, 4(a0)
  15917 00000073  ecall
  15918 02053823  sd x0, 48(a0)
  15919 02053c23  sd x0, 56(a0)
c1_17_s2_3429:
  15920 08900213  addi tp, x0, 137
  15921 00452223  sw tp, 4(a0)
  15922 00000073  ecall
  15923 02053823  sd x0, 48(a0)
  15924 02053c23  sd x0, 56(a0)
c1_17_s3_3430:
  15925 08a00213  addi tp, x0, 138
  15926 00452223  sw tp, 4(a0)
  15927 00000073  ecall
  15928 02053823  sd x0, 48(a0)
  15929 02053c23  sd x0, 56(a0)
c1_17_s4_3431:
  15930 08b00213  addi tp, x0, 139
  15931 00452223  sw tp, 4(a0)
  15932 00000073  ecall
  15933 02053823  sd x0, 48(a0)
  15934 02053c23  sd x0, 56(a0)
c1_17_s5_3432:
  15935 08c00213  addi tp, x0, 140
  15936 00452223  sw tp, 4(a0)
  15937 00000073  ecall
  15938 02053823  sd x0, 48(a0)
  15939 02053c23  sd x0, 56(a0)
c1_17_s6_3433:
  15940 08d00213  addi tp, x0, 141
  15941 00452223  sw tp, 4(a0)
  15942 00000073  ecall
  15943 02053823  sd x0, 48(a0)
  15944 02053c23  sd x0, 56(a0)
c1_17_s7_3434:
  15945 08e00213  addi tp, x0, 142
  15946 00452223  sw tp, 4(a0)
  15947 47000613  addi a2, x0, 1136
  15948 00000073  ecall
  15949 02050613  addi a2, a0, 32
        ; chain lay=1 i=18
c1_17_next_3435:
c1_18_3457:
  15950 00781193  slli gp, a6, 7
  15951 5c09b083  ld ra, 1472(s3)
  15952 5c89b103  ld sp, 1480(s3)
  15953 0e103023  sd ra, 224(x0)
  15954 0e203423  sd sp, 232(x0)
  15955 7ef1f663  bgeu gp, a5, +2028
  15956 7c91f263  bgeu gp, s1, +1988
  15957 7c81f863  bgeu gp, s0, +2000
  15958 7c71f463  bgeu gp, t2, +1992
  15959 0061fc63  bgeu gp, t1, +24
c1_18_s1_3443:
  15960 09000213  addi tp, x0, 144
  15961 00452223  sw tp, 4(a0)
  15962 00000073  ecall
  15963 02053823  sd x0, 48(a0)
  15964 02053c23  sd x0, 56(a0)
c1_18_s2_3444:
  15965 09100213  addi tp, x0, 145
  15966 00452223  sw tp, 4(a0)
  15967 00000073  ecall
  15968 02053823  sd x0, 48(a0)
  15969 02053c23  sd x0, 56(a0)
c1_18_s3_3445:
  15970 09200213  addi tp, x0, 146
  15971 00452223  sw tp, 4(a0)
  15972 00000073  ecall
  15973 02053823  sd x0, 48(a0)
  15974 02053c23  sd x0, 56(a0)
c1_18_s4_3446:
  15975 09300213  addi tp, x0, 147
  15976 00452223  sw tp, 4(a0)
  15977 00000073  ecall
  15978 02053823  sd x0, 48(a0)
  15979 02053c23  sd x0, 56(a0)
c1_18_s5_3447:
  15980 09400213  addi tp, x0, 148
  15981 00452223  sw tp, 4(a0)
  15982 00000073  ecall
  15983 02053823  sd x0, 48(a0)
  15984 02053c23  sd x0, 56(a0)
c1_18_s6_3448:
  15985 09500213  addi tp, x0, 149
  15986 00452223  sw tp, 4(a0)
  15987 00000073  ecall
  15988 02053823  sd x0, 48(a0)
  15989 02053c23  sd x0, 56(a0)
c1_18_s7_3449:
  15990 09600213  addi tp, x0, 150
  15991 00452223  sw tp, 4(a0)
  15992 48000613  addi a2, x0, 1152
  15993 00000073  ecall
  15994 02050613  addi a2, a0, 32
        ; chain lay=1 i=19
c1_18_next_3450:
c1_19_3472:
  15995 00481193  slli gp, a6, 4
  15996 5d09b083  ld ra, 1488(s3)
  15997 5d89b103  ld sp, 1496(s3)
  15998 0e103023  sd ra, 224(x0)
  15999 0e203423  sd sp, 232(x0)
  16000 76f1f663  bgeu gp, a5, +1900
  16001 7491f263  bgeu gp, s1, +1860
  16002 7481f863  bgeu gp, s0, +1872
  16003 7471f463  bgeu gp, t2, +1864
  16004 0061fc63  bgeu gp, t1, +24
c1_19_s1_3458:
  16005 09800213  addi tp, x0, 152
  16006 00452223  sw tp, 4(a0)
  16007 00000073  ecall
  16008 02053823  sd x0, 48(a0)
  16009 02053c23  sd x0, 56(a0)
c1_19_s2_3459:
  16010 09900213  addi tp, x0, 153
  16011 00452223  sw tp, 4(a0)
  16012 00000073  ecall
  16013 02053823  sd x0, 48(a0)
  16014 02053c23  sd x0, 56(a0)
c1_19_s3_3460:
  16015 09a00213  addi tp, x0, 154
  16016 00452223  sw tp, 4(a0)
  16017 00000073  ecall
  16018 02053823  sd x0, 48(a0)
  16019 02053c23  sd x0, 56(a0)
c1_19_s4_3461:
  16020 09b00213  addi tp, x0, 155
  16021 00452223  sw tp, 4(a0)
  16022 00000073  ecall
  16023 02053823  sd x0, 48(a0)
  16024 02053c23  sd x0, 56(a0)
c1_19_s5_3462:
  16025 09c00213  addi tp, x0, 156
  16026 00452223  sw tp, 4(a0)
  16027 00000073  ecall
  16028 02053823  sd x0, 48(a0)
  16029 02053c23  sd x0, 56(a0)
c1_19_s6_3463:
  16030 09d00213  addi tp, x0, 157
  16031 00452223  sw tp, 4(a0)
  16032 00000073  ecall
  16033 02053823  sd x0, 48(a0)
  16034 02053c23  sd x0, 56(a0)
c1_19_s7_3464:
  16035 09e00213  addi tp, x0, 158
  16036 00452223  sw tp, 4(a0)
  16037 49000613  addi a2, x0, 1168
  16038 00000073  ecall
  16039 02050613  addi a2, a0, 32
        ; chain lay=1 i=20
c1_19_next_3465:
c1_20_3487:
  16040 00181193  slli gp, a6, 1
  16041 5e09b083  ld ra, 1504(s3)
  16042 5e89b103  ld sp, 1512(s3)
  16043 0e103023  sd ra, 224(x0)
  16044 0e203423  sd sp, 232(x0)
  16045 6ef1f663  bgeu gp, a5, +1772
  16046 6c91f263  bgeu gp, s1, +1732
  16047 6c81f863  bgeu gp, s0, +1744
  16048 6c71f463  bgeu gp, t2, +1736
  16049 0061fc63  bgeu gp, t1, +24
c1_20_s1_3473:
  16050 0a000213  addi tp, x0, 160
  16051 00452223  sw tp, 4(a0)
  16052 00000073  ecall
  16053 02053823  sd x0, 48(a0)
  16054 02053c23  sd x0, 56(a0)
c1_20_s2_3474:
  16055 0a100213  addi tp, x0, 161
  16056 00452223  sw tp, 4(a0)
  16057 00000073  ecall
  16058 02053823  sd x0, 48(a0)
  16059 02053c23  sd x0, 56(a0)
c1_20_s3_3475:
  16060 0a200213  addi tp, x0, 162
  16061 00452223  sw tp, 4(a0)
  16062 00000073  ecall
  16063 02053823  sd x0, 48(a0)
  16064 02053c23  sd x0, 56(a0)
c1_20_s4_3476:
  16065 0a300213  addi tp, x0, 163
  16066 00452223  sw tp, 4(a0)
  16067 00000073  ecall
  16068 02053823  sd x0, 48(a0)
  16069 02053c23  sd x0, 56(a0)
c1_20_s5_3477:
  16070 0a400213  addi tp, x0, 164
  16071 00452223  sw tp, 4(a0)
  16072 00000073  ecall
  16073 02053823  sd x0, 48(a0)
  16074 02053c23  sd x0, 56(a0)
c1_20_s6_3478:
  16075 0a500213  addi tp, x0, 165
  16076 00452223  sw tp, 4(a0)
  16077 00000073  ecall
  16078 02053823  sd x0, 48(a0)
  16079 02053c23  sd x0, 56(a0)
c1_20_s7_3479:
  16080 0a600213  addi tp, x0, 166
  16081 00452223  sw tp, 4(a0)
  16082 4a000613  addi a2, x0, 1184
  16083 00000073  ecall
  16084 02050613  addi a2, a0, 32
        ; chain lay=1 i=21
c1_20_next_3480:
c1_21_3502:
  16085 03d89193  slli gp, a7, 61
  16086 5f09b083  ld ra, 1520(s3)
  16087 5f89b103  ld sp, 1528(s3)
  16088 0e103023  sd ra, 224(x0)
  16089 0e203423  sd sp, 232(x0)
  16090 66f1f663  bgeu gp, a5, +1644
  16091 6491f263  bgeu gp, s1, +1604
  16092 6481f863  bgeu gp, s0, +1616
  16093 6471f463  bgeu gp, t2, +1608
  16094 0061fc63  bgeu gp, t1, +24
c1_21_s1_3488:
  16095 0a800213  addi tp, x0, 168
  16096 00452223  sw tp, 4(a0)
  16097 00000073  ecall
  16098 02053823  sd x0, 48(a0)
  16099 02053c23  sd x0, 56(a0)
c1_21_s2_3489:
  16100 0a900213  addi tp, x0, 169
  16101 00452223  sw tp, 4(a0)
  16102 00000073  ecall
  16103 02053823  sd x0, 48(a0)
  16104 02053c23  sd x0, 56(a0)
c1_21_s3_3490:
  16105 0aa00213  addi tp, x0, 170
  16106 00452223  sw tp, 4(a0)
  16107 00000073  ecall
  16108 02053823  sd x0, 48(a0)
  16109 02053c23  sd x0, 56(a0)
c1_21_s4_3491:
  16110 0ab00213  addi tp, x0, 171
  16111 00452223  sw tp, 4(a0)
  16112 00000073  ecall
  16113 02053823  sd x0, 48(a0)
  16114 02053c23  sd x0, 56(a0)
c1_21_s5_3492:
  16115 0ac00213  addi tp, x0, 172
  16116 00452223  sw tp, 4(a0)
  16117 00000073  ecall
  16118 02053823  sd x0, 48(a0)
  16119 02053c23  sd x0, 56(a0)
c1_21_s6_3493:
  16120 0ad00213  addi tp, x0, 173
  16121 00452223  sw tp, 4(a0)
  16122 00000073  ecall
  16123 02053823  sd x0, 48(a0)
  16124 02053c23  sd x0, 56(a0)
c1_21_s7_3494:
  16125 0ae00213  addi tp, x0, 174
  16126 00452223  sw tp, 4(a0)
  16127 4b000613  addi a2, x0, 1200
  16128 00000073  ecall
  16129 02050613  addi a2, a0, 32
        ; chain lay=1 i=22
c1_21_next_3495:
c1_22_3517:
  16130 03a89193  slli gp, a7, 58
  16131 6009b083  ld ra, 1536(s3)
  16132 6089b103  ld sp, 1544(s3)
  16133 0e103023  sd ra, 224(x0)
  16134 0e203423  sd sp, 232(x0)
  16135 5ef1f663  bgeu gp, a5, +1516
  16136 5c91f263  bgeu gp, s1, +1476
  16137 5c81f863  bgeu gp, s0, +1488
  16138 5c71f463  bgeu gp, t2, +1480
  16139 0061fc63  bgeu gp, t1, +24
c1_22_s1_3503:
  16140 0b000213  addi tp, x0, 176
  16141 00452223  sw tp, 4(a0)
  16142 00000073  ecall
  16143 02053823  sd x0, 48(a0)
  16144 02053c23  sd x0, 56(a0)
c1_22_s2_3504:
  16145 0b100213  addi tp, x0, 177
  16146 00452223  sw tp, 4(a0)
  16147 00000073  ecall
  16148 02053823  sd x0, 48(a0)
  16149 02053c23  sd x0, 56(a0)
c1_22_s3_3505:
  16150 0b200213  addi tp, x0, 178
  16151 00452223  sw tp, 4(a0)
  16152 00000073  ecall
  16153 02053823  sd x0, 48(a0)
  16154 02053c23  sd x0, 56(a0)
c1_22_s4_3506:
  16155 0b300213  addi tp, x0, 179
  16156 00452223  sw tp, 4(a0)
  16157 00000073  ecall
  16158 02053823  sd x0, 48(a0)
  16159 02053c23  sd x0, 56(a0)
c1_22_s5_3507:
  16160 0b400213  addi tp, x0, 180
  16161 00452223  sw tp, 4(a0)
  16162 00000073  ecall
  16163 02053823  sd x0, 48(a0)
  16164 02053c23  sd x0, 56(a0)
c1_22_s6_3508:
  16165 0b500213  addi tp, x0, 181
  16166 00452223  sw tp, 4(a0)
  16167 00000073  ecall
  16168 02053823  sd x0, 48(a0)
  16169 02053c23  sd x0, 56(a0)
c1_22_s7_3509:
  16170 0b600213  addi tp, x0, 182
  16171 00452223  sw tp, 4(a0)
  16172 4c000613  addi a2, x0, 1216
  16173 00000073  ecall
  16174 02050613  addi a2, a0, 32
        ; chain lay=1 i=23
c1_22_next_3510:
c1_23_3532:
  16175 03789193  slli gp, a7, 55
  16176 6109b083  ld ra, 1552(s3)
  16177 6189b103  ld sp, 1560(s3)
  16178 0e103023  sd ra, 224(x0)
  16179 0e203423  sd sp, 232(x0)
  16180 56f1f663  bgeu gp, a5, +1388
  16181 5491f263  bgeu gp, s1, +1348
  16182 5481f863  bgeu gp, s0, +1360
  16183 5471f463  bgeu gp, t2, +1352
  16184 0061fc63  bgeu gp, t1, +24
c1_23_s1_3518:
  16185 0b800213  addi tp, x0, 184
  16186 00452223  sw tp, 4(a0)
  16187 00000073  ecall
  16188 02053823  sd x0, 48(a0)
  16189 02053c23  sd x0, 56(a0)
c1_23_s2_3519:
  16190 0b900213  addi tp, x0, 185
  16191 00452223  sw tp, 4(a0)
  16192 00000073  ecall
  16193 02053823  sd x0, 48(a0)
  16194 02053c23  sd x0, 56(a0)
c1_23_s3_3520:
  16195 0ba00213  addi tp, x0, 186
  16196 00452223  sw tp, 4(a0)
  16197 00000073  ecall
  16198 02053823  sd x0, 48(a0)
  16199 02053c23  sd x0, 56(a0)
c1_23_s4_3521:
  16200 0bb00213  addi tp, x0, 187
  16201 00452223  sw tp, 4(a0)
  16202 00000073  ecall
  16203 02053823  sd x0, 48(a0)
  16204 02053c23  sd x0, 56(a0)
c1_23_s5_3522:
  16205 0bc00213  addi tp, x0, 188
  16206 00452223  sw tp, 4(a0)
  16207 00000073  ecall
  16208 02053823  sd x0, 48(a0)
  16209 02053c23  sd x0, 56(a0)
c1_23_s6_3523:
  16210 0bd00213  addi tp, x0, 189
  16211 00452223  sw tp, 4(a0)
  16212 00000073  ecall
  16213 02053823  sd x0, 48(a0)
  16214 02053c23  sd x0, 56(a0)
c1_23_s7_3524:
  16215 0be00213  addi tp, x0, 190
  16216 00452223  sw tp, 4(a0)
  16217 4d000613  addi a2, x0, 1232
  16218 00000073  ecall
  16219 02050613  addi a2, a0, 32
        ; chain lay=1 i=24
c1_23_next_3525:
c1_24_3547:
  16220 03489193  slli gp, a7, 52
  16221 6209b083  ld ra, 1568(s3)
  16222 6289b103  ld sp, 1576(s3)
  16223 0e103023  sd ra, 224(x0)
  16224 0e203423  sd sp, 232(x0)
  16225 4ef1f663  bgeu gp, a5, +1260
  16226 4c91f263  bgeu gp, s1, +1220
  16227 4c81f863  bgeu gp, s0, +1232
  16228 4c71f463  bgeu gp, t2, +1224
  16229 0061fc63  bgeu gp, t1, +24
c1_24_s1_3533:
  16230 0c000213  addi tp, x0, 192
  16231 00452223  sw tp, 4(a0)
  16232 00000073  ecall
  16233 02053823  sd x0, 48(a0)
  16234 02053c23  sd x0, 56(a0)
c1_24_s2_3534:
  16235 0c100213  addi tp, x0, 193
  16236 00452223  sw tp, 4(a0)
  16237 00000073  ecall
  16238 02053823  sd x0, 48(a0)
  16239 02053c23  sd x0, 56(a0)
c1_24_s3_3535:
  16240 0c200213  addi tp, x0, 194
  16241 00452223  sw tp, 4(a0)
  16242 00000073  ecall
  16243 02053823  sd x0, 48(a0)
  16244 02053c23  sd x0, 56(a0)
c1_24_s4_3536:
  16245 0c300213  addi tp, x0, 195
  16246 00452223  sw tp, 4(a0)
  16247 00000073  ecall
  16248 02053823  sd x0, 48(a0)
  16249 02053c23  sd x0, 56(a0)
c1_24_s5_3537:
  16250 0c400213  addi tp, x0, 196
  16251 00452223  sw tp, 4(a0)
  16252 00000073  ecall
  16253 02053823  sd x0, 48(a0)
  16254 02053c23  sd x0, 56(a0)
c1_24_s6_3538:
  16255 0c500213  addi tp, x0, 197
  16256 00452223  sw tp, 4(a0)
  16257 00000073  ecall
  16258 02053823  sd x0, 48(a0)
  16259 02053c23  sd x0, 56(a0)
c1_24_s7_3539:
  16260 0c600213  addi tp, x0, 198
  16261 00452223  sw tp, 4(a0)
  16262 4e000613  addi a2, x0, 1248
  16263 00000073  ecall
  16264 02050613  addi a2, a0, 32
        ; chain lay=1 i=25
c1_24_next_3540:
c1_25_3562:
  16265 03189193  slli gp, a7, 49
  16266 6309b083  ld ra, 1584(s3)
  16267 6389b103  ld sp, 1592(s3)
  16268 0e103023  sd ra, 224(x0)
  16269 0e203423  sd sp, 232(x0)
  16270 46f1f663  bgeu gp, a5, +1132
  16271 4491f263  bgeu gp, s1, +1092
  16272 4481f863  bgeu gp, s0, +1104
  16273 4471f463  bgeu gp, t2, +1096
  16274 0061fc63  bgeu gp, t1, +24
c1_25_s1_3548:
  16275 0c800213  addi tp, x0, 200
  16276 00452223  sw tp, 4(a0)
  16277 00000073  ecall
  16278 02053823  sd x0, 48(a0)
  16279 02053c23  sd x0, 56(a0)
c1_25_s2_3549:
  16280 0c900213  addi tp, x0, 201
  16281 00452223  sw tp, 4(a0)
  16282 00000073  ecall
  16283 02053823  sd x0, 48(a0)
  16284 02053c23  sd x0, 56(a0)
c1_25_s3_3550:
  16285 0ca00213  addi tp, x0, 202
  16286 00452223  sw tp, 4(a0)
  16287 00000073  ecall
  16288 02053823  sd x0, 48(a0)
  16289 02053c23  sd x0, 56(a0)
c1_25_s4_3551:
  16290 0cb00213  addi tp, x0, 203
  16291 00452223  sw tp, 4(a0)
  16292 00000073  ecall
  16293 02053823  sd x0, 48(a0)
  16294 02053c23  sd x0, 56(a0)
c1_25_s5_3552:
  16295 0cc00213  addi tp, x0, 204
  16296 00452223  sw tp, 4(a0)
  16297 00000073  ecall
  16298 02053823  sd x0, 48(a0)
  16299 02053c23  sd x0, 56(a0)
c1_25_s6_3553:
  16300 0cd00213  addi tp, x0, 205
  16301 00452223  sw tp, 4(a0)
  16302 00000073  ecall
  16303 02053823  sd x0, 48(a0)
  16304 02053c23  sd x0, 56(a0)
c1_25_s7_3554:
  16305 0ce00213  addi tp, x0, 206
  16306 00452223  sw tp, 4(a0)
  16307 4f000613  addi a2, x0, 1264
  16308 00000073  ecall
  16309 02050613  addi a2, a0, 32
        ; chain lay=1 i=26
c1_25_next_3555:
c1_26_3577:
  16310 02e89193  slli gp, a7, 46
  16311 6409b083  ld ra, 1600(s3)
  16312 6489b103  ld sp, 1608(s3)
  16313 0e103023  sd ra, 224(x0)
  16314 0e203423  sd sp, 232(x0)
  16315 3ef1f663  bgeu gp, a5, +1004
  16316 3c91f263  bgeu gp, s1, +964
  16317 3c81f863  bgeu gp, s0, +976
  16318 3c71f463  bgeu gp, t2, +968
  16319 0061fc63  bgeu gp, t1, +24
c1_26_s1_3563:
  16320 0d000213  addi tp, x0, 208
  16321 00452223  sw tp, 4(a0)
  16322 00000073  ecall
  16323 02053823  sd x0, 48(a0)
  16324 02053c23  sd x0, 56(a0)
c1_26_s2_3564:
  16325 0d100213  addi tp, x0, 209
  16326 00452223  sw tp, 4(a0)
  16327 00000073  ecall
  16328 02053823  sd x0, 48(a0)
  16329 02053c23  sd x0, 56(a0)
c1_26_s3_3565:
  16330 0d200213  addi tp, x0, 210
  16331 00452223  sw tp, 4(a0)
  16332 00000073  ecall
  16333 02053823  sd x0, 48(a0)
  16334 02053c23  sd x0, 56(a0)
c1_26_s4_3566:
  16335 0d300213  addi tp, x0, 211
  16336 00452223  sw tp, 4(a0)
  16337 00000073  ecall
  16338 02053823  sd x0, 48(a0)
  16339 02053c23  sd x0, 56(a0)
c1_26_s5_3567:
  16340 0d400213  addi tp, x0, 212
  16341 00452223  sw tp, 4(a0)
  16342 00000073  ecall
  16343 02053823  sd x0, 48(a0)
  16344 02053c23  sd x0, 56(a0)
c1_26_s6_3568:
  16345 0d500213  addi tp, x0, 213
  16346 00452223  sw tp, 4(a0)
  16347 00000073  ecall
  16348 02053823  sd x0, 48(a0)
  16349 02053c23  sd x0, 56(a0)
c1_26_s7_3569:
  16350 0d600213  addi tp, x0, 214
  16351 00452223  sw tp, 4(a0)
  16352 50000613  addi a2, x0, 1280
  16353 00000073  ecall
  16354 02050613  addi a2, a0, 32
        ; chain lay=1 i=27
c1_26_next_3570:
c1_27_3592:
  16355 02b89193  slli gp, a7, 43
  16356 6509b083  ld ra, 1616(s3)
  16357 6589b103  ld sp, 1624(s3)
  16358 0e103023  sd ra, 224(x0)
  16359 0e203423  sd sp, 232(x0)
  16360 36f1f663  bgeu gp, a5, +876
  16361 3491f263  bgeu gp, s1, +836
  16362 3481f863  bgeu gp, s0, +848
  16363 3471f463  bgeu gp, t2, +840
  16364 0061fc63  bgeu gp, t1, +24
c1_27_s1_3578:
  16365 0d800213  addi tp, x0, 216
  16366 00452223  sw tp, 4(a0)
  16367 00000073  ecall
  16368 02053823  sd x0, 48(a0)
  16369 02053c23  sd x0, 56(a0)
c1_27_s2_3579:
  16370 0d900213  addi tp, x0, 217
  16371 00452223  sw tp, 4(a0)
  16372 00000073  ecall
  16373 02053823  sd x0, 48(a0)
  16374 02053c23  sd x0, 56(a0)
c1_27_s3_3580:
  16375 0da00213  addi tp, x0, 218
  16376 00452223  sw tp, 4(a0)
  16377 00000073  ecall
  16378 02053823  sd x0, 48(a0)
  16379 02053c23  sd x0, 56(a0)
c1_27_s4_3581:
  16380 0db00213  addi tp, x0, 219
  16381 00452223  sw tp, 4(a0)
  16382 00000073  ecall
  16383 02053823  sd x0, 48(a0)
  16384 02053c23  sd x0, 56(a0)
c1_27_s5_3582:
  16385 0dc00213  addi tp, x0, 220
  16386 00452223  sw tp, 4(a0)
  16387 00000073  ecall
  16388 02053823  sd x0, 48(a0)
  16389 02053c23  sd x0, 56(a0)
c1_27_s6_3583:
  16390 0dd00213  addi tp, x0, 221
  16391 00452223  sw tp, 4(a0)
  16392 00000073  ecall
  16393 02053823  sd x0, 48(a0)
  16394 02053c23  sd x0, 56(a0)
c1_27_s7_3584:
  16395 0de00213  addi tp, x0, 222
  16396 00452223  sw tp, 4(a0)
  16397 51000613  addi a2, x0, 1296
  16398 00000073  ecall
  16399 02050613  addi a2, a0, 32
c1_27_next_3585:
  16400 2dc0006f  jal x0, +732
c1_14_g4_3392:
  16401 00e1fe63  bgeu gp, a4, +28
  16402 00d1fa63  bgeu gp, a3, +20
  16403 e94ff06f  jal x0, -2412
c1_14_p2_3393:
  16404 e68ff06f  jal x0, -2456
c1_14_p3_3394:
  16405 00000013  addi x0, x0, 0
  16406 e74ff06f  jal x0, -2444
c1_14_p5_3395:
  16407 e98ff06f  jal x0, -2408
c1_14_p6_3396:
  16408 00000013  addi x0, x0, 0
  16409 ea4ff06f  jal x0, -2396
c1_14_h7_3391:
  16410 44103023  sd ra, 1088(x0)
  16411 44203423  sd sp, 1096(x0)
  16412 00000013  addi x0, x0, 0
  16413 ea8ff06f  jal x0, -2392
c1_15_g4_3407:
  16414 00e1fe63  bgeu gp, a4, +28
  16415 00d1fa63  bgeu gp, a3, +20
  16416 f14ff06f  jal x0, -2284
c1_15_p2_3408:
  16417 ee8ff06f  jal x0, -2328
c1_15_p3_3409:
  16418 00000013  addi x0, x0, 0
  16419 ef4ff06f  jal x0, -2316
c1_15_p5_3410:
  16420 f18ff06f  jal x0, -2280
c1_15_p6_3411:
  16421 00000013  addi x0, x0, 0
  16422 f24ff06f  jal x0, -2268
c1_15_h7_3406:
  16423 44103823  sd ra, 1104(x0)
  16424 44203c23  sd sp, 1112(x0)
  16425 00000013  addi x0, x0, 0
  16426 f28ff06f  jal x0, -2264
c1_16_g4_3422:
  16427 00e1fe63  bgeu gp, a4, +28
  16428 00d1fa63  bgeu gp, a3, +20
  16429 f94ff06f  jal x0, -2156
c1_16_p2_3423:
  16430 f68ff06f  jal x0, -2200
c1_16_p3_3424:
  16431 00000013  addi x0, x0, 0
  16432 f74ff06f  jal x0, -2188
c1_16_p5_3425:
  16433 f98ff06f  jal x0, -2152
c1_16_p6_3426:
  16434 00000013  addi x0, x0, 0
  16435 fa4ff06f  jal x0, -2140
c1_16_h7_3421:
  16436 46103023  sd ra, 1120(x0)
  16437 46203423  sd sp, 1128(x0)
  16438 00000013  addi x0, x0, 0
  16439 fa8ff06f  jal x0, -2136
c1_17_g4_3437:
  16440 00e1fe63  bgeu gp, a4, +28
  16441 00d1fa63  bgeu gp, a3, +20
  16442 815ff06f  jal x0, -2028
c1_17_p2_3438:
  16443 fe8ff06f  jal x0, -2072
c1_17_p3_3439:
  16444 00000013  addi x0, x0, 0
  16445 ff4ff06f  jal x0, -2060
c1_17_p5_3440:
  16446 819ff06f  jal x0, -2024
c1_17_p6_3441:
  16447 00000013  addi x0, x0, 0
  16448 825ff06f  jal x0, -2012
c1_17_h7_3436:
  16449 46103823  sd ra, 1136(x0)
  16450 46203c23  sd sp, 1144(x0)
  16451 00000013  addi x0, x0, 0
  16452 829ff06f  jal x0, -2008
c1_18_g4_3452:
  16453 00e1fe63  bgeu gp, a4, +28
  16454 00d1fa63  bgeu gp, a3, +20
  16455 895ff06f  jal x0, -1900
c1_18_p2_3453:
  16456 869ff06f  jal x0, -1944
c1_18_p3_3454:
  16457 00000013  addi x0, x0, 0
  16458 875ff06f  jal x0, -1932
c1_18_p5_3455:
  16459 899ff06f  jal x0, -1896
c1_18_p6_3456:
  16460 00000013  addi x0, x0, 0
  16461 8a5ff06f  jal x0, -1884
c1_18_h7_3451:
  16462 48103023  sd ra, 1152(x0)
  16463 48203423  sd sp, 1160(x0)
  16464 00000013  addi x0, x0, 0
  16465 8a9ff06f  jal x0, -1880
c1_19_g4_3467:
  16466 00e1fe63  bgeu gp, a4, +28
  16467 00d1fa63  bgeu gp, a3, +20
  16468 915ff06f  jal x0, -1772
c1_19_p2_3468:
  16469 8e9ff06f  jal x0, -1816
c1_19_p3_3469:
  16470 00000013  addi x0, x0, 0
  16471 8f5ff06f  jal x0, -1804
c1_19_p5_3470:
  16472 919ff06f  jal x0, -1768
c1_19_p6_3471:
  16473 00000013  addi x0, x0, 0
  16474 925ff06f  jal x0, -1756
c1_19_h7_3466:
  16475 48103823  sd ra, 1168(x0)
  16476 48203c23  sd sp, 1176(x0)
  16477 00000013  addi x0, x0, 0
  16478 929ff06f  jal x0, -1752
c1_20_g4_3482:
  16479 00e1fe63  bgeu gp, a4, +28
  16480 00d1fa63  bgeu gp, a3, +20
  16481 995ff06f  jal x0, -1644
c1_20_p2_3483:
  16482 969ff06f  jal x0, -1688
c1_20_p3_3484:
  16483 00000013  addi x0, x0, 0
  16484 975ff06f  jal x0, -1676
c1_20_p5_3485:
  16485 999ff06f  jal x0, -1640
c1_20_p6_3486:
  16486 00000013  addi x0, x0, 0
  16487 9a5ff06f  jal x0, -1628
c1_20_h7_3481:
  16488 4a103023  sd ra, 1184(x0)
  16489 4a203423  sd sp, 1192(x0)
  16490 00000013  addi x0, x0, 0
  16491 9a9ff06f  jal x0, -1624
c1_21_g4_3497:
  16492 00e1fe63  bgeu gp, a4, +28
  16493 00d1fa63  bgeu gp, a3, +20
  16494 a15ff06f  jal x0, -1516
c1_21_p2_3498:
  16495 9e9ff06f  jal x0, -1560
c1_21_p3_3499:
  16496 00000013  addi x0, x0, 0
  16497 9f5ff06f  jal x0, -1548
c1_21_p5_3500:
  16498 a19ff06f  jal x0, -1512
c1_21_p6_3501:
  16499 00000013  addi x0, x0, 0
  16500 a25ff06f  jal x0, -1500
c1_21_h7_3496:
  16501 4a103823  sd ra, 1200(x0)
  16502 4a203c23  sd sp, 1208(x0)
  16503 00000013  addi x0, x0, 0
  16504 a29ff06f  jal x0, -1496
c1_22_g4_3512:
  16505 00e1fe63  bgeu gp, a4, +28
  16506 00d1fa63  bgeu gp, a3, +20
  16507 a95ff06f  jal x0, -1388
c1_22_p2_3513:
  16508 a69ff06f  jal x0, -1432
c1_22_p3_3514:
  16509 00000013  addi x0, x0, 0
  16510 a75ff06f  jal x0, -1420
c1_22_p5_3515:
  16511 a99ff06f  jal x0, -1384
c1_22_p6_3516:
  16512 00000013  addi x0, x0, 0
  16513 aa5ff06f  jal x0, -1372
c1_22_h7_3511:
  16514 4c103023  sd ra, 1216(x0)
  16515 4c203423  sd sp, 1224(x0)
  16516 00000013  addi x0, x0, 0
  16517 aa9ff06f  jal x0, -1368
c1_23_g4_3527:
  16518 00e1fe63  bgeu gp, a4, +28
  16519 00d1fa63  bgeu gp, a3, +20
  16520 b15ff06f  jal x0, -1260
c1_23_p2_3528:
  16521 ae9ff06f  jal x0, -1304
c1_23_p3_3529:
  16522 00000013  addi x0, x0, 0
  16523 af5ff06f  jal x0, -1292
c1_23_p5_3530:
  16524 b19ff06f  jal x0, -1256
c1_23_p6_3531:
  16525 00000013  addi x0, x0, 0
  16526 b25ff06f  jal x0, -1244
c1_23_h7_3526:
  16527 4c103823  sd ra, 1232(x0)
  16528 4c203c23  sd sp, 1240(x0)
  16529 00000013  addi x0, x0, 0
  16530 b29ff06f  jal x0, -1240
c1_24_g4_3542:
  16531 00e1fe63  bgeu gp, a4, +28
  16532 00d1fa63  bgeu gp, a3, +20
  16533 b95ff06f  jal x0, -1132
c1_24_p2_3543:
  16534 b69ff06f  jal x0, -1176
c1_24_p3_3544:
  16535 00000013  addi x0, x0, 0
  16536 b75ff06f  jal x0, -1164
c1_24_p5_3545:
  16537 b99ff06f  jal x0, -1128
c1_24_p6_3546:
  16538 00000013  addi x0, x0, 0
  16539 ba5ff06f  jal x0, -1116
c1_24_h7_3541:
  16540 4e103023  sd ra, 1248(x0)
  16541 4e203423  sd sp, 1256(x0)
  16542 00000013  addi x0, x0, 0
  16543 ba9ff06f  jal x0, -1112
c1_25_g4_3557:
  16544 00e1fe63  bgeu gp, a4, +28
  16545 00d1fa63  bgeu gp, a3, +20
  16546 c15ff06f  jal x0, -1004
c1_25_p2_3558:
  16547 be9ff06f  jal x0, -1048
c1_25_p3_3559:
  16548 00000013  addi x0, x0, 0
  16549 bf5ff06f  jal x0, -1036
c1_25_p5_3560:
  16550 c19ff06f  jal x0, -1000
c1_25_p6_3561:
  16551 00000013  addi x0, x0, 0
  16552 c25ff06f  jal x0, -988
c1_25_h7_3556:
  16553 4e103823  sd ra, 1264(x0)
  16554 4e203c23  sd sp, 1272(x0)
  16555 00000013  addi x0, x0, 0
  16556 c29ff06f  jal x0, -984
c1_26_g4_3572:
  16557 00e1fe63  bgeu gp, a4, +28
  16558 00d1fa63  bgeu gp, a3, +20
  16559 c95ff06f  jal x0, -876
c1_26_p2_3573:
  16560 c69ff06f  jal x0, -920
c1_26_p3_3574:
  16561 00000013  addi x0, x0, 0
  16562 c75ff06f  jal x0, -908
c1_26_p5_3575:
  16563 c99ff06f  jal x0, -872
c1_26_p6_3576:
  16564 00000013  addi x0, x0, 0
  16565 ca5ff06f  jal x0, -860
c1_26_h7_3571:
  16566 50103023  sd ra, 1280(x0)
  16567 50203423  sd sp, 1288(x0)
  16568 00000013  addi x0, x0, 0
  16569 ca9ff06f  jal x0, -856
c1_27_g4_3587:
  16570 00e1fe63  bgeu gp, a4, +28
  16571 00d1fa63  bgeu gp, a3, +20
  16572 d15ff06f  jal x0, -748
c1_27_p2_3588:
  16573 ce9ff06f  jal x0, -792
c1_27_p3_3589:
  16574 00000013  addi x0, x0, 0
  16575 cf5ff06f  jal x0, -780
c1_27_p5_3590:
  16576 d19ff06f  jal x0, -744
c1_27_p6_3591:
  16577 00000013  addi x0, x0, 0
  16578 d25ff06f  jal x0, -732
c1_27_h7_3586:
  16579 50103823  sd ra, 1296(x0)
  16580 50203c23  sd sp, 1304(x0)
  16581 00000013  addi x0, x0, 0
  16582 d29ff06f  jal x0, -728
        ; chain lay=1 i=28
l1_after1_3593:
c1_28_3608:
  16583 02889193  slli gp, a7, 40
  16584 6609b083  ld ra, 1632(s3)
  16585 6689b103  ld sp, 1640(s3)
  16586 0e103023  sd ra, 224(x0)
  16587 0e203423  sd sp, 232(x0)
  16588 1ef1f6e3  bgeu gp, a5, +2540
  16589 1c91f2e3  bgeu gp, s1, +2500
  16590 1c81f8e3  bgeu gp, s0, +2512
  16591 1c71f4e3  bgeu gp, t2, +2504
  16592 0061fc63  bgeu gp, t1, +24
c1_28_s1_3594:
  16593 0e000213  addi tp, x0, 224
  16594 00452223  sw tp, 4(a0)
  16595 00000073  ecall
  16596 02053823  sd x0, 48(a0)
  16597 02053c23  sd x0, 56(a0)
c1_28_s2_3595:
  16598 0e100213  addi tp, x0, 225
  16599 00452223  sw tp, 4(a0)
  16600 00000073  ecall
  16601 02053823  sd x0, 48(a0)
  16602 02053c23  sd x0, 56(a0)
c1_28_s3_3596:
  16603 0e200213  addi tp, x0, 226
  16604 00452223  sw tp, 4(a0)
  16605 00000073  ecall
  16606 02053823  sd x0, 48(a0)
  16607 02053c23  sd x0, 56(a0)
c1_28_s4_3597:
  16608 0e300213  addi tp, x0, 227
  16609 00452223  sw tp, 4(a0)
  16610 00000073  ecall
  16611 02053823  sd x0, 48(a0)
  16612 02053c23  sd x0, 56(a0)
c1_28_s5_3598:
  16613 0e400213  addi tp, x0, 228
  16614 00452223  sw tp, 4(a0)
  16615 00000073  ecall
  16616 02053823  sd x0, 48(a0)
  16617 02053c23  sd x0, 56(a0)
c1_28_s6_3599:
  16618 0e500213  addi tp, x0, 229
  16619 00452223  sw tp, 4(a0)
  16620 00000073  ecall
  16621 02053823  sd x0, 48(a0)
  16622 02053c23  sd x0, 56(a0)
c1_28_s7_3600:
  16623 0e600213  addi tp, x0, 230
  16624 00452223  sw tp, 4(a0)
  16625 52000613  addi a2, x0, 1312
  16626 00000073  ecall
  16627 02050613  addi a2, a0, 32
        ; chain lay=1 i=29
c1_28_next_3601:
c1_29_3623:
  16628 02589193  slli gp, a7, 37
  16629 6709b083  ld ra, 1648(s3)
  16630 6789b103  ld sp, 1656(s3)
  16631 0e103023  sd ra, 224(x0)
  16632 0e203423  sd sp, 232(x0)
  16633 16f1f6e3  bgeu gp, a5, +2412
  16634 1491f2e3  bgeu gp, s1, +2372
  16635 1481f8e3  bgeu gp, s0, +2384
  16636 1471f4e3  bgeu gp, t2, +2376
  16637 0061fc63  bgeu gp, t1, +24
c1_29_s1_3609:
  16638 0e800213  addi tp, x0, 232
  16639 00452223  sw tp, 4(a0)
  16640 00000073  ecall
  16641 02053823  sd x0, 48(a0)
  16642 02053c23  sd x0, 56(a0)
c1_29_s2_3610:
  16643 0e900213  addi tp, x0, 233
  16644 00452223  sw tp, 4(a0)
  16645 00000073  ecall
  16646 02053823  sd x0, 48(a0)
  16647 02053c23  sd x0, 56(a0)
c1_29_s3_3611:
  16648 0ea00213  addi tp, x0, 234
  16649 00452223  sw tp, 4(a0)
  16650 00000073  ecall
  16651 02053823  sd x0, 48(a0)
  16652 02053c23  sd x0, 56(a0)
c1_29_s4_3612:
  16653 0eb00213  addi tp, x0, 235
  16654 00452223  sw tp, 4(a0)
  16655 00000073  ecall
  16656 02053823  sd x0, 48(a0)
  16657 02053c23  sd x0, 56(a0)
c1_29_s5_3613:
  16658 0ec00213  addi tp, x0, 236
  16659 00452223  sw tp, 4(a0)
  16660 00000073  ecall
  16661 02053823  sd x0, 48(a0)
  16662 02053c23  sd x0, 56(a0)
c1_29_s6_3614:
  16663 0ed00213  addi tp, x0, 237
  16664 00452223  sw tp, 4(a0)
  16665 00000073  ecall
  16666 02053823  sd x0, 48(a0)
  16667 02053c23  sd x0, 56(a0)
c1_29_s7_3615:
  16668 0ee00213  addi tp, x0, 238
  16669 00452223  sw tp, 4(a0)
  16670 53000613  addi a2, x0, 1328
  16671 00000073  ecall
  16672 02050613  addi a2, a0, 32
        ; chain lay=1 i=30
c1_29_next_3616:
c1_30_3638:
  16673 02289193  slli gp, a7, 34
  16674 6809b083  ld ra, 1664(s3)
  16675 6889b103  ld sp, 1672(s3)
  16676 0e103023  sd ra, 224(x0)
  16677 0e203423  sd sp, 232(x0)
  16678 0ef1f6e3  bgeu gp, a5, +2284
  16679 0c91f2e3  bgeu gp, s1, +2244
  16680 0c81f8e3  bgeu gp, s0, +2256
  16681 0c71f4e3  bgeu gp, t2, +2248
  16682 0061fc63  bgeu gp, t1, +24
c1_30_s1_3624:
  16683 0f000213  addi tp, x0, 240
  16684 00452223  sw tp, 4(a0)
  16685 00000073  ecall
  16686 02053823  sd x0, 48(a0)
  16687 02053c23  sd x0, 56(a0)
c1_30_s2_3625:
  16688 0f100213  addi tp, x0, 241
  16689 00452223  sw tp, 4(a0)
  16690 00000073  ecall
  16691 02053823  sd x0, 48(a0)
  16692 02053c23  sd x0, 56(a0)
c1_30_s3_3626:
  16693 0f200213  addi tp, x0, 242
  16694 00452223  sw tp, 4(a0)
  16695 00000073  ecall
  16696 02053823  sd x0, 48(a0)
  16697 02053c23  sd x0, 56(a0)
c1_30_s4_3627:
  16698 0f300213  addi tp, x0, 243
  16699 00452223  sw tp, 4(a0)
  16700 00000073  ecall
  16701 02053823  sd x0, 48(a0)
  16702 02053c23  sd x0, 56(a0)
c1_30_s5_3628:
  16703 0f400213  addi tp, x0, 244
  16704 00452223  sw tp, 4(a0)
  16705 00000073  ecall
  16706 02053823  sd x0, 48(a0)
  16707 02053c23  sd x0, 56(a0)
c1_30_s6_3629:
  16708 0f500213  addi tp, x0, 245
  16709 00452223  sw tp, 4(a0)
  16710 00000073  ecall
  16711 02053823  sd x0, 48(a0)
  16712 02053c23  sd x0, 56(a0)
c1_30_s7_3630:
  16713 0f600213  addi tp, x0, 246
  16714 00452223  sw tp, 4(a0)
  16715 54000613  addi a2, x0, 1344
  16716 00000073  ecall
  16717 02050613  addi a2, a0, 32
        ; chain lay=1 i=31
c1_30_next_3631:
c1_31_3653:
  16718 01f89193  slli gp, a7, 31
  16719 6909b083  ld ra, 1680(s3)
  16720 6989b103  ld sp, 1688(s3)
  16721 0e103023  sd ra, 224(x0)
  16722 0e203423  sd sp, 232(x0)
  16723 06f1f6e3  bgeu gp, a5, +2156
  16724 0491f2e3  bgeu gp, s1, +2116
  16725 0481f8e3  bgeu gp, s0, +2128
  16726 0471f4e3  bgeu gp, t2, +2120
  16727 0061fc63  bgeu gp, t1, +24
c1_31_s1_3639:
  16728 0f800213  addi tp, x0, 248
  16729 00452223  sw tp, 4(a0)
  16730 00000073  ecall
  16731 02053823  sd x0, 48(a0)
  16732 02053c23  sd x0, 56(a0)
c1_31_s2_3640:
  16733 0f900213  addi tp, x0, 249
  16734 00452223  sw tp, 4(a0)
  16735 00000073  ecall
  16736 02053823  sd x0, 48(a0)
  16737 02053c23  sd x0, 56(a0)
c1_31_s3_3641:
  16738 0fa00213  addi tp, x0, 250
  16739 00452223  sw tp, 4(a0)
  16740 00000073  ecall
  16741 02053823  sd x0, 48(a0)
  16742 02053c23  sd x0, 56(a0)
c1_31_s4_3642:
  16743 0fb00213  addi tp, x0, 251
  16744 00452223  sw tp, 4(a0)
  16745 00000073  ecall
  16746 02053823  sd x0, 48(a0)
  16747 02053c23  sd x0, 56(a0)
c1_31_s5_3643:
  16748 0fc00213  addi tp, x0, 252
  16749 00452223  sw tp, 4(a0)
  16750 00000073  ecall
  16751 02053823  sd x0, 48(a0)
  16752 02053c23  sd x0, 56(a0)
c1_31_s6_3644:
  16753 0fd00213  addi tp, x0, 253
  16754 00452223  sw tp, 4(a0)
  16755 00000073  ecall
  16756 02053823  sd x0, 48(a0)
  16757 02053c23  sd x0, 56(a0)
c1_31_s7_3645:
  16758 0fe00213  addi tp, x0, 254
  16759 00452223  sw tp, 4(a0)
  16760 55000613  addi a2, x0, 1360
  16761 00000073  ecall
  16762 02050613  addi a2, a0, 32
        ; chain lay=1 i=32
c1_31_next_3646:
c1_32_3668:
  16763 01c89193  slli gp, a7, 28
  16764 6a09b083  ld ra, 1696(s3)
  16765 6a89b103  ld sp, 1704(s3)
  16766 0e103023  sd ra, 224(x0)
  16767 0e203423  sd sp, 232(x0)
  16768 7ef1f663  bgeu gp, a5, +2028
  16769 7c91f263  bgeu gp, s1, +1988
  16770 7c81f863  bgeu gp, s0, +2000
  16771 7c71f463  bgeu gp, t2, +1992
  16772 0061fc63  bgeu gp, t1, +24
c1_32_s1_3654:
  16773 10000213  addi tp, x0, 256
  16774 00452223  sw tp, 4(a0)
  16775 00000073  ecall
  16776 02053823  sd x0, 48(a0)
  16777 02053c23  sd x0, 56(a0)
c1_32_s2_3655:
  16778 10100213  addi tp, x0, 257
  16779 00452223  sw tp, 4(a0)
  16780 00000073  ecall
  16781 02053823  sd x0, 48(a0)
  16782 02053c23  sd x0, 56(a0)
c1_32_s3_3656:
  16783 10200213  addi tp, x0, 258
  16784 00452223  sw tp, 4(a0)
  16785 00000073  ecall
  16786 02053823  sd x0, 48(a0)
  16787 02053c23  sd x0, 56(a0)
c1_32_s4_3657:
  16788 10300213  addi tp, x0, 259
  16789 00452223  sw tp, 4(a0)
  16790 00000073  ecall
  16791 02053823  sd x0, 48(a0)
  16792 02053c23  sd x0, 56(a0)
c1_32_s5_3658:
  16793 10400213  addi tp, x0, 260
  16794 00452223  sw tp, 4(a0)
  16795 00000073  ecall
  16796 02053823  sd x0, 48(a0)
  16797 02053c23  sd x0, 56(a0)
c1_32_s6_3659:
  16798 10500213  addi tp, x0, 261
  16799 00452223  sw tp, 4(a0)
  16800 00000073  ecall
  16801 02053823  sd x0, 48(a0)
  16802 02053c23  sd x0, 56(a0)
c1_32_s7_3660:
  16803 10600213  addi tp, x0, 262
  16804 00452223  sw tp, 4(a0)
  16805 56000613  addi a2, x0, 1376
  16806 00000073  ecall
  16807 02050613  addi a2, a0, 32
        ; chain lay=1 i=33
c1_32_next_3661:
c1_33_3683:
  16808 01989193  slli gp, a7, 25
  16809 6b09b083  ld ra, 1712(s3)
  16810 6b89b103  ld sp, 1720(s3)
  16811 0e103023  sd ra, 224(x0)
  16812 0e203423  sd sp, 232(x0)
  16813 76f1f663  bgeu gp, a5, +1900
  16814 7491f263  bgeu gp, s1, +1860
  16815 7481f863  bgeu gp, s0, +1872
  16816 7471f463  bgeu gp, t2, +1864
  16817 0061fc63  bgeu gp, t1, +24
c1_33_s1_3669:
  16818 10800213  addi tp, x0, 264
  16819 00452223  sw tp, 4(a0)
  16820 00000073  ecall
  16821 02053823  sd x0, 48(a0)
  16822 02053c23  sd x0, 56(a0)
c1_33_s2_3670:
  16823 10900213  addi tp, x0, 265
  16824 00452223  sw tp, 4(a0)
  16825 00000073  ecall
  16826 02053823  sd x0, 48(a0)
  16827 02053c23  sd x0, 56(a0)
c1_33_s3_3671:
  16828 10a00213  addi tp, x0, 266
  16829 00452223  sw tp, 4(a0)
  16830 00000073  ecall
  16831 02053823  sd x0, 48(a0)
  16832 02053c23  sd x0, 56(a0)
c1_33_s4_3672:
  16833 10b00213  addi tp, x0, 267
  16834 00452223  sw tp, 4(a0)
  16835 00000073  ecall
  16836 02053823  sd x0, 48(a0)
  16837 02053c23  sd x0, 56(a0)
c1_33_s5_3673:
  16838 10c00213  addi tp, x0, 268
  16839 00452223  sw tp, 4(a0)
  16840 00000073  ecall
  16841 02053823  sd x0, 48(a0)
  16842 02053c23  sd x0, 56(a0)
c1_33_s6_3674:
  16843 10d00213  addi tp, x0, 269
  16844 00452223  sw tp, 4(a0)
  16845 00000073  ecall
  16846 02053823  sd x0, 48(a0)
  16847 02053c23  sd x0, 56(a0)
c1_33_s7_3675:
  16848 10e00213  addi tp, x0, 270
  16849 00452223  sw tp, 4(a0)
  16850 57000613  addi a2, x0, 1392
  16851 00000073  ecall
  16852 02050613  addi a2, a0, 32
        ; chain lay=1 i=34
c1_33_next_3676:
c1_34_3698:
  16853 01689193  slli gp, a7, 22
  16854 6c09b083  ld ra, 1728(s3)
  16855 6c89b103  ld sp, 1736(s3)
  16856 0e103023  sd ra, 224(x0)
  16857 0e203423  sd sp, 232(x0)
  16858 6ef1f663  bgeu gp, a5, +1772
  16859 6c91f263  bgeu gp, s1, +1732
  16860 6c81f863  bgeu gp, s0, +1744
  16861 6c71f463  bgeu gp, t2, +1736
  16862 0061fc63  bgeu gp, t1, +24
c1_34_s1_3684:
  16863 11000213  addi tp, x0, 272
  16864 00452223  sw tp, 4(a0)
  16865 00000073  ecall
  16866 02053823  sd x0, 48(a0)
  16867 02053c23  sd x0, 56(a0)
c1_34_s2_3685:
  16868 11100213  addi tp, x0, 273
  16869 00452223  sw tp, 4(a0)
  16870 00000073  ecall
  16871 02053823  sd x0, 48(a0)
  16872 02053c23  sd x0, 56(a0)
c1_34_s3_3686:
  16873 11200213  addi tp, x0, 274
  16874 00452223  sw tp, 4(a0)
  16875 00000073  ecall
  16876 02053823  sd x0, 48(a0)
  16877 02053c23  sd x0, 56(a0)
c1_34_s4_3687:
  16878 11300213  addi tp, x0, 275
  16879 00452223  sw tp, 4(a0)
  16880 00000073  ecall
  16881 02053823  sd x0, 48(a0)
  16882 02053c23  sd x0, 56(a0)
c1_34_s5_3688:
  16883 11400213  addi tp, x0, 276
  16884 00452223  sw tp, 4(a0)
  16885 00000073  ecall
  16886 02053823  sd x0, 48(a0)
  16887 02053c23  sd x0, 56(a0)
c1_34_s6_3689:
  16888 11500213  addi tp, x0, 277
  16889 00452223  sw tp, 4(a0)
  16890 00000073  ecall
  16891 02053823  sd x0, 48(a0)
  16892 02053c23  sd x0, 56(a0)
c1_34_s7_3690:
  16893 11600213  addi tp, x0, 278
  16894 00452223  sw tp, 4(a0)
  16895 58000613  addi a2, x0, 1408
  16896 00000073  ecall
  16897 02050613  addi a2, a0, 32
        ; chain lay=1 i=35
c1_34_next_3691:
c1_35_3713:
  16898 01389193  slli gp, a7, 19
  16899 6d09b083  ld ra, 1744(s3)
  16900 6d89b103  ld sp, 1752(s3)
  16901 0e103023  sd ra, 224(x0)
  16902 0e203423  sd sp, 232(x0)
  16903 66f1f663  bgeu gp, a5, +1644
  16904 6491f263  bgeu gp, s1, +1604
  16905 6481f863  bgeu gp, s0, +1616
  16906 6471f463  bgeu gp, t2, +1608
  16907 0061fc63  bgeu gp, t1, +24
c1_35_s1_3699:
  16908 11800213  addi tp, x0, 280
  16909 00452223  sw tp, 4(a0)
  16910 00000073  ecall
  16911 02053823  sd x0, 48(a0)
  16912 02053c23  sd x0, 56(a0)
c1_35_s2_3700:
  16913 11900213  addi tp, x0, 281
  16914 00452223  sw tp, 4(a0)
  16915 00000073  ecall
  16916 02053823  sd x0, 48(a0)
  16917 02053c23  sd x0, 56(a0)
c1_35_s3_3701:
  16918 11a00213  addi tp, x0, 282
  16919 00452223  sw tp, 4(a0)
  16920 00000073  ecall
  16921 02053823  sd x0, 48(a0)
  16922 02053c23  sd x0, 56(a0)
c1_35_s4_3702:
  16923 11b00213  addi tp, x0, 283
  16924 00452223  sw tp, 4(a0)
  16925 00000073  ecall
  16926 02053823  sd x0, 48(a0)
  16927 02053c23  sd x0, 56(a0)
c1_35_s5_3703:
  16928 11c00213  addi tp, x0, 284
  16929 00452223  sw tp, 4(a0)
  16930 00000073  ecall
  16931 02053823  sd x0, 48(a0)
  16932 02053c23  sd x0, 56(a0)
c1_35_s6_3704:
  16933 11d00213  addi tp, x0, 285
  16934 00452223  sw tp, 4(a0)
  16935 00000073  ecall
  16936 02053823  sd x0, 48(a0)
  16937 02053c23  sd x0, 56(a0)
c1_35_s7_3705:
  16938 11e00213  addi tp, x0, 286
  16939 00452223  sw tp, 4(a0)
  16940 59000613  addi a2, x0, 1424
  16941 00000073  ecall
  16942 02050613  addi a2, a0, 32
        ; chain lay=1 i=36
c1_35_next_3706:
c1_36_3728:
  16943 01089193  slli gp, a7, 16
  16944 6e09b083  ld ra, 1760(s3)
  16945 6e89b103  ld sp, 1768(s3)
  16946 0e103023  sd ra, 224(x0)
  16947 0e203423  sd sp, 232(x0)
  16948 5ef1f663  bgeu gp, a5, +1516
  16949 5c91f263  bgeu gp, s1, +1476
  16950 5c81f863  bgeu gp, s0, +1488
  16951 5c71f463  bgeu gp, t2, +1480
  16952 0061fc63  bgeu gp, t1, +24
c1_36_s1_3714:
  16953 12000213  addi tp, x0, 288
  16954 00452223  sw tp, 4(a0)
  16955 00000073  ecall
  16956 02053823  sd x0, 48(a0)
  16957 02053c23  sd x0, 56(a0)
c1_36_s2_3715:
  16958 12100213  addi tp, x0, 289
  16959 00452223  sw tp, 4(a0)
  16960 00000073  ecall
  16961 02053823  sd x0, 48(a0)
  16962 02053c23  sd x0, 56(a0)
c1_36_s3_3716:
  16963 12200213  addi tp, x0, 290
  16964 00452223  sw tp, 4(a0)
  16965 00000073  ecall
  16966 02053823  sd x0, 48(a0)
  16967 02053c23  sd x0, 56(a0)
c1_36_s4_3717:
  16968 12300213  addi tp, x0, 291
  16969 00452223  sw tp, 4(a0)
  16970 00000073  ecall
  16971 02053823  sd x0, 48(a0)
  16972 02053c23  sd x0, 56(a0)
c1_36_s5_3718:
  16973 12400213  addi tp, x0, 292
  16974 00452223  sw tp, 4(a0)
  16975 00000073  ecall
  16976 02053823  sd x0, 48(a0)
  16977 02053c23  sd x0, 56(a0)
c1_36_s6_3719:
  16978 12500213  addi tp, x0, 293
  16979 00452223  sw tp, 4(a0)
  16980 00000073  ecall
  16981 02053823  sd x0, 48(a0)
  16982 02053c23  sd x0, 56(a0)
c1_36_s7_3720:
  16983 12600213  addi tp, x0, 294
  16984 00452223  sw tp, 4(a0)
  16985 5a000613  addi a2, x0, 1440
  16986 00000073  ecall
  16987 02050613  addi a2, a0, 32
        ; chain lay=1 i=37
c1_36_next_3721:
c1_37_3743:
  16988 00d89193  slli gp, a7, 13
  16989 6f09b083  ld ra, 1776(s3)
  16990 6f89b103  ld sp, 1784(s3)
  16991 0e103023  sd ra, 224(x0)
  16992 0e203423  sd sp, 232(x0)
  16993 56f1f663  bgeu gp, a5, +1388
  16994 5491f263  bgeu gp, s1, +1348
  16995 5481f863  bgeu gp, s0, +1360
  16996 5471f463  bgeu gp, t2, +1352
  16997 0061fc63  bgeu gp, t1, +24
c1_37_s1_3729:
  16998 12800213  addi tp, x0, 296
  16999 00452223  sw tp, 4(a0)
  17000 00000073  ecall
  17001 02053823  sd x0, 48(a0)
  17002 02053c23  sd x0, 56(a0)
c1_37_s2_3730:
  17003 12900213  addi tp, x0, 297
  17004 00452223  sw tp, 4(a0)
  17005 00000073  ecall
  17006 02053823  sd x0, 48(a0)
  17007 02053c23  sd x0, 56(a0)
c1_37_s3_3731:
  17008 12a00213  addi tp, x0, 298
  17009 00452223  sw tp, 4(a0)
  17010 00000073  ecall
  17011 02053823  sd x0, 48(a0)
  17012 02053c23  sd x0, 56(a0)
c1_37_s4_3732:
  17013 12b00213  addi tp, x0, 299
  17014 00452223  sw tp, 4(a0)
  17015 00000073  ecall
  17016 02053823  sd x0, 48(a0)
  17017 02053c23  sd x0, 56(a0)
c1_37_s5_3733:
  17018 12c00213  addi tp, x0, 300
  17019 00452223  sw tp, 4(a0)
  17020 00000073  ecall
  17021 02053823  sd x0, 48(a0)
  17022 02053c23  sd x0, 56(a0)
c1_37_s6_3734:
  17023 12d00213  addi tp, x0, 301
  17024 00452223  sw tp, 4(a0)
  17025 00000073  ecall
  17026 02053823  sd x0, 48(a0)
  17027 02053c23  sd x0, 56(a0)
c1_37_s7_3735:
  17028 12e00213  addi tp, x0, 302
  17029 00452223  sw tp, 4(a0)
  17030 5b000613  addi a2, x0, 1456
  17031 00000073  ecall
  17032 02050613  addi a2, a0, 32
        ; chain lay=1 i=38
c1_37_next_3736:
c1_38_3758:
  17033 00a89193  slli gp, a7, 10
  17034 7009b083  ld ra, 1792(s3)
  17035 7089b103  ld sp, 1800(s3)
  17036 0e103023  sd ra, 224(x0)
  17037 0e203423  sd sp, 232(x0)
  17038 4ef1f663  bgeu gp, a5, +1260
  17039 4c91f263  bgeu gp, s1, +1220
  17040 4c81f863  bgeu gp, s0, +1232
  17041 4c71f463  bgeu gp, t2, +1224
  17042 0061fc63  bgeu gp, t1, +24
c1_38_s1_3744:
  17043 13000213  addi tp, x0, 304
  17044 00452223  sw tp, 4(a0)
  17045 00000073  ecall
  17046 02053823  sd x0, 48(a0)
  17047 02053c23  sd x0, 56(a0)
c1_38_s2_3745:
  17048 13100213  addi tp, x0, 305
  17049 00452223  sw tp, 4(a0)
  17050 00000073  ecall
  17051 02053823  sd x0, 48(a0)
  17052 02053c23  sd x0, 56(a0)
c1_38_s3_3746:
  17053 13200213  addi tp, x0, 306
  17054 00452223  sw tp, 4(a0)
  17055 00000073  ecall
  17056 02053823  sd x0, 48(a0)
  17057 02053c23  sd x0, 56(a0)
c1_38_s4_3747:
  17058 13300213  addi tp, x0, 307
  17059 00452223  sw tp, 4(a0)
  17060 00000073  ecall
  17061 02053823  sd x0, 48(a0)
  17062 02053c23  sd x0, 56(a0)
c1_38_s5_3748:
  17063 13400213  addi tp, x0, 308
  17064 00452223  sw tp, 4(a0)
  17065 00000073  ecall
  17066 02053823  sd x0, 48(a0)
  17067 02053c23  sd x0, 56(a0)
c1_38_s6_3749:
  17068 13500213  addi tp, x0, 309
  17069 00452223  sw tp, 4(a0)
  17070 00000073  ecall
  17071 02053823  sd x0, 48(a0)
  17072 02053c23  sd x0, 56(a0)
c1_38_s7_3750:
  17073 13600213  addi tp, x0, 310
  17074 00452223  sw tp, 4(a0)
  17075 5c000613  addi a2, x0, 1472
  17076 00000073  ecall
  17077 02050613  addi a2, a0, 32
        ; chain lay=1 i=39
c1_38_next_3751:
c1_39_3773:
  17078 00789193  slli gp, a7, 7
  17079 7109b083  ld ra, 1808(s3)
  17080 7189b103  ld sp, 1816(s3)
  17081 0e103023  sd ra, 224(x0)
  17082 0e203423  sd sp, 232(x0)
  17083 46f1f663  bgeu gp, a5, +1132
  17084 4491f263  bgeu gp, s1, +1092
  17085 4481f863  bgeu gp, s0, +1104
  17086 4471f463  bgeu gp, t2, +1096
  17087 0061fc63  bgeu gp, t1, +24
c1_39_s1_3759:
  17088 13800213  addi tp, x0, 312
  17089 00452223  sw tp, 4(a0)
  17090 00000073  ecall
  17091 02053823  sd x0, 48(a0)
  17092 02053c23  sd x0, 56(a0)
c1_39_s2_3760:
  17093 13900213  addi tp, x0, 313
  17094 00452223  sw tp, 4(a0)
  17095 00000073  ecall
  17096 02053823  sd x0, 48(a0)
  17097 02053c23  sd x0, 56(a0)
c1_39_s3_3761:
  17098 13a00213  addi tp, x0, 314
  17099 00452223  sw tp, 4(a0)
  17100 00000073  ecall
  17101 02053823  sd x0, 48(a0)
  17102 02053c23  sd x0, 56(a0)
c1_39_s4_3762:
  17103 13b00213  addi tp, x0, 315
  17104 00452223  sw tp, 4(a0)
  17105 00000073  ecall
  17106 02053823  sd x0, 48(a0)
  17107 02053c23  sd x0, 56(a0)
c1_39_s5_3763:
  17108 13c00213  addi tp, x0, 316
  17109 00452223  sw tp, 4(a0)
  17110 00000073  ecall
  17111 02053823  sd x0, 48(a0)
  17112 02053c23  sd x0, 56(a0)
c1_39_s6_3764:
  17113 13d00213  addi tp, x0, 317
  17114 00452223  sw tp, 4(a0)
  17115 00000073  ecall
  17116 02053823  sd x0, 48(a0)
  17117 02053c23  sd x0, 56(a0)
c1_39_s7_3765:
  17118 13e00213  addi tp, x0, 318
  17119 00452223  sw tp, 4(a0)
  17120 5d000613  addi a2, x0, 1488
  17121 00000073  ecall
  17122 02050613  addi a2, a0, 32
        ; chain lay=1 i=40
c1_39_next_3766:
c1_40_3788:
  17123 00489193  slli gp, a7, 4
  17124 7209b083  ld ra, 1824(s3)
  17125 7289b103  ld sp, 1832(s3)
  17126 0e103023  sd ra, 224(x0)
  17127 0e203423  sd sp, 232(x0)
  17128 3ef1f663  bgeu gp, a5, +1004
  17129 3c91f263  bgeu gp, s1, +964
  17130 3c81f863  bgeu gp, s0, +976
  17131 3c71f463  bgeu gp, t2, +968
  17132 0061fc63  bgeu gp, t1, +24
c1_40_s1_3774:
  17133 14000213  addi tp, x0, 320
  17134 00452223  sw tp, 4(a0)
  17135 00000073  ecall
  17136 02053823  sd x0, 48(a0)
  17137 02053c23  sd x0, 56(a0)
c1_40_s2_3775:
  17138 14100213  addi tp, x0, 321
  17139 00452223  sw tp, 4(a0)
  17140 00000073  ecall
  17141 02053823  sd x0, 48(a0)
  17142 02053c23  sd x0, 56(a0)
c1_40_s3_3776:
  17143 14200213  addi tp, x0, 322
  17144 00452223  sw tp, 4(a0)
  17145 00000073  ecall
  17146 02053823  sd x0, 48(a0)
  17147 02053c23  sd x0, 56(a0)
c1_40_s4_3777:
  17148 14300213  addi tp, x0, 323
  17149 00452223  sw tp, 4(a0)
  17150 00000073  ecall
  17151 02053823  sd x0, 48(a0)
  17152 02053c23  sd x0, 56(a0)
c1_40_s5_3778:
  17153 14400213  addi tp, x0, 324
  17154 00452223  sw tp, 4(a0)
  17155 00000073  ecall
  17156 02053823  sd x0, 48(a0)
  17157 02053c23  sd x0, 56(a0)
c1_40_s6_3779:
  17158 14500213  addi tp, x0, 325
  17159 00452223  sw tp, 4(a0)
  17160 00000073  ecall
  17161 02053823  sd x0, 48(a0)
  17162 02053c23  sd x0, 56(a0)
c1_40_s7_3780:
  17163 14600213  addi tp, x0, 326
  17164 00452223  sw tp, 4(a0)
  17165 5e000613  addi a2, x0, 1504
  17166 00000073  ecall
  17167 02050613  addi a2, a0, 32
        ; chain lay=1 i=41
c1_40_next_3781:
c1_41_3803:
  17168 00189193  slli gp, a7, 1
  17169 7309b083  ld ra, 1840(s3)
  17170 7389b103  ld sp, 1848(s3)
  17171 0e103023  sd ra, 224(x0)
  17172 0e203423  sd sp, 232(x0)
  17173 36f1f663  bgeu gp, a5, +876
  17174 3491f263  bgeu gp, s1, +836
  17175 3481f863  bgeu gp, s0, +848
  17176 3471f463  bgeu gp, t2, +840
  17177 0061fc63  bgeu gp, t1, +24
c1_41_s1_3789:
  17178 14800213  addi tp, x0, 328
  17179 00452223  sw tp, 4(a0)
  17180 00000073  ecall
  17181 02053823  sd x0, 48(a0)
  17182 02053c23  sd x0, 56(a0)
c1_41_s2_3790:
  17183 14900213  addi tp, x0, 329
  17184 00452223  sw tp, 4(a0)
  17185 00000073  ecall
  17186 02053823  sd x0, 48(a0)
  17187 02053c23  sd x0, 56(a0)
c1_41_s3_3791:
  17188 14a00213  addi tp, x0, 330
  17189 00452223  sw tp, 4(a0)
  17190 00000073  ecall
  17191 02053823  sd x0, 48(a0)
  17192 02053c23  sd x0, 56(a0)
c1_41_s4_3792:
  17193 14b00213  addi tp, x0, 331
  17194 00452223  sw tp, 4(a0)
  17195 00000073  ecall
  17196 02053823  sd x0, 48(a0)
  17197 02053c23  sd x0, 56(a0)
c1_41_s5_3793:
  17198 14c00213  addi tp, x0, 332
  17199 00452223  sw tp, 4(a0)
  17200 00000073  ecall
  17201 02053823  sd x0, 48(a0)
  17202 02053c23  sd x0, 56(a0)
c1_41_s6_3794:
  17203 14d00213  addi tp, x0, 333
  17204 00452223  sw tp, 4(a0)
  17205 00000073  ecall
  17206 02053823  sd x0, 48(a0)
  17207 02053c23  sd x0, 56(a0)
c1_41_s7_3795:
  17208 14e00213  addi tp, x0, 334
  17209 00452223  sw tp, 4(a0)
  17210 5f000613  addi a2, x0, 1520
  17211 00000073  ecall
  17212 02050613  addi a2, a0, 32
c1_41_next_3796:
  17213 2dc0006f  jal x0, +732
c1_28_g4_3603:
  17214 00e1fe63  bgeu gp, a4, +28
  17215 00d1fa63  bgeu gp, a3, +20
  17216 e94ff06f  jal x0, -2412
c1_28_p2_3604:
  17217 e68ff06f  jal x0, -2456
c1_28_p3_3605:
  17218 00000013  addi x0, x0, 0
  17219 e74ff06f  jal x0, -2444
c1_28_p5_3606:
  17220 e98ff06f  jal x0, -2408
c1_28_p6_3607:
  17221 00000013  addi x0, x0, 0
  17222 ea4ff06f  jal x0, -2396
c1_28_h7_3602:
  17223 52103023  sd ra, 1312(x0)
  17224 52203423  sd sp, 1320(x0)
  17225 00000013  addi x0, x0, 0
  17226 ea8ff06f  jal x0, -2392
c1_29_g4_3618:
  17227 00e1fe63  bgeu gp, a4, +28
  17228 00d1fa63  bgeu gp, a3, +20
  17229 f14ff06f  jal x0, -2284
c1_29_p2_3619:
  17230 ee8ff06f  jal x0, -2328
c1_29_p3_3620:
  17231 00000013  addi x0, x0, 0
  17232 ef4ff06f  jal x0, -2316
c1_29_p5_3621:
  17233 f18ff06f  jal x0, -2280
c1_29_p6_3622:
  17234 00000013  addi x0, x0, 0
  17235 f24ff06f  jal x0, -2268
c1_29_h7_3617:
  17236 52103823  sd ra, 1328(x0)
  17237 52203c23  sd sp, 1336(x0)
  17238 00000013  addi x0, x0, 0
  17239 f28ff06f  jal x0, -2264
c1_30_g4_3633:
  17240 00e1fe63  bgeu gp, a4, +28
  17241 00d1fa63  bgeu gp, a3, +20
  17242 f94ff06f  jal x0, -2156
c1_30_p2_3634:
  17243 f68ff06f  jal x0, -2200
c1_30_p3_3635:
  17244 00000013  addi x0, x0, 0
  17245 f74ff06f  jal x0, -2188
c1_30_p5_3636:
  17246 f98ff06f  jal x0, -2152
c1_30_p6_3637:
  17247 00000013  addi x0, x0, 0
  17248 fa4ff06f  jal x0, -2140
c1_30_h7_3632:
  17249 54103023  sd ra, 1344(x0)
  17250 54203423  sd sp, 1352(x0)
  17251 00000013  addi x0, x0, 0
  17252 fa8ff06f  jal x0, -2136
c1_31_g4_3648:
  17253 00e1fe63  bgeu gp, a4, +28
  17254 00d1fa63  bgeu gp, a3, +20
  17255 815ff06f  jal x0, -2028
c1_31_p2_3649:
  17256 fe8ff06f  jal x0, -2072
c1_31_p3_3650:
  17257 00000013  addi x0, x0, 0
  17258 ff4ff06f  jal x0, -2060
c1_31_p5_3651:
  17259 819ff06f  jal x0, -2024
c1_31_p6_3652:
  17260 00000013  addi x0, x0, 0
  17261 825ff06f  jal x0, -2012
c1_31_h7_3647:
  17262 54103823  sd ra, 1360(x0)
  17263 54203c23  sd sp, 1368(x0)
  17264 00000013  addi x0, x0, 0
  17265 829ff06f  jal x0, -2008
c1_32_g4_3663:
  17266 00e1fe63  bgeu gp, a4, +28
  17267 00d1fa63  bgeu gp, a3, +20
  17268 895ff06f  jal x0, -1900
c1_32_p2_3664:
  17269 869ff06f  jal x0, -1944
c1_32_p3_3665:
  17270 00000013  addi x0, x0, 0
  17271 875ff06f  jal x0, -1932
c1_32_p5_3666:
  17272 899ff06f  jal x0, -1896
c1_32_p6_3667:
  17273 00000013  addi x0, x0, 0
  17274 8a5ff06f  jal x0, -1884
c1_32_h7_3662:
  17275 56103023  sd ra, 1376(x0)
  17276 56203423  sd sp, 1384(x0)
  17277 00000013  addi x0, x0, 0
  17278 8a9ff06f  jal x0, -1880
c1_33_g4_3678:
  17279 00e1fe63  bgeu gp, a4, +28
  17280 00d1fa63  bgeu gp, a3, +20
  17281 915ff06f  jal x0, -1772
c1_33_p2_3679:
  17282 8e9ff06f  jal x0, -1816
c1_33_p3_3680:
  17283 00000013  addi x0, x0, 0
  17284 8f5ff06f  jal x0, -1804
c1_33_p5_3681:
  17285 919ff06f  jal x0, -1768
c1_33_p6_3682:
  17286 00000013  addi x0, x0, 0
  17287 925ff06f  jal x0, -1756
c1_33_h7_3677:
  17288 56103823  sd ra, 1392(x0)
  17289 56203c23  sd sp, 1400(x0)
  17290 00000013  addi x0, x0, 0
  17291 929ff06f  jal x0, -1752
c1_34_g4_3693:
  17292 00e1fe63  bgeu gp, a4, +28
  17293 00d1fa63  bgeu gp, a3, +20
  17294 995ff06f  jal x0, -1644
c1_34_p2_3694:
  17295 969ff06f  jal x0, -1688
c1_34_p3_3695:
  17296 00000013  addi x0, x0, 0
  17297 975ff06f  jal x0, -1676
c1_34_p5_3696:
  17298 999ff06f  jal x0, -1640
c1_34_p6_3697:
  17299 00000013  addi x0, x0, 0
  17300 9a5ff06f  jal x0, -1628
c1_34_h7_3692:
  17301 58103023  sd ra, 1408(x0)
  17302 58203423  sd sp, 1416(x0)
  17303 00000013  addi x0, x0, 0
  17304 9a9ff06f  jal x0, -1624
c1_35_g4_3708:
  17305 00e1fe63  bgeu gp, a4, +28
  17306 00d1fa63  bgeu gp, a3, +20
  17307 a15ff06f  jal x0, -1516
c1_35_p2_3709:
  17308 9e9ff06f  jal x0, -1560
c1_35_p3_3710:
  17309 00000013  addi x0, x0, 0
  17310 9f5ff06f  jal x0, -1548
c1_35_p5_3711:
  17311 a19ff06f  jal x0, -1512
c1_35_p6_3712:
  17312 00000013  addi x0, x0, 0
  17313 a25ff06f  jal x0, -1500
c1_35_h7_3707:
  17314 58103823  sd ra, 1424(x0)
  17315 58203c23  sd sp, 1432(x0)
  17316 00000013  addi x0, x0, 0
  17317 a29ff06f  jal x0, -1496
c1_36_g4_3723:
  17318 00e1fe63  bgeu gp, a4, +28
  17319 00d1fa63  bgeu gp, a3, +20
  17320 a95ff06f  jal x0, -1388
c1_36_p2_3724:
  17321 a69ff06f  jal x0, -1432
c1_36_p3_3725:
  17322 00000013  addi x0, x0, 0
  17323 a75ff06f  jal x0, -1420
c1_36_p5_3726:
  17324 a99ff06f  jal x0, -1384
c1_36_p6_3727:
  17325 00000013  addi x0, x0, 0
  17326 aa5ff06f  jal x0, -1372
c1_36_h7_3722:
  17327 5a103023  sd ra, 1440(x0)
  17328 5a203423  sd sp, 1448(x0)
  17329 00000013  addi x0, x0, 0
  17330 aa9ff06f  jal x0, -1368
c1_37_g4_3738:
  17331 00e1fe63  bgeu gp, a4, +28
  17332 00d1fa63  bgeu gp, a3, +20
  17333 b15ff06f  jal x0, -1260
c1_37_p2_3739:
  17334 ae9ff06f  jal x0, -1304
c1_37_p3_3740:
  17335 00000013  addi x0, x0, 0
  17336 af5ff06f  jal x0, -1292
c1_37_p5_3741:
  17337 b19ff06f  jal x0, -1256
c1_37_p6_3742:
  17338 00000013  addi x0, x0, 0
  17339 b25ff06f  jal x0, -1244
c1_37_h7_3737:
  17340 5a103823  sd ra, 1456(x0)
  17341 5a203c23  sd sp, 1464(x0)
  17342 00000013  addi x0, x0, 0
  17343 b29ff06f  jal x0, -1240
c1_38_g4_3753:
  17344 00e1fe63  bgeu gp, a4, +28
  17345 00d1fa63  bgeu gp, a3, +20
  17346 b95ff06f  jal x0, -1132
c1_38_p2_3754:
  17347 b69ff06f  jal x0, -1176
c1_38_p3_3755:
  17348 00000013  addi x0, x0, 0
  17349 b75ff06f  jal x0, -1164
c1_38_p5_3756:
  17350 b99ff06f  jal x0, -1128
c1_38_p6_3757:
  17351 00000013  addi x0, x0, 0
  17352 ba5ff06f  jal x0, -1116
c1_38_h7_3752:
  17353 5c103023  sd ra, 1472(x0)
  17354 5c203423  sd sp, 1480(x0)
  17355 00000013  addi x0, x0, 0
  17356 ba9ff06f  jal x0, -1112
c1_39_g4_3768:
  17357 00e1fe63  bgeu gp, a4, +28
  17358 00d1fa63  bgeu gp, a3, +20
  17359 c15ff06f  jal x0, -1004
c1_39_p2_3769:
  17360 be9ff06f  jal x0, -1048
c1_39_p3_3770:
  17361 00000013  addi x0, x0, 0
  17362 bf5ff06f  jal x0, -1036
c1_39_p5_3771:
  17363 c19ff06f  jal x0, -1000
c1_39_p6_3772:
  17364 00000013  addi x0, x0, 0
  17365 c25ff06f  jal x0, -988
c1_39_h7_3767:
  17366 5c103823  sd ra, 1488(x0)
  17367 5c203c23  sd sp, 1496(x0)
  17368 00000013  addi x0, x0, 0
  17369 c29ff06f  jal x0, -984
c1_40_g4_3783:
  17370 00e1fe63  bgeu gp, a4, +28
  17371 00d1fa63  bgeu gp, a3, +20
  17372 c95ff06f  jal x0, -876
c1_40_p2_3784:
  17373 c69ff06f  jal x0, -920
c1_40_p3_3785:
  17374 00000013  addi x0, x0, 0
  17375 c75ff06f  jal x0, -908
c1_40_p5_3786:
  17376 c99ff06f  jal x0, -872
c1_40_p6_3787:
  17377 00000013  addi x0, x0, 0
  17378 ca5ff06f  jal x0, -860
c1_40_h7_3782:
  17379 5e103023  sd ra, 1504(x0)
  17380 5e203423  sd sp, 1512(x0)
  17381 00000013  addi x0, x0, 0
  17382 ca9ff06f  jal x0, -856
c1_41_g4_3798:
  17383 00e1fe63  bgeu gp, a4, +28
  17384 00d1fa63  bgeu gp, a3, +20
  17385 d15ff06f  jal x0, -748
c1_41_p2_3799:
  17386 ce9ff06f  jal x0, -792
c1_41_p3_3800:
  17387 00000013  addi x0, x0, 0
  17388 cf5ff06f  jal x0, -780
c1_41_p5_3801:
  17389 d19ff06f  jal x0, -744
c1_41_p6_3802:
  17390 00000013  addi x0, x0, 0
  17391 d25ff06f  jal x0, -732
c1_41_h7_3797:
  17392 5e103823  sd ra, 1520(x0)
  17393 5e203c23  sd sp, 1528(x0)
  17394 00000013  addi x0, x0, 0
  17395 d29ff06f  jal x0, -728
        ; layer 1: leaf
l1_after2_3804:
  17396 000101b7  lui gp, 0x10
  17397 20118193  addi gp, gp, 513
  17398 34303023  sd gp, 832(x0)
  17399 35f03423  sd t6, 840(x0)
  17400 34000513  addi a0, x0, 832
  17401 2c000593  addi a1, x0, 704
  17402 004b9c13  slli s8, s7, 4
  17403 010c7193  andi gp, s8, 16
  17404 1e018613  addi a2, gp, 480
  17405 00000073  ecall
        ; layer 1: tree fold
  17406 000101b7  lui gp, 0x10
  17407 30118193  addi gp, gp, 769
  17408 1c302023  sw gp, 448(x0)
  17409 1de02423  sw t5, 456(x0)
  17410 1c000513  addi a0, x0, 448
  17411 04000593  addi a1, x0, 64
        ; fold level 1
  17412 01064193  xori gp, a2, 16
  17413 7409b083  ld ra, 1856(s3)
  17414 7489b103  ld sp, 1864(s3)
  17415 0011b023  sd ra, 0(gp)
  17416 0021b423  sd sp, 8(gp)
  17417 00100213  addi tp, x0, 1
  17418 1c402223  sw tp, 452(x0)
  17419 001bd213  srli tp, s7, 1
  17420 1c402623  sw tp, 460(x0)
  17421 001c5193  srli gp, s8, 1
  17422 0101f193  andi gp, gp, 16
  17423 1e018613  addi a2, gp, 480
  17424 00000073  ecall
        ; fold level 2
  17425 01064193  xori gp, a2, 16
  17426 7509b083  ld ra, 1872(s3)
  17427 7589b103  ld sp, 1880(s3)
  17428 0011b023  sd ra, 0(gp)
  17429 0021b423  sd sp, 8(gp)
  17430 00200213  addi tp, x0, 2
  17431 1c402223  sw tp, 452(x0)
  17432 002bd213  srli tp, s7, 2
  17433 1c402623  sw tp, 460(x0)
  17434 002c5193  srli gp, s8, 2
  17435 0101f193  andi gp, gp, 16
  17436 1e018613  addi a2, gp, 480
  17437 00000073  ecall
        ; fold level 3
  17438 01064193  xori gp, a2, 16
  17439 7609b083  ld ra, 1888(s3)
  17440 7689b103  ld sp, 1896(s3)
  17441 0011b023  sd ra, 0(gp)
  17442 0021b423  sd sp, 8(gp)
  17443 00300213  addi tp, x0, 3
  17444 1c402223  sw tp, 452(x0)
  17445 003bd213  srli tp, s7, 3
  17446 1c402623  sw tp, 460(x0)
  17447 003c5193  srli gp, s8, 3
  17448 0101f193  andi gp, gp, 16
  17449 1e018613  addi a2, gp, 480
  17450 00000073  ecall
        ; fold level 4
  17451 01064193  xori gp, a2, 16
  17452 7709b083  ld ra, 1904(s3)
  17453 7789b103  ld sp, 1912(s3)
  17454 0011b023  sd ra, 0(gp)
  17455 0021b423  sd sp, 8(gp)
  17456 00400213  addi tp, x0, 4
  17457 1c402223  sw tp, 452(x0)
  17458 004bd213  srli tp, s7, 4
  17459 1c402623  sw tp, 460(x0)
  17460 010bf193  andi gp, s7, 16
  17461 1e018613  addi a2, gp, 480
  17462 00000073  ecall
        ; fold level 5
  17463 01064193  xori gp, a2, 16
  17464 7809b083  ld ra, 1920(s3)
  17465 7889b103  ld sp, 1928(s3)
  17466 0011b023  sd ra, 0(gp)
  17467 0021b423  sd sp, 8(gp)
  17468 00500213  addi tp, x0, 5
  17469 1c402223  sw tp, 452(x0)
  17470 1c002623  sw x0, 460(x0)
  17471 12000613  addi a2, x0, 288
  17472 00000073  ecall
        ; layer 0: route
layer_0:
  17473 01db5b93  srli s7, s6, 29
  17474 01fbfb93  andi s7, s7, 31
  17475 022b5f13  srli t5, s6, 34
  17476 020b9193  slli gp, s7, 32
  17477 003f6fb3  or t6, t5, gp
        ; layer 0: encoding
  17478 40100193  addi gp, x0, 1025
  17479 10303023  sd gp, 256(x0)
  17480 11f03423  sd t6, 264(x0)
  17481 630ae183  lwu gp, 1584(s5)
  17482 12302823  sw gp, 304(x0)
  17483 12002a23  sw x0, 308(x0)
  17484 12003c23  sd x0, 312(x0)
  17485 10000513  addi a0, x0, 256
  17486 04000593  addi a1, x0, 64
  17487 14000613  addi a2, x0, 320
  17488 00000073  ecall
  17489 14003803  ld a6, 320(x0)
  17490 14803883  ld a7, 328(x0)
  17491 011861b3  or gp, a6, a7
  17492 2401c4e3  blt gp, x0, +2632
  17493 00385c93  srli s9, a6, 3
  17494 01acfcb3  and s9, s9, s10
  17495 01a87e33  and t3, a6, s10
  17496 01cc8cb3  add s9, s9, t3
  17497 0038de13  srli t3, a7, 3
  17498 01ae7e33  and t3, t3, s10
  17499 01cc8cb3  add s9, s9, t3
  17500 01a8fe33  and t3, a7, s10
  17501 01cc8cb3  add s9, s9, t3
  17502 006cde13  srli t3, s9, 6
  17503 01cc8cb3  add s9, s9, t3
  17504 01bcfcb3  and s9, s9, s11
  17505 00ccde13  srli t3, s9, 12
  17506 01cc8cb3  add s9, s9, t3
  17507 018cde13  srli t3, s9, 24
  17508 01cc8cb3  add s9, s9, t3
  17509 030cde13  srli t3, s9, 48
  17510 01cc8cb3  add s9, s9, t3
  17511 7ffcfc93  andi s9, s9, 2047
  17512 f56c8c93  addi s9, s9, -170
  17513 1e0c9ae3  bne s9, x0, +2548
        ; layer 0: chains
  17514 10100193  addi gp, x0, 257
  17515 0c302023  sw gp, 192(x0)
  17516 0df03423  sd t6, 200(x0)
  17517 0c000513  addi a0, x0, 192
  17518 0e000613  addi a2, x0, 224
        ; chain lay=0 i=0
c0_0_3820:
  17519 03d81193  slli gp, a6, 61
  17520 1b09b083  ld ra, 432(s3)
  17521 1b89b103  ld sp, 440(s3)
  17522 0e103023  sd ra, 224(x0)
  17523 0e203423  sd sp, 232(x0)
  17524 1ef1f8e3  bgeu gp, a5, +2544
  17525 1c91f4e3  bgeu gp, s1, +2504
  17526 1c81fae3  bgeu gp, s0, +2516
  17527 1c71f6e3  bgeu gp, t2, +2508
  17528 0061fc63  bgeu gp, t1, +24
c0_0_s1_3806:
  17529 00000213  addi tp, x0, 0
  17530 00452223  sw tp, 4(a0)
  17531 00000073  ecall
  17532 02053823  sd x0, 48(a0)
  17533 02053c23  sd x0, 56(a0)
c0_0_s2_3807:
  17534 00100213  addi tp, x0, 1
  17535 00452223  sw tp, 4(a0)
  17536 00000073  ecall
  17537 02053823  sd x0, 48(a0)
  17538 02053c23  sd x0, 56(a0)
c0_0_s3_3808:
  17539 00200213  addi tp, x0, 2
  17540 00452223  sw tp, 4(a0)
  17541 00000073  ecall
  17542 02053823  sd x0, 48(a0)
  17543 02053c23  sd x0, 56(a0)
c0_0_s4_3809:
  17544 00300213  addi tp, x0, 3
  17545 00452223  sw tp, 4(a0)
  17546 00000073  ecall
  17547 02053823  sd x0, 48(a0)
  17548 02053c23  sd x0, 56(a0)
c0_0_s5_3810:
  17549 00400213  addi tp, x0, 4
  17550 00452223  sw tp, 4(a0)
  17551 00000073  ecall
  17552 02053823  sd x0, 48(a0)
  17553 02053c23  sd x0, 56(a0)
c0_0_s6_3811:
  17554 00500213  addi tp, x0, 5
  17555 00452223  sw tp, 4(a0)
  17556 00000073  ecall
  17557 02053823  sd x0, 48(a0)
  17558 02053c23  sd x0, 56(a0)
c0_0_s7_3812:
  17559 00600213  addi tp, x0, 6
  17560 00452223  sw tp, 4(a0)
  17561 36000613  addi a2, x0, 864
  17562 00000073  ecall
  17563 02050613  addi a2, a0, 32
        ; chain lay=0 i=1
c0_0_next_3813:
c0_1_3835:
  17564 03a81193  slli gp, a6, 58
  17565 1c09b083  ld ra, 448(s3)
  17566 1c89b103  ld sp, 456(s3)
  17567 0e103023  sd ra, 224(x0)
  17568 0e203423  sd sp, 232(x0)
  17569 16f1f8e3  bgeu gp, a5, +2416
  17570 1491f4e3  bgeu gp, s1, +2376
  17571 1481fae3  bgeu gp, s0, +2388
  17572 1471f6e3  bgeu gp, t2, +2380
  17573 0061fc63  bgeu gp, t1, +24
c0_1_s1_3821:
  17574 00800213  addi tp, x0, 8
  17575 00452223  sw tp, 4(a0)
  17576 00000073  ecall
  17577 02053823  sd x0, 48(a0)
  17578 02053c23  sd x0, 56(a0)
c0_1_s2_3822:
  17579 00900213  addi tp, x0, 9
  17580 00452223  sw tp, 4(a0)
  17581 00000073  ecall
  17582 02053823  sd x0, 48(a0)
  17583 02053c23  sd x0, 56(a0)
c0_1_s3_3823:
  17584 00a00213  addi tp, x0, 10
  17585 00452223  sw tp, 4(a0)
  17586 00000073  ecall
  17587 02053823  sd x0, 48(a0)
  17588 02053c23  sd x0, 56(a0)
c0_1_s4_3824:
  17589 00b00213  addi tp, x0, 11
  17590 00452223  sw tp, 4(a0)
  17591 00000073  ecall
  17592 02053823  sd x0, 48(a0)
  17593 02053c23  sd x0, 56(a0)
c0_1_s5_3825:
  17594 00c00213  addi tp, x0, 12
  17595 00452223  sw tp, 4(a0)
  17596 00000073  ecall
  17597 02053823  sd x0, 48(a0)
  17598 02053c23  sd x0, 56(a0)
c0_1_s6_3826:
  17599 00d00213  addi tp, x0, 13
  17600 00452223  sw tp, 4(a0)
  17601 00000073  ecall
  17602 02053823  sd x0, 48(a0)
  17603 02053c23  sd x0, 56(a0)
c0_1_s7_3827:
  17604 00e00213  addi tp, x0, 14
  17605 00452223  sw tp, 4(a0)
  17606 37000613  addi a2, x0, 880
  17607 00000073  ecall
  17608 02050613  addi a2, a0, 32
        ; chain lay=0 i=2
c0_1_next_3828:
c0_2_3850:
  17609 03781193  slli gp, a6, 55
  17610 1d09b083  ld ra, 464(s3)
  17611 1d89b103  ld sp, 472(s3)
  17612 0e103023  sd ra, 224(x0)
  17613 0e203423  sd sp, 232(x0)
  17614 0ef1f8e3  bgeu gp, a5, +2288
  17615 0c91f4e3  bgeu gp, s1, +2248
  17616 0c81fae3  bgeu gp, s0, +2260
  17617 0c71f6e3  bgeu gp, t2, +2252
  17618 0061fc63  bgeu gp, t1, +24
c0_2_s1_3836:
  17619 01000213  addi tp, x0, 16
  17620 00452223  sw tp, 4(a0)
  17621 00000073  ecall
  17622 02053823  sd x0, 48(a0)
  17623 02053c23  sd x0, 56(a0)
c0_2_s2_3837:
  17624 01100213  addi tp, x0, 17
  17625 00452223  sw tp, 4(a0)
  17626 00000073  ecall
  17627 02053823  sd x0, 48(a0)
  17628 02053c23  sd x0, 56(a0)
c0_2_s3_3838:
  17629 01200213  addi tp, x0, 18
  17630 00452223  sw tp, 4(a0)
  17631 00000073  ecall
  17632 02053823  sd x0, 48(a0)
  17633 02053c23  sd x0, 56(a0)
c0_2_s4_3839:
  17634 01300213  addi tp, x0, 19
  17635 00452223  sw tp, 4(a0)
  17636 00000073  ecall
  17637 02053823  sd x0, 48(a0)
  17638 02053c23  sd x0, 56(a0)
c0_2_s5_3840:
  17639 01400213  addi tp, x0, 20
  17640 00452223  sw tp, 4(a0)
  17641 00000073  ecall
  17642 02053823  sd x0, 48(a0)
  17643 02053c23  sd x0, 56(a0)
c0_2_s6_3841:
  17644 01500213  addi tp, x0, 21
  17645 00452223  sw tp, 4(a0)
  17646 00000073  ecall
  17647 02053823  sd x0, 48(a0)
  17648 02053c23  sd x0, 56(a0)
c0_2_s7_3842:
  17649 01600213  addi tp, x0, 22
  17650 00452223  sw tp, 4(a0)
  17651 38000613  addi a2, x0, 896
  17652 00000073  ecall
  17653 02050613  addi a2, a0, 32
        ; chain lay=0 i=3
c0_2_next_3843:
c0_3_3865:
  17654 03481193  slli gp, a6, 52
  17655 1e09b083  ld ra, 480(s3)
  17656 1e89b103  ld sp, 488(s3)
  17657 0e103023  sd ra, 224(x0)
  17658 0e203423  sd sp, 232(x0)
  17659 06f1f8e3  bgeu gp, a5, +2160
  17660 0491f4e3  bgeu gp, s1, +2120
  17661 0481fae3  bgeu gp, s0, +2132
  17662 0471f6e3  bgeu gp, t2, +2124
  17663 0061fc63  bgeu gp, t1, +24
c0_3_s1_3851:
  17664 01800213  addi tp, x0, 24
  17665 00452223  sw tp, 4(a0)
  17666 00000073  ecall
  17667 02053823  sd x0, 48(a0)
  17668 02053c23  sd x0, 56(a0)
c0_3_s2_3852:
  17669 01900213  addi tp, x0, 25
  17670 00452223  sw tp, 4(a0)
  17671 00000073  ecall
  17672 02053823  sd x0, 48(a0)
  17673 02053c23  sd x0, 56(a0)
c0_3_s3_3853:
  17674 01a00213  addi tp, x0, 26
  17675 00452223  sw tp, 4(a0)
  17676 00000073  ecall
  17677 02053823  sd x0, 48(a0)
  17678 02053c23  sd x0, 56(a0)
c0_3_s4_3854:
  17679 01b00213  addi tp, x0, 27
  17680 00452223  sw tp, 4(a0)
  17681 00000073  ecall
  17682 02053823  sd x0, 48(a0)
  17683 02053c23  sd x0, 56(a0)
c0_3_s5_3855:
  17684 01c00213  addi tp, x0, 28
  17685 00452223  sw tp, 4(a0)
  17686 00000073  ecall
  17687 02053823  sd x0, 48(a0)
  17688 02053c23  sd x0, 56(a0)
c0_3_s6_3856:
  17689 01d00213  addi tp, x0, 29
  17690 00452223  sw tp, 4(a0)
  17691 00000073  ecall
  17692 02053823  sd x0, 48(a0)
  17693 02053c23  sd x0, 56(a0)
c0_3_s7_3857:
  17694 01e00213  addi tp, x0, 30
  17695 00452223  sw tp, 4(a0)
  17696 39000613  addi a2, x0, 912
  17697 00000073  ecall
  17698 02050613  addi a2, a0, 32
        ; chain lay=0 i=4
c0_3_next_3858:
c0_4_3880:
  17699 03181193  slli gp, a6, 49
  17700 1f09b083  ld ra, 496(s3)
  17701 1f89b103  ld sp, 504(s3)
  17702 0e103023  sd ra, 224(x0)
  17703 0e203423  sd sp, 232(x0)
  17704 7ef1f863  bgeu gp, a5, +2032
  17705 7c91f463  bgeu gp, s1, +1992
  17706 7c81fa63  bgeu gp, s0, +2004
  17707 7c71f663  bgeu gp, t2, +1996
  17708 0061fc63  bgeu gp, t1, +24
c0_4_s1_3866:
  17709 02000213  addi tp, x0, 32
  17710 00452223  sw tp, 4(a0)
  17711 00000073  ecall
  17712 02053823  sd x0, 48(a0)
  17713 02053c23  sd x0, 56(a0)
c0_4_s2_3867:
  17714 02100213  addi tp, x0, 33
  17715 00452223  sw tp, 4(a0)
  17716 00000073  ecall
  17717 02053823  sd x0, 48(a0)
  17718 02053c23  sd x0, 56(a0)
c0_4_s3_3868:
  17719 02200213  addi tp, x0, 34
  17720 00452223  sw tp, 4(a0)
  17721 00000073  ecall
  17722 02053823  sd x0, 48(a0)
  17723 02053c23  sd x0, 56(a0)
c0_4_s4_3869:
  17724 02300213  addi tp, x0, 35
  17725 00452223  sw tp, 4(a0)
  17726 00000073  ecall
  17727 02053823  sd x0, 48(a0)
  17728 02053c23  sd x0, 56(a0)
c0_4_s5_3870:
  17729 02400213  addi tp, x0, 36
  17730 00452223  sw tp, 4(a0)
  17731 00000073  ecall
  17732 02053823  sd x0, 48(a0)
  17733 02053c23  sd x0, 56(a0)
c0_4_s6_3871:
  17734 02500213  addi tp, x0, 37
  17735 00452223  sw tp, 4(a0)
  17736 00000073  ecall
  17737 02053823  sd x0, 48(a0)
  17738 02053c23  sd x0, 56(a0)
c0_4_s7_3872:
  17739 02600213  addi tp, x0, 38
  17740 00452223  sw tp, 4(a0)
  17741 3a000613  addi a2, x0, 928
  17742 00000073  ecall
  17743 02050613  addi a2, a0, 32
        ; chain lay=0 i=5
c0_4_next_3873:
c0_5_3895:
  17744 02e81193  slli gp, a6, 46
  17745 2009b083  ld ra, 512(s3)
  17746 2089b103  ld sp, 520(s3)
  17747 0e103023  sd ra, 224(x0)
  17748 0e203423  sd sp, 232(x0)
  17749 76f1f863  bgeu gp, a5, +1904
  17750 7491f463  bgeu gp, s1, +1864
  17751 7481fa63  bgeu gp, s0, +1876
  17752 7471f663  bgeu gp, t2, +1868
  17753 0061fc63  bgeu gp, t1, +24
c0_5_s1_3881:
  17754 02800213  addi tp, x0, 40
  17755 00452223  sw tp, 4(a0)
  17756 00000073  ecall
  17757 02053823  sd x0, 48(a0)
  17758 02053c23  sd x0, 56(a0)
c0_5_s2_3882:
  17759 02900213  addi tp, x0, 41
  17760 00452223  sw tp, 4(a0)
  17761 00000073  ecall
  17762 02053823  sd x0, 48(a0)
  17763 02053c23  sd x0, 56(a0)
c0_5_s3_3883:
  17764 02a00213  addi tp, x0, 42
  17765 00452223  sw tp, 4(a0)
  17766 00000073  ecall
  17767 02053823  sd x0, 48(a0)
  17768 02053c23  sd x0, 56(a0)
c0_5_s4_3884:
  17769 02b00213  addi tp, x0, 43
  17770 00452223  sw tp, 4(a0)
  17771 00000073  ecall
  17772 02053823  sd x0, 48(a0)
  17773 02053c23  sd x0, 56(a0)
c0_5_s5_3885:
  17774 02c00213  addi tp, x0, 44
  17775 00452223  sw tp, 4(a0)
  17776 00000073  ecall
  17777 02053823  sd x0, 48(a0)
  17778 02053c23  sd x0, 56(a0)
c0_5_s6_3886:
  17779 02d00213  addi tp, x0, 45
  17780 00452223  sw tp, 4(a0)
  17781 00000073  ecall
  17782 02053823  sd x0, 48(a0)
  17783 02053c23  sd x0, 56(a0)
c0_5_s7_3887:
  17784 02e00213  addi tp, x0, 46
  17785 00452223  sw tp, 4(a0)
  17786 3b000613  addi a2, x0, 944
  17787 00000073  ecall
  17788 02050613  addi a2, a0, 32
        ; chain lay=0 i=6
c0_5_next_3888:
c0_6_3910:
  17789 02b81193  slli gp, a6, 43
  17790 2109b083  ld ra, 528(s3)
  17791 2189b103  ld sp, 536(s3)
  17792 0e103023  sd ra, 224(x0)
  17793 0e203423  sd sp, 232(x0)
  17794 6ef1f863  bgeu gp, a5, +1776
  17795 6c91f463  bgeu gp, s1, +1736
  17796 6c81fa63  bgeu gp, s0, +1748
  17797 6c71f663  bgeu gp, t2, +1740
  17798 0061fc63  bgeu gp, t1, +24
c0_6_s1_3896:
  17799 03000213  addi tp, x0, 48
  17800 00452223  sw tp, 4(a0)
  17801 00000073  ecall
  17802 02053823  sd x0, 48(a0)
  17803 02053c23  sd x0, 56(a0)
c0_6_s2_3897:
  17804 03100213  addi tp, x0, 49
  17805 00452223  sw tp, 4(a0)
  17806 00000073  ecall
  17807 02053823  sd x0, 48(a0)
  17808 02053c23  sd x0, 56(a0)
c0_6_s3_3898:
  17809 03200213  addi tp, x0, 50
  17810 00452223  sw tp, 4(a0)
  17811 00000073  ecall
  17812 02053823  sd x0, 48(a0)
  17813 02053c23  sd x0, 56(a0)
c0_6_s4_3899:
  17814 03300213  addi tp, x0, 51
  17815 00452223  sw tp, 4(a0)
  17816 00000073  ecall
  17817 02053823  sd x0, 48(a0)
  17818 02053c23  sd x0, 56(a0)
c0_6_s5_3900:
  17819 03400213  addi tp, x0, 52
  17820 00452223  sw tp, 4(a0)
  17821 00000073  ecall
  17822 02053823  sd x0, 48(a0)
  17823 02053c23  sd x0, 56(a0)
c0_6_s6_3901:
  17824 03500213  addi tp, x0, 53
  17825 00452223  sw tp, 4(a0)
  17826 00000073  ecall
  17827 02053823  sd x0, 48(a0)
  17828 02053c23  sd x0, 56(a0)
c0_6_s7_3902:
  17829 03600213  addi tp, x0, 54
  17830 00452223  sw tp, 4(a0)
  17831 3c000613  addi a2, x0, 960
  17832 00000073  ecall
  17833 02050613  addi a2, a0, 32
        ; chain lay=0 i=7
c0_6_next_3903:
c0_7_3925:
  17834 02881193  slli gp, a6, 40
  17835 2209b083  ld ra, 544(s3)
  17836 2289b103  ld sp, 552(s3)
  17837 0e103023  sd ra, 224(x0)
  17838 0e203423  sd sp, 232(x0)
  17839 66f1f863  bgeu gp, a5, +1648
  17840 6491f463  bgeu gp, s1, +1608
  17841 6481fa63  bgeu gp, s0, +1620
  17842 6471f663  bgeu gp, t2, +1612
  17843 0061fc63  bgeu gp, t1, +24
c0_7_s1_3911:
  17844 03800213  addi tp, x0, 56
  17845 00452223  sw tp, 4(a0)
  17846 00000073  ecall
  17847 02053823  sd x0, 48(a0)
  17848 02053c23  sd x0, 56(a0)
c0_7_s2_3912:
  17849 03900213  addi tp, x0, 57
  17850 00452223  sw tp, 4(a0)
  17851 00000073  ecall
  17852 02053823  sd x0, 48(a0)
  17853 02053c23  sd x0, 56(a0)
c0_7_s3_3913:
  17854 03a00213  addi tp, x0, 58
  17855 00452223  sw tp, 4(a0)
  17856 00000073  ecall
  17857 02053823  sd x0, 48(a0)
  17858 02053c23  sd x0, 56(a0)
c0_7_s4_3914:
  17859 03b00213  addi tp, x0, 59
  17860 00452223  sw tp, 4(a0)
  17861 00000073  ecall
  17862 02053823  sd x0, 48(a0)
  17863 02053c23  sd x0, 56(a0)
c0_7_s5_3915:
  17864 03c00213  addi tp, x0, 60
  17865 00452223  sw tp, 4(a0)
  17866 00000073  ecall
  17867 02053823  sd x0, 48(a0)
  17868 02053c23  sd x0, 56(a0)
c0_7_s6_3916:
  17869 03d00213  addi tp, x0, 61
  17870 00452223  sw tp, 4(a0)
  17871 00000073  ecall
  17872 02053823  sd x0, 48(a0)
  17873 02053c23  sd x0, 56(a0)
c0_7_s7_3917:
  17874 03e00213  addi tp, x0, 62
  17875 00452223  sw tp, 4(a0)
  17876 3d000613  addi a2, x0, 976
  17877 00000073  ecall
  17878 02050613  addi a2, a0, 32
        ; chain lay=0 i=8
c0_7_next_3918:
c0_8_3940:
  17879 02581193  slli gp, a6, 37
  17880 2309b083  ld ra, 560(s3)
  17881 2389b103  ld sp, 568(s3)
  17882 0e103023  sd ra, 224(x0)
  17883 0e203423  sd sp, 232(x0)
  17884 5ef1f863  bgeu gp, a5, +1520
  17885 5c91f463  bgeu gp, s1, +1480
  17886 5c81fa63  bgeu gp, s0, +1492
  17887 5c71f663  bgeu gp, t2, +1484
  17888 0061fc63  bgeu gp, t1, +24
c0_8_s1_3926:
  17889 04000213  addi tp, x0, 64
  17890 00452223  sw tp, 4(a0)
  17891 00000073  ecall
  17892 02053823  sd x0, 48(a0)
  17893 02053c23  sd x0, 56(a0)
c0_8_s2_3927:
  17894 04100213  addi tp, x0, 65
  17895 00452223  sw tp, 4(a0)
  17896 00000073  ecall
  17897 02053823  sd x0, 48(a0)
  17898 02053c23  sd x0, 56(a0)
c0_8_s3_3928:
  17899 04200213  addi tp, x0, 66
  17900 00452223  sw tp, 4(a0)
  17901 00000073  ecall
  17902 02053823  sd x0, 48(a0)
  17903 02053c23  sd x0, 56(a0)
c0_8_s4_3929:
  17904 04300213  addi tp, x0, 67
  17905 00452223  sw tp, 4(a0)
  17906 00000073  ecall
  17907 02053823  sd x0, 48(a0)
  17908 02053c23  sd x0, 56(a0)
c0_8_s5_3930:
  17909 04400213  addi tp, x0, 68
  17910 00452223  sw tp, 4(a0)
  17911 00000073  ecall
  17912 02053823  sd x0, 48(a0)
  17913 02053c23  sd x0, 56(a0)
c0_8_s6_3931:
  17914 04500213  addi tp, x0, 69
  17915 00452223  sw tp, 4(a0)
  17916 00000073  ecall
  17917 02053823  sd x0, 48(a0)
  17918 02053c23  sd x0, 56(a0)
c0_8_s7_3932:
  17919 04600213  addi tp, x0, 70
  17920 00452223  sw tp, 4(a0)
  17921 3e000613  addi a2, x0, 992
  17922 00000073  ecall
  17923 02050613  addi a2, a0, 32
        ; chain lay=0 i=9
c0_8_next_3933:
c0_9_3955:
  17924 02281193  slli gp, a6, 34
  17925 2409b083  ld ra, 576(s3)
  17926 2489b103  ld sp, 584(s3)
  17927 0e103023  sd ra, 224(x0)
  17928 0e203423  sd sp, 232(x0)
  17929 56f1f863  bgeu gp, a5, +1392
  17930 5491f463  bgeu gp, s1, +1352
  17931 5481fa63  bgeu gp, s0, +1364
  17932 5471f663  bgeu gp, t2, +1356
  17933 0061fc63  bgeu gp, t1, +24
c0_9_s1_3941:
  17934 04800213  addi tp, x0, 72
  17935 00452223  sw tp, 4(a0)
  17936 00000073  ecall
  17937 02053823  sd x0, 48(a0)
  17938 02053c23  sd x0, 56(a0)
c0_9_s2_3942:
  17939 04900213  addi tp, x0, 73
  17940 00452223  sw tp, 4(a0)
  17941 00000073  ecall
  17942 02053823  sd x0, 48(a0)
  17943 02053c23  sd x0, 56(a0)
c0_9_s3_3943:
  17944 04a00213  addi tp, x0, 74
  17945 00452223  sw tp, 4(a0)
  17946 00000073  ecall
  17947 02053823  sd x0, 48(a0)
  17948 02053c23  sd x0, 56(a0)
c0_9_s4_3944:
  17949 04b00213  addi tp, x0, 75
  17950 00452223  sw tp, 4(a0)
  17951 00000073  ecall
  17952 02053823  sd x0, 48(a0)
  17953 02053c23  sd x0, 56(a0)
c0_9_s5_3945:
  17954 04c00213  addi tp, x0, 76
  17955 00452223  sw tp, 4(a0)
  17956 00000073  ecall
  17957 02053823  sd x0, 48(a0)
  17958 02053c23  sd x0, 56(a0)
c0_9_s6_3946:
  17959 04d00213  addi tp, x0, 77
  17960 00452223  sw tp, 4(a0)
  17961 00000073  ecall
  17962 02053823  sd x0, 48(a0)
  17963 02053c23  sd x0, 56(a0)
c0_9_s7_3947:
  17964 04e00213  addi tp, x0, 78
  17965 00452223  sw tp, 4(a0)
  17966 3f000613  addi a2, x0, 1008
  17967 00000073  ecall
  17968 02050613  addi a2, a0, 32
        ; chain lay=0 i=10
c0_9_next_3948:
c0_10_3970:
  17969 01f81193  slli gp, a6, 31
  17970 2509b083  ld ra, 592(s3)
  17971 2589b103  ld sp, 600(s3)
  17972 0e103023  sd ra, 224(x0)
  17973 0e203423  sd sp, 232(x0)
  17974 4ef1f863  bgeu gp, a5, +1264
  17975 4c91f463  bgeu gp, s1, +1224
  17976 4c81fa63  bgeu gp, s0, +1236
  17977 4c71f663  bgeu gp, t2, +1228
  17978 0061fc63  bgeu gp, t1, +24
c0_10_s1_3956:
  17979 05000213  addi tp, x0, 80
  17980 00452223  sw tp, 4(a0)
  17981 00000073  ecall
  17982 02053823  sd x0, 48(a0)
  17983 02053c23  sd x0, 56(a0)
c0_10_s2_3957:
  17984 05100213  addi tp, x0, 81
  17985 00452223  sw tp, 4(a0)
  17986 00000073  ecall
  17987 02053823  sd x0, 48(a0)
  17988 02053c23  sd x0, 56(a0)
c0_10_s3_3958:
  17989 05200213  addi tp, x0, 82
  17990 00452223  sw tp, 4(a0)
  17991 00000073  ecall
  17992 02053823  sd x0, 48(a0)
  17993 02053c23  sd x0, 56(a0)
c0_10_s4_3959:
  17994 05300213  addi tp, x0, 83
  17995 00452223  sw tp, 4(a0)
  17996 00000073  ecall
  17997 02053823  sd x0, 48(a0)
  17998 02053c23  sd x0, 56(a0)
c0_10_s5_3960:
  17999 05400213  addi tp, x0, 84
  18000 00452223  sw tp, 4(a0)
  18001 00000073  ecall
  18002 02053823  sd x0, 48(a0)
  18003 02053c23  sd x0, 56(a0)
c0_10_s6_3961:
  18004 05500213  addi tp, x0, 85
  18005 00452223  sw tp, 4(a0)
  18006 00000073  ecall
  18007 02053823  sd x0, 48(a0)
  18008 02053c23  sd x0, 56(a0)
c0_10_s7_3962:
  18009 05600213  addi tp, x0, 86
  18010 00452223  sw tp, 4(a0)
  18011 40000613  addi a2, x0, 1024
  18012 00000073  ecall
  18013 02050613  addi a2, a0, 32
        ; chain lay=0 i=11
c0_10_next_3963:
c0_11_3985:
  18014 01c81193  slli gp, a6, 28
  18015 2609b083  ld ra, 608(s3)
  18016 2689b103  ld sp, 616(s3)
  18017 0e103023  sd ra, 224(x0)
  18018 0e203423  sd sp, 232(x0)
  18019 46f1f863  bgeu gp, a5, +1136
  18020 4491f463  bgeu gp, s1, +1096
  18021 4481fa63  bgeu gp, s0, +1108
  18022 4471f663  bgeu gp, t2, +1100
  18023 0061fc63  bgeu gp, t1, +24
c0_11_s1_3971:
  18024 05800213  addi tp, x0, 88
  18025 00452223  sw tp, 4(a0)
  18026 00000073  ecall
  18027 02053823  sd x0, 48(a0)
  18028 02053c23  sd x0, 56(a0)
c0_11_s2_3972:
  18029 05900213  addi tp, x0, 89
  18030 00452223  sw tp, 4(a0)
  18031 00000073  ecall
  18032 02053823  sd x0, 48(a0)
  18033 02053c23  sd x0, 56(a0)
c0_11_s3_3973:
  18034 05a00213  addi tp, x0, 90
  18035 00452223  sw tp, 4(a0)
  18036 00000073  ecall
  18037 02053823  sd x0, 48(a0)
  18038 02053c23  sd x0, 56(a0)
c0_11_s4_3974:
  18039 05b00213  addi tp, x0, 91
  18040 00452223  sw tp, 4(a0)
  18041 00000073  ecall
  18042 02053823  sd x0, 48(a0)
  18043 02053c23  sd x0, 56(a0)
c0_11_s5_3975:
  18044 05c00213  addi tp, x0, 92
  18045 00452223  sw tp, 4(a0)
  18046 00000073  ecall
  18047 02053823  sd x0, 48(a0)
  18048 02053c23  sd x0, 56(a0)
c0_11_s6_3976:
  18049 05d00213  addi tp, x0, 93
  18050 00452223  sw tp, 4(a0)
  18051 00000073  ecall
  18052 02053823  sd x0, 48(a0)
  18053 02053c23  sd x0, 56(a0)
c0_11_s7_3977:
  18054 05e00213  addi tp, x0, 94
  18055 00452223  sw tp, 4(a0)
  18056 41000613  addi a2, x0, 1040
  18057 00000073  ecall
  18058 02050613  addi a2, a0, 32
        ; chain lay=0 i=12
c0_11_next_3978:
c0_12_4000:
  18059 01981193  slli gp, a6, 25
  18060 2709b083  ld ra, 624(s3)
  18061 2789b103  ld sp, 632(s3)
  18062 0e103023  sd ra, 224(x0)
  18063 0e203423  sd sp, 232(x0)
  18064 3ef1f863  bgeu gp, a5, +1008
  18065 3c91f463  bgeu gp, s1, +968
  18066 3c81fa63  bgeu gp, s0, +980
  18067 3c71f663  bgeu gp, t2, +972
  18068 0061fc63  bgeu gp, t1, +24
c0_12_s1_3986:
  18069 06000213  addi tp, x0, 96
  18070 00452223  sw tp, 4(a0)
  18071 00000073  ecall
  18072 02053823  sd x0, 48(a0)
  18073 02053c23  sd x0, 56(a0)
c0_12_s2_3987:
  18074 06100213  addi tp, x0, 97
  18075 00452223  sw tp, 4(a0)
  18076 00000073  ecall
  18077 02053823  sd x0, 48(a0)
  18078 02053c23  sd x0, 56(a0)
c0_12_s3_3988:
  18079 06200213  addi tp, x0, 98
  18080 00452223  sw tp, 4(a0)
  18081 00000073  ecall
  18082 02053823  sd x0, 48(a0)
  18083 02053c23  sd x0, 56(a0)
c0_12_s4_3989:
  18084 06300213  addi tp, x0, 99
  18085 00452223  sw tp, 4(a0)
  18086 00000073  ecall
  18087 02053823  sd x0, 48(a0)
  18088 02053c23  sd x0, 56(a0)
c0_12_s5_3990:
  18089 06400213  addi tp, x0, 100
  18090 00452223  sw tp, 4(a0)
  18091 00000073  ecall
  18092 02053823  sd x0, 48(a0)
  18093 02053c23  sd x0, 56(a0)
c0_12_s6_3991:
  18094 06500213  addi tp, x0, 101
  18095 00452223  sw tp, 4(a0)
  18096 00000073  ecall
  18097 02053823  sd x0, 48(a0)
  18098 02053c23  sd x0, 56(a0)
c0_12_s7_3992:
  18099 06600213  addi tp, x0, 102
  18100 00452223  sw tp, 4(a0)
  18101 42000613  addi a2, x0, 1056
  18102 00000073  ecall
  18103 02050613  addi a2, a0, 32
        ; chain lay=0 i=13
c0_12_next_3993:
c0_13_4015:
  18104 01681193  slli gp, a6, 22
  18105 2809b083  ld ra, 640(s3)
  18106 2889b103  ld sp, 648(s3)
  18107 0e103023  sd ra, 224(x0)
  18108 0e203423  sd sp, 232(x0)
  18109 36f1f863  bgeu gp, a5, +880
  18110 3491f463  bgeu gp, s1, +840
  18111 3481fa63  bgeu gp, s0, +852
  18112 3471f663  bgeu gp, t2, +844
  18113 0061fc63  bgeu gp, t1, +24
c0_13_s1_4001:
  18114 06800213  addi tp, x0, 104
  18115 00452223  sw tp, 4(a0)
  18116 00000073  ecall
  18117 02053823  sd x0, 48(a0)
  18118 02053c23  sd x0, 56(a0)
c0_13_s2_4002:
  18119 06900213  addi tp, x0, 105
  18120 00452223  sw tp, 4(a0)
  18121 00000073  ecall
  18122 02053823  sd x0, 48(a0)
  18123 02053c23  sd x0, 56(a0)
c0_13_s3_4003:
  18124 06a00213  addi tp, x0, 106
  18125 00452223  sw tp, 4(a0)
  18126 00000073  ecall
  18127 02053823  sd x0, 48(a0)
  18128 02053c23  sd x0, 56(a0)
c0_13_s4_4004:
  18129 06b00213  addi tp, x0, 107
  18130 00452223  sw tp, 4(a0)
  18131 00000073  ecall
  18132 02053823  sd x0, 48(a0)
  18133 02053c23  sd x0, 56(a0)
c0_13_s5_4005:
  18134 06c00213  addi tp, x0, 108
  18135 00452223  sw tp, 4(a0)
  18136 00000073  ecall
  18137 02053823  sd x0, 48(a0)
  18138 02053c23  sd x0, 56(a0)
c0_13_s6_4006:
  18139 06d00213  addi tp, x0, 109
  18140 00452223  sw tp, 4(a0)
  18141 00000073  ecall
  18142 02053823  sd x0, 48(a0)
  18143 02053c23  sd x0, 56(a0)
c0_13_s7_4007:
  18144 06e00213  addi tp, x0, 110
  18145 00452223  sw tp, 4(a0)
  18146 43000613  addi a2, x0, 1072
  18147 00000073  ecall
  18148 02050613  addi a2, a0, 32
c0_13_next_4008:
  18149 2e00006f  jal x0, +736
rej_l0_3805:
  18150 d74ee06f  jal x0, -72332
c0_0_g4_3815:
  18151 00e1fe63  bgeu gp, a4, +28
  18152 00d1fa63  bgeu gp, a3, +20
  18153 e90ff06f  jal x0, -2416
c0_0_p2_3816:
  18154 e64ff06f  jal x0, -2460
c0_0_p3_3817:
  18155 00000013  addi x0, x0, 0
  18156 e70ff06f  jal x0, -2448
c0_0_p5_3818:
  18157 e94ff06f  jal x0, -2412
c0_0_p6_3819:
  18158 00000013  addi x0, x0, 0
  18159 ea0ff06f  jal x0, -2400
c0_0_h7_3814:
  18160 36103023  sd ra, 864(x0)
  18161 36203423  sd sp, 872(x0)
  18162 00000013  addi x0, x0, 0
  18163 ea4ff06f  jal x0, -2396
c0_1_g4_3830:
  18164 00e1fe63  bgeu gp, a4, +28
  18165 00d1fa63  bgeu gp, a3, +20
  18166 f10ff06f  jal x0, -2288
c0_1_p2_3831:
  18167 ee4ff06f  jal x0, -2332
c0_1_p3_3832:
  18168 00000013  addi x0, x0, 0
  18169 ef0ff06f  jal x0, -2320
c0_1_p5_3833:
  18170 f14ff06f  jal x0, -2284
c0_1_p6_3834:
  18171 00000013  addi x0, x0, 0
  18172 f20ff06f  jal x0, -2272
c0_1_h7_3829:
  18173 36103823  sd ra, 880(x0)
  18174 36203c23  sd sp, 888(x0)
  18175 00000013  addi x0, x0, 0
  18176 f24ff06f  jal x0, -2268
c0_2_g4_3845:
  18177 00e1fe63  bgeu gp, a4, +28
  18178 00d1fa63  bgeu gp, a3, +20
  18179 f90ff06f  jal x0, -2160
c0_2_p2_3846:
  18180 f64ff06f  jal x0, -2204
c0_2_p3_3847:
  18181 00000013  addi x0, x0, 0
  18182 f70ff06f  jal x0, -2192
c0_2_p5_3848:
  18183 f94ff06f  jal x0, -2156
c0_2_p6_3849:
  18184 00000013  addi x0, x0, 0
  18185 fa0ff06f  jal x0, -2144
c0_2_h7_3844:
  18186 38103023  sd ra, 896(x0)
  18187 38203423  sd sp, 904(x0)
  18188 00000013  addi x0, x0, 0
  18189 fa4ff06f  jal x0, -2140
c0_3_g4_3860:
  18190 00e1fe63  bgeu gp, a4, +28
  18191 00d1fa63  bgeu gp, a3, +20
  18192 811ff06f  jal x0, -2032
c0_3_p2_3861:
  18193 fe4ff06f  jal x0, -2076
c0_3_p3_3862:
  18194 00000013  addi x0, x0, 0
  18195 ff0ff06f  jal x0, -2064
c0_3_p5_3863:
  18196 815ff06f  jal x0, -2028
c0_3_p6_3864:
  18197 00000013  addi x0, x0, 0
  18198 821ff06f  jal x0, -2016
c0_3_h7_3859:
  18199 38103823  sd ra, 912(x0)
  18200 38203c23  sd sp, 920(x0)
  18201 00000013  addi x0, x0, 0
  18202 825ff06f  jal x0, -2012
c0_4_g4_3875:
  18203 00e1fe63  bgeu gp, a4, +28
  18204 00d1fa63  bgeu gp, a3, +20
  18205 891ff06f  jal x0, -1904
c0_4_p2_3876:
  18206 865ff06f  jal x0, -1948
c0_4_p3_3877:
  18207 00000013  addi x0, x0, 0
  18208 871ff06f  jal x0, -1936
c0_4_p5_3878:
  18209 895ff06f  jal x0, -1900
c0_4_p6_3879:
  18210 00000013  addi x0, x0, 0
  18211 8a1ff06f  jal x0, -1888
c0_4_h7_3874:
  18212 3a103023  sd ra, 928(x0)
  18213 3a203423  sd sp, 936(x0)
  18214 00000013  addi x0, x0, 0
  18215 8a5ff06f  jal x0, -1884
c0_5_g4_3890:
  18216 00e1fe63  bgeu gp, a4, +28
  18217 00d1fa63  bgeu gp, a3, +20
  18218 911ff06f  jal x0, -1776
c0_5_p2_3891:
  18219 8e5ff06f  jal x0, -1820
c0_5_p3_3892:
  18220 00000013  addi x0, x0, 0
  18221 8f1ff06f  jal x0, -1808
c0_5_p5_3893:
  18222 915ff06f  jal x0, -1772
c0_5_p6_3894:
  18223 00000013  addi x0, x0, 0
  18224 921ff06f  jal x0, -1760
c0_5_h7_3889:
  18225 3a103823  sd ra, 944(x0)
  18226 3a203c23  sd sp, 952(x0)
  18227 00000013  addi x0, x0, 0
  18228 925ff06f  jal x0, -1756
c0_6_g4_3905:
  18229 00e1fe63  bgeu gp, a4, +28
  18230 00d1fa63  bgeu gp, a3, +20
  18231 991ff06f  jal x0, -1648
c0_6_p2_3906:
  18232 965ff06f  jal x0, -1692
c0_6_p3_3907:
  18233 00000013  addi x0, x0, 0
  18234 971ff06f  jal x0, -1680
c0_6_p5_3908:
  18235 995ff06f  jal x0, -1644
c0_6_p6_3909:
  18236 00000013  addi x0, x0, 0
  18237 9a1ff06f  jal x0, -1632
c0_6_h7_3904:
  18238 3c103023  sd ra, 960(x0)
  18239 3c203423  sd sp, 968(x0)
  18240 00000013  addi x0, x0, 0
  18241 9a5ff06f  jal x0, -1628
c0_7_g4_3920:
  18242 00e1fe63  bgeu gp, a4, +28
  18243 00d1fa63  bgeu gp, a3, +20
  18244 a11ff06f  jal x0, -1520
c0_7_p2_3921:
  18245 9e5ff06f  jal x0, -1564
c0_7_p3_3922:
  18246 00000013  addi x0, x0, 0
  18247 9f1ff06f  jal x0, -1552
c0_7_p5_3923:
  18248 a15ff06f  jal x0, -1516
c0_7_p6_3924:
  18249 00000013  addi x0, x0, 0
  18250 a21ff06f  jal x0, -1504
c0_7_h7_3919:
  18251 3c103823  sd ra, 976(x0)
  18252 3c203c23  sd sp, 984(x0)
  18253 00000013  addi x0, x0, 0
  18254 a25ff06f  jal x0, -1500
c0_8_g4_3935:
  18255 00e1fe63  bgeu gp, a4, +28
  18256 00d1fa63  bgeu gp, a3, +20
  18257 a91ff06f  jal x0, -1392
c0_8_p2_3936:
  18258 a65ff06f  jal x0, -1436
c0_8_p3_3937:
  18259 00000013  addi x0, x0, 0
  18260 a71ff06f  jal x0, -1424
c0_8_p5_3938:
  18261 a95ff06f  jal x0, -1388
c0_8_p6_3939:
  18262 00000013  addi x0, x0, 0
  18263 aa1ff06f  jal x0, -1376
c0_8_h7_3934:
  18264 3e103023  sd ra, 992(x0)
  18265 3e203423  sd sp, 1000(x0)
  18266 00000013  addi x0, x0, 0
  18267 aa5ff06f  jal x0, -1372
c0_9_g4_3950:
  18268 00e1fe63  bgeu gp, a4, +28
  18269 00d1fa63  bgeu gp, a3, +20
  18270 b11ff06f  jal x0, -1264
c0_9_p2_3951:
  18271 ae5ff06f  jal x0, -1308
c0_9_p3_3952:
  18272 00000013  addi x0, x0, 0
  18273 af1ff06f  jal x0, -1296
c0_9_p5_3953:
  18274 b15ff06f  jal x0, -1260
c0_9_p6_3954:
  18275 00000013  addi x0, x0, 0
  18276 b21ff06f  jal x0, -1248
c0_9_h7_3949:
  18277 3e103823  sd ra, 1008(x0)
  18278 3e203c23  sd sp, 1016(x0)
  18279 00000013  addi x0, x0, 0
  18280 b25ff06f  jal x0, -1244
c0_10_g4_3965:
  18281 00e1fe63  bgeu gp, a4, +28
  18282 00d1fa63  bgeu gp, a3, +20
  18283 b91ff06f  jal x0, -1136
c0_10_p2_3966:
  18284 b65ff06f  jal x0, -1180
c0_10_p3_3967:
  18285 00000013  addi x0, x0, 0
  18286 b71ff06f  jal x0, -1168
c0_10_p5_3968:
  18287 b95ff06f  jal x0, -1132
c0_10_p6_3969:
  18288 00000013  addi x0, x0, 0
  18289 ba1ff06f  jal x0, -1120
c0_10_h7_3964:
  18290 40103023  sd ra, 1024(x0)
  18291 40203423  sd sp, 1032(x0)
  18292 00000013  addi x0, x0, 0
  18293 ba5ff06f  jal x0, -1116
c0_11_g4_3980:
  18294 00e1fe63  bgeu gp, a4, +28
  18295 00d1fa63  bgeu gp, a3, +20
  18296 c11ff06f  jal x0, -1008
c0_11_p2_3981:
  18297 be5ff06f  jal x0, -1052
c0_11_p3_3982:
  18298 00000013  addi x0, x0, 0
  18299 bf1ff06f  jal x0, -1040
c0_11_p5_3983:
  18300 c15ff06f  jal x0, -1004
c0_11_p6_3984:
  18301 00000013  addi x0, x0, 0
  18302 c21ff06f  jal x0, -992
c0_11_h7_3979:
  18303 40103823  sd ra, 1040(x0)
  18304 40203c23  sd sp, 1048(x0)
  18305 00000013  addi x0, x0, 0
  18306 c25ff06f  jal x0, -988
c0_12_g4_3995:
  18307 00e1fe63  bgeu gp, a4, +28
  18308 00d1fa63  bgeu gp, a3, +20
  18309 c91ff06f  jal x0, -880
c0_12_p2_3996:
  18310 c65ff06f  jal x0, -924
c0_12_p3_3997:
  18311 00000013  addi x0, x0, 0
  18312 c71ff06f  jal x0, -912
c0_12_p5_3998:
  18313 c95ff06f  jal x0, -876
c0_12_p6_3999:
  18314 00000013  addi x0, x0, 0
  18315 ca1ff06f  jal x0, -864
c0_12_h7_3994:
  18316 42103023  sd ra, 1056(x0)
  18317 42203423  sd sp, 1064(x0)
  18318 00000013  addi x0, x0, 0
  18319 ca5ff06f  jal x0, -860
c0_13_g4_4010:
  18320 00e1fe63  bgeu gp, a4, +28
  18321 00d1fa63  bgeu gp, a3, +20
  18322 d11ff06f  jal x0, -752
c0_13_p2_4011:
  18323 ce5ff06f  jal x0, -796
c0_13_p3_4012:
  18324 00000013  addi x0, x0, 0
  18325 cf1ff06f  jal x0, -784
c0_13_p5_4013:
  18326 d15ff06f  jal x0, -748
c0_13_p6_4014:
  18327 00000013  addi x0, x0, 0
  18328 d21ff06f  jal x0, -736
c0_13_h7_4009:
  18329 42103823  sd ra, 1072(x0)
  18330 42203c23  sd sp, 1080(x0)
  18331 00000013  addi x0, x0, 0
  18332 d25ff06f  jal x0, -732
        ; chain lay=0 i=14
l0_after0_4016:
c0_14_4031:
  18333 01381193  slli gp, a6, 19
  18334 2909b083  ld ra, 656(s3)
  18335 2989b103  ld sp, 664(s3)
  18336 0e103023  sd ra, 224(x0)
  18337 0e203423  sd sp, 232(x0)
  18338 1ef1f6e3  bgeu gp, a5, +2540
  18339 1c91f2e3  bgeu gp, s1, +2500
  18340 1c81f8e3  bgeu gp, s0, +2512
  18341 1c71f4e3  bgeu gp, t2, +2504
  18342 0061fc63  bgeu gp, t1, +24
c0_14_s1_4017:
  18343 07000213  addi tp, x0, 112
  18344 00452223  sw tp, 4(a0)
  18345 00000073  ecall
  18346 02053823  sd x0, 48(a0)
  18347 02053c23  sd x0, 56(a0)
c0_14_s2_4018:
  18348 07100213  addi tp, x0, 113
  18349 00452223  sw tp, 4(a0)
  18350 00000073  ecall
  18351 02053823  sd x0, 48(a0)
  18352 02053c23  sd x0, 56(a0)
c0_14_s3_4019:
  18353 07200213  addi tp, x0, 114
  18354 00452223  sw tp, 4(a0)
  18355 00000073  ecall
  18356 02053823  sd x0, 48(a0)
  18357 02053c23  sd x0, 56(a0)
c0_14_s4_4020:
  18358 07300213  addi tp, x0, 115
  18359 00452223  sw tp, 4(a0)
  18360 00000073  ecall
  18361 02053823  sd x0, 48(a0)
  18362 02053c23  sd x0, 56(a0)
c0_14_s5_4021:
  18363 07400213  addi tp, x0, 116
  18364 00452223  sw tp, 4(a0)
  18365 00000073  ecall
  18366 02053823  sd x0, 48(a0)
  18367 02053c23  sd x0, 56(a0)
c0_14_s6_4022:
  18368 07500213  addi tp, x0, 117
  18369 00452223  sw tp, 4(a0)
  18370 00000073  ecall
  18371 02053823  sd x0, 48(a0)
  18372 02053c23  sd x0, 56(a0)
c0_14_s7_4023:
  18373 07600213  addi tp, x0, 118
  18374 00452223  sw tp, 4(a0)
  18375 44000613  addi a2, x0, 1088
  18376 00000073  ecall
  18377 02050613  addi a2, a0, 32
        ; chain lay=0 i=15
c0_14_next_4024:
c0_15_4046:
  18378 01081193  slli gp, a6, 16
  18379 2a09b083  ld ra, 672(s3)
  18380 2a89b103  ld sp, 680(s3)
  18381 0e103023  sd ra, 224(x0)
  18382 0e203423  sd sp, 232(x0)
  18383 16f1f6e3  bgeu gp, a5, +2412
  18384 1491f2e3  bgeu gp, s1, +2372
  18385 1481f8e3  bgeu gp, s0, +2384
  18386 1471f4e3  bgeu gp, t2, +2376
  18387 0061fc63  bgeu gp, t1, +24
c0_15_s1_4032:
  18388 07800213  addi tp, x0, 120
  18389 00452223  sw tp, 4(a0)
  18390 00000073  ecall
  18391 02053823  sd x0, 48(a0)
  18392 02053c23  sd x0, 56(a0)
c0_15_s2_4033:
  18393 07900213  addi tp, x0, 121
  18394 00452223  sw tp, 4(a0)
  18395 00000073  ecall
  18396 02053823  sd x0, 48(a0)
  18397 02053c23  sd x0, 56(a0)
c0_15_s3_4034:
  18398 07a00213  addi tp, x0, 122
  18399 00452223  sw tp, 4(a0)
  18400 00000073  ecall
  18401 02053823  sd x0, 48(a0)
  18402 02053c23  sd x0, 56(a0)
c0_15_s4_4035:
  18403 07b00213  addi tp, x0, 123
  18404 00452223  sw tp, 4(a0)
  18405 00000073  ecall
  18406 02053823  sd x0, 48(a0)
  18407 02053c23  sd x0, 56(a0)
c0_15_s5_4036:
  18408 07c00213  addi tp, x0, 124
  18409 00452223  sw tp, 4(a0)
  18410 00000073  ecall
  18411 02053823  sd x0, 48(a0)
  18412 02053c23  sd x0, 56(a0)
c0_15_s6_4037:
  18413 07d00213  addi tp, x0, 125
  18414 00452223  sw tp, 4(a0)
  18415 00000073  ecall
  18416 02053823  sd x0, 48(a0)
  18417 02053c23  sd x0, 56(a0)
c0_15_s7_4038:
  18418 07e00213  addi tp, x0, 126
  18419 00452223  sw tp, 4(a0)
  18420 45000613  addi a2, x0, 1104
  18421 00000073  ecall
  18422 02050613  addi a2, a0, 32
        ; chain lay=0 i=16
c0_15_next_4039:
c0_16_4061:
  18423 00d81193  slli gp, a6, 13
  18424 2b09b083  ld ra, 688(s3)
  18425 2b89b103  ld sp, 696(s3)
  18426 0e103023  sd ra, 224(x0)
  18427 0e203423  sd sp, 232(x0)
  18428 0ef1f6e3  bgeu gp, a5, +2284
  18429 0c91f2e3  bgeu gp, s1, +2244
  18430 0c81f8e3  bgeu gp, s0, +2256
  18431 0c71f4e3  bgeu gp, t2, +2248
  18432 0061fc63  bgeu gp, t1, +24
c0_16_s1_4047:
  18433 08000213  addi tp, x0, 128
  18434 00452223  sw tp, 4(a0)
  18435 00000073  ecall
  18436 02053823  sd x0, 48(a0)
  18437 02053c23  sd x0, 56(a0)
c0_16_s2_4048:
  18438 08100213  addi tp, x0, 129
  18439 00452223  sw tp, 4(a0)
  18440 00000073  ecall
  18441 02053823  sd x0, 48(a0)
  18442 02053c23  sd x0, 56(a0)
c0_16_s3_4049:
  18443 08200213  addi tp, x0, 130
  18444 00452223  sw tp, 4(a0)
  18445 00000073  ecall
  18446 02053823  sd x0, 48(a0)
  18447 02053c23  sd x0, 56(a0)
c0_16_s4_4050:
  18448 08300213  addi tp, x0, 131
  18449 00452223  sw tp, 4(a0)
  18450 00000073  ecall
  18451 02053823  sd x0, 48(a0)
  18452 02053c23  sd x0, 56(a0)
c0_16_s5_4051:
  18453 08400213  addi tp, x0, 132
  18454 00452223  sw tp, 4(a0)
  18455 00000073  ecall
  18456 02053823  sd x0, 48(a0)
  18457 02053c23  sd x0, 56(a0)
c0_16_s6_4052:
  18458 08500213  addi tp, x0, 133
  18459 00452223  sw tp, 4(a0)
  18460 00000073  ecall
  18461 02053823  sd x0, 48(a0)
  18462 02053c23  sd x0, 56(a0)
c0_16_s7_4053:
  18463 08600213  addi tp, x0, 134
  18464 00452223  sw tp, 4(a0)
  18465 46000613  addi a2, x0, 1120
  18466 00000073  ecall
  18467 02050613  addi a2, a0, 32
        ; chain lay=0 i=17
c0_16_next_4054:
c0_17_4076:
  18468 00a81193  slli gp, a6, 10
  18469 2c09b083  ld ra, 704(s3)
  18470 2c89b103  ld sp, 712(s3)
  18471 0e103023  sd ra, 224(x0)
  18472 0e203423  sd sp, 232(x0)
  18473 06f1f6e3  bgeu gp, a5, +2156
  18474 0491f2e3  bgeu gp, s1, +2116
  18475 0481f8e3  bgeu gp, s0, +2128
  18476 0471f4e3  bgeu gp, t2, +2120
  18477 0061fc63  bgeu gp, t1, +24
c0_17_s1_4062:
  18478 08800213  addi tp, x0, 136
  18479 00452223  sw tp, 4(a0)
  18480 00000073  ecall
  18481 02053823  sd x0, 48(a0)
  18482 02053c23  sd x0, 56(a0)
c0_17_s2_4063:
  18483 08900213  addi tp, x0, 137
  18484 00452223  sw tp, 4(a0)
  18485 00000073  ecall
  18486 02053823  sd x0, 48(a0)
  18487 02053c23  sd x0, 56(a0)
c0_17_s3_4064:
  18488 08a00213  addi tp, x0, 138
  18489 00452223  sw tp, 4(a0)
  18490 00000073  ecall
  18491 02053823  sd x0, 48(a0)
  18492 02053c23  sd x0, 56(a0)
c0_17_s4_4065:
  18493 08b00213  addi tp, x0, 139
  18494 00452223  sw tp, 4(a0)
  18495 00000073  ecall
  18496 02053823  sd x0, 48(a0)
  18497 02053c23  sd x0, 56(a0)
c0_17_s5_4066:
  18498 08c00213  addi tp, x0, 140
  18499 00452223  sw tp, 4(a0)
  18500 00000073  ecall
  18501 02053823  sd x0, 48(a0)
  18502 02053c23  sd x0, 56(a0)
c0_17_s6_4067:
  18503 08d00213  addi tp, x0, 141
  18504 00452223  sw tp, 4(a0)
  18505 00000073  ecall
  18506 02053823  sd x0, 48(a0)
  18507 02053c23  sd x0, 56(a0)
c0_17_s7_4068:
  18508 08e00213  addi tp, x0, 142
  18509 00452223  sw tp, 4(a0)
  18510 47000613  addi a2, x0, 1136
  18511 00000073  ecall
  18512 02050613  addi a2, a0, 32
        ; chain lay=0 i=18
c0_17_next_4069:
c0_18_4091:
  18513 00781193  slli gp, a6, 7
  18514 2d09b083  ld ra, 720(s3)
  18515 2d89b103  ld sp, 728(s3)
  18516 0e103023  sd ra, 224(x0)
  18517 0e203423  sd sp, 232(x0)
  18518 7ef1f663  bgeu gp, a5, +2028
  18519 7c91f263  bgeu gp, s1, +1988
  18520 7c81f863  bgeu gp, s0, +2000
  18521 7c71f463  bgeu gp, t2, +1992
  18522 0061fc63  bgeu gp, t1, +24
c0_18_s1_4077:
  18523 09000213  addi tp, x0, 144
  18524 00452223  sw tp, 4(a0)
  18525 00000073  ecall
  18526 02053823  sd x0, 48(a0)
  18527 02053c23  sd x0, 56(a0)
c0_18_s2_4078:
  18528 09100213  addi tp, x0, 145
  18529 00452223  sw tp, 4(a0)
  18530 00000073  ecall
  18531 02053823  sd x0, 48(a0)
  18532 02053c23  sd x0, 56(a0)
c0_18_s3_4079:
  18533 09200213  addi tp, x0, 146
  18534 00452223  sw tp, 4(a0)
  18535 00000073  ecall
  18536 02053823  sd x0, 48(a0)
  18537 02053c23  sd x0, 56(a0)
c0_18_s4_4080:
  18538 09300213  addi tp, x0, 147
  18539 00452223  sw tp, 4(a0)
  18540 00000073  ecall
  18541 02053823  sd x0, 48(a0)
  18542 02053c23  sd x0, 56(a0)
c0_18_s5_4081:
  18543 09400213  addi tp, x0, 148
  18544 00452223  sw tp, 4(a0)
  18545 00000073  ecall
  18546 02053823  sd x0, 48(a0)
  18547 02053c23  sd x0, 56(a0)
c0_18_s6_4082:
  18548 09500213  addi tp, x0, 149
  18549 00452223  sw tp, 4(a0)
  18550 00000073  ecall
  18551 02053823  sd x0, 48(a0)
  18552 02053c23  sd x0, 56(a0)
c0_18_s7_4083:
  18553 09600213  addi tp, x0, 150
  18554 00452223  sw tp, 4(a0)
  18555 48000613  addi a2, x0, 1152
  18556 00000073  ecall
  18557 02050613  addi a2, a0, 32
        ; chain lay=0 i=19
c0_18_next_4084:
c0_19_4106:
  18558 00481193  slli gp, a6, 4
  18559 2e09b083  ld ra, 736(s3)
  18560 2e89b103  ld sp, 744(s3)
  18561 0e103023  sd ra, 224(x0)
  18562 0e203423  sd sp, 232(x0)
  18563 76f1f663  bgeu gp, a5, +1900
  18564 7491f263  bgeu gp, s1, +1860
  18565 7481f863  bgeu gp, s0, +1872
  18566 7471f463  bgeu gp, t2, +1864
  18567 0061fc63  bgeu gp, t1, +24
c0_19_s1_4092:
  18568 09800213  addi tp, x0, 152
  18569 00452223  sw tp, 4(a0)
  18570 00000073  ecall
  18571 02053823  sd x0, 48(a0)
  18572 02053c23  sd x0, 56(a0)
c0_19_s2_4093:
  18573 09900213  addi tp, x0, 153
  18574 00452223  sw tp, 4(a0)
  18575 00000073  ecall
  18576 02053823  sd x0, 48(a0)
  18577 02053c23  sd x0, 56(a0)
c0_19_s3_4094:
  18578 09a00213  addi tp, x0, 154
  18579 00452223  sw tp, 4(a0)
  18580 00000073  ecall
  18581 02053823  sd x0, 48(a0)
  18582 02053c23  sd x0, 56(a0)
c0_19_s4_4095:
  18583 09b00213  addi tp, x0, 155
  18584 00452223  sw tp, 4(a0)
  18585 00000073  ecall
  18586 02053823  sd x0, 48(a0)
  18587 02053c23  sd x0, 56(a0)
c0_19_s5_4096:
  18588 09c00213  addi tp, x0, 156
  18589 00452223  sw tp, 4(a0)
  18590 00000073  ecall
  18591 02053823  sd x0, 48(a0)
  18592 02053c23  sd x0, 56(a0)
c0_19_s6_4097:
  18593 09d00213  addi tp, x0, 157
  18594 00452223  sw tp, 4(a0)
  18595 00000073  ecall
  18596 02053823  sd x0, 48(a0)
  18597 02053c23  sd x0, 56(a0)
c0_19_s7_4098:
  18598 09e00213  addi tp, x0, 158
  18599 00452223  sw tp, 4(a0)
  18600 49000613  addi a2, x0, 1168
  18601 00000073  ecall
  18602 02050613  addi a2, a0, 32
        ; chain lay=0 i=20
c0_19_next_4099:
c0_20_4121:
  18603 00181193  slli gp, a6, 1
  18604 2f09b083  ld ra, 752(s3)
  18605 2f89b103  ld sp, 760(s3)
  18606 0e103023  sd ra, 224(x0)
  18607 0e203423  sd sp, 232(x0)
  18608 6ef1f663  bgeu gp, a5, +1772
  18609 6c91f263  bgeu gp, s1, +1732
  18610 6c81f863  bgeu gp, s0, +1744
  18611 6c71f463  bgeu gp, t2, +1736
  18612 0061fc63  bgeu gp, t1, +24
c0_20_s1_4107:
  18613 0a000213  addi tp, x0, 160
  18614 00452223  sw tp, 4(a0)
  18615 00000073  ecall
  18616 02053823  sd x0, 48(a0)
  18617 02053c23  sd x0, 56(a0)
c0_20_s2_4108:
  18618 0a100213  addi tp, x0, 161
  18619 00452223  sw tp, 4(a0)
  18620 00000073  ecall
  18621 02053823  sd x0, 48(a0)
  18622 02053c23  sd x0, 56(a0)
c0_20_s3_4109:
  18623 0a200213  addi tp, x0, 162
  18624 00452223  sw tp, 4(a0)
  18625 00000073  ecall
  18626 02053823  sd x0, 48(a0)
  18627 02053c23  sd x0, 56(a0)
c0_20_s4_4110:
  18628 0a300213  addi tp, x0, 163
  18629 00452223  sw tp, 4(a0)
  18630 00000073  ecall
  18631 02053823  sd x0, 48(a0)
  18632 02053c23  sd x0, 56(a0)
c0_20_s5_4111:
  18633 0a400213  addi tp, x0, 164
  18634 00452223  sw tp, 4(a0)
  18635 00000073  ecall
  18636 02053823  sd x0, 48(a0)
  18637 02053c23  sd x0, 56(a0)
c0_20_s6_4112:
  18638 0a500213  addi tp, x0, 165
  18639 00452223  sw tp, 4(a0)
  18640 00000073  ecall
  18641 02053823  sd x0, 48(a0)
  18642 02053c23  sd x0, 56(a0)
c0_20_s7_4113:
  18643 0a600213  addi tp, x0, 166
  18644 00452223  sw tp, 4(a0)
  18645 4a000613  addi a2, x0, 1184
  18646 00000073  ecall
  18647 02050613  addi a2, a0, 32
        ; chain lay=0 i=21
c0_20_next_4114:
c0_21_4136:
  18648 03d89193  slli gp, a7, 61
  18649 3009b083  ld ra, 768(s3)
  18650 3089b103  ld sp, 776(s3)
  18651 0e103023  sd ra, 224(x0)
  18652 0e203423  sd sp, 232(x0)
  18653 66f1f663  bgeu gp, a5, +1644
  18654 6491f263  bgeu gp, s1, +1604
  18655 6481f863  bgeu gp, s0, +1616
  18656 6471f463  bgeu gp, t2, +1608
  18657 0061fc63  bgeu gp, t1, +24
c0_21_s1_4122:
  18658 0a800213  addi tp, x0, 168
  18659 00452223  sw tp, 4(a0)
  18660 00000073  ecall
  18661 02053823  sd x0, 48(a0)
  18662 02053c23  sd x0, 56(a0)
c0_21_s2_4123:
  18663 0a900213  addi tp, x0, 169
  18664 00452223  sw tp, 4(a0)
  18665 00000073  ecall
  18666 02053823  sd x0, 48(a0)
  18667 02053c23  sd x0, 56(a0)
c0_21_s3_4124:
  18668 0aa00213  addi tp, x0, 170
  18669 00452223  sw tp, 4(a0)
  18670 00000073  ecall
  18671 02053823  sd x0, 48(a0)
  18672 02053c23  sd x0, 56(a0)
c0_21_s4_4125:
  18673 0ab00213  addi tp, x0, 171
  18674 00452223  sw tp, 4(a0)
  18675 00000073  ecall
  18676 02053823  sd x0, 48(a0)
  18677 02053c23  sd x0, 56(a0)
c0_21_s5_4126:
  18678 0ac00213  addi tp, x0, 172
  18679 00452223  sw tp, 4(a0)
  18680 00000073  ecall
  18681 02053823  sd x0, 48(a0)
  18682 02053c23  sd x0, 56(a0)
c0_21_s6_4127:
  18683 0ad00213  addi tp, x0, 173
  18684 00452223  sw tp, 4(a0)
  18685 00000073  ecall
  18686 02053823  sd x0, 48(a0)
  18687 02053c23  sd x0, 56(a0)
c0_21_s7_4128:
  18688 0ae00213  addi tp, x0, 174
  18689 00452223  sw tp, 4(a0)
  18690 4b000613  addi a2, x0, 1200
  18691 00000073  ecall
  18692 02050613  addi a2, a0, 32
        ; chain lay=0 i=22
c0_21_next_4129:
c0_22_4151:
  18693 03a89193  slli gp, a7, 58
  18694 3109b083  ld ra, 784(s3)
  18695 3189b103  ld sp, 792(s3)
  18696 0e103023  sd ra, 224(x0)
  18697 0e203423  sd sp, 232(x0)
  18698 5ef1f663  bgeu gp, a5, +1516
  18699 5c91f263  bgeu gp, s1, +1476
  18700 5c81f863  bgeu gp, s0, +1488
  18701 5c71f463  bgeu gp, t2, +1480
  18702 0061fc63  bgeu gp, t1, +24
c0_22_s1_4137:
  18703 0b000213  addi tp, x0, 176
  18704 00452223  sw tp, 4(a0)
  18705 00000073  ecall
  18706 02053823  sd x0, 48(a0)
  18707 02053c23  sd x0, 56(a0)
c0_22_s2_4138:
  18708 0b100213  addi tp, x0, 177
  18709 00452223  sw tp, 4(a0)
  18710 00000073  ecall
  18711 02053823  sd x0, 48(a0)
  18712 02053c23  sd x0, 56(a0)
c0_22_s3_4139:
  18713 0b200213  addi tp, x0, 178
  18714 00452223  sw tp, 4(a0)
  18715 00000073  ecall
  18716 02053823  sd x0, 48(a0)
  18717 02053c23  sd x0, 56(a0)
c0_22_s4_4140:
  18718 0b300213  addi tp, x0, 179
  18719 00452223  sw tp, 4(a0)
  18720 00000073  ecall
  18721 02053823  sd x0, 48(a0)
  18722 02053c23  sd x0, 56(a0)
c0_22_s5_4141:
  18723 0b400213  addi tp, x0, 180
  18724 00452223  sw tp, 4(a0)
  18725 00000073  ecall
  18726 02053823  sd x0, 48(a0)
  18727 02053c23  sd x0, 56(a0)
c0_22_s6_4142:
  18728 0b500213  addi tp, x0, 181
  18729 00452223  sw tp, 4(a0)
  18730 00000073  ecall
  18731 02053823  sd x0, 48(a0)
  18732 02053c23  sd x0, 56(a0)
c0_22_s7_4143:
  18733 0b600213  addi tp, x0, 182
  18734 00452223  sw tp, 4(a0)
  18735 4c000613  addi a2, x0, 1216
  18736 00000073  ecall
  18737 02050613  addi a2, a0, 32
        ; chain lay=0 i=23
c0_22_next_4144:
c0_23_4166:
  18738 03789193  slli gp, a7, 55
  18739 3209b083  ld ra, 800(s3)
  18740 3289b103  ld sp, 808(s3)
  18741 0e103023  sd ra, 224(x0)
  18742 0e203423  sd sp, 232(x0)
  18743 56f1f663  bgeu gp, a5, +1388
  18744 5491f263  bgeu gp, s1, +1348
  18745 5481f863  bgeu gp, s0, +1360
  18746 5471f463  bgeu gp, t2, +1352
  18747 0061fc63  bgeu gp, t1, +24
c0_23_s1_4152:
  18748 0b800213  addi tp, x0, 184
  18749 00452223  sw tp, 4(a0)
  18750 00000073  ecall
  18751 02053823  sd x0, 48(a0)
  18752 02053c23  sd x0, 56(a0)
c0_23_s2_4153:
  18753 0b900213  addi tp, x0, 185
  18754 00452223  sw tp, 4(a0)
  18755 00000073  ecall
  18756 02053823  sd x0, 48(a0)
  18757 02053c23  sd x0, 56(a0)
c0_23_s3_4154:
  18758 0ba00213  addi tp, x0, 186
  18759 00452223  sw tp, 4(a0)
  18760 00000073  ecall
  18761 02053823  sd x0, 48(a0)
  18762 02053c23  sd x0, 56(a0)
c0_23_s4_4155:
  18763 0bb00213  addi tp, x0, 187
  18764 00452223  sw tp, 4(a0)
  18765 00000073  ecall
  18766 02053823  sd x0, 48(a0)
  18767 02053c23  sd x0, 56(a0)
c0_23_s5_4156:
  18768 0bc00213  addi tp, x0, 188
  18769 00452223  sw tp, 4(a0)
  18770 00000073  ecall
  18771 02053823  sd x0, 48(a0)
  18772 02053c23  sd x0, 56(a0)
c0_23_s6_4157:
  18773 0bd00213  addi tp, x0, 189
  18774 00452223  sw tp, 4(a0)
  18775 00000073  ecall
  18776 02053823  sd x0, 48(a0)
  18777 02053c23  sd x0, 56(a0)
c0_23_s7_4158:
  18778 0be00213  addi tp, x0, 190
  18779 00452223  sw tp, 4(a0)
  18780 4d000613  addi a2, x0, 1232
  18781 00000073  ecall
  18782 02050613  addi a2, a0, 32
        ; chain lay=0 i=24
c0_23_next_4159:
c0_24_4181:
  18783 03489193  slli gp, a7, 52
  18784 3309b083  ld ra, 816(s3)
  18785 3389b103  ld sp, 824(s3)
  18786 0e103023  sd ra, 224(x0)
  18787 0e203423  sd sp, 232(x0)
  18788 4ef1f663  bgeu gp, a5, +1260
  18789 4c91f263  bgeu gp, s1, +1220
  18790 4c81f863  bgeu gp, s0, +1232
  18791 4c71f463  bgeu gp, t2, +1224
  18792 0061fc63  bgeu gp, t1, +24
c0_24_s1_4167:
  18793 0c000213  addi tp, x0, 192
  18794 00452223  sw tp, 4(a0)
  18795 00000073  ecall
  18796 02053823  sd x0, 48(a0)
  18797 02053c23  sd x0, 56(a0)
c0_24_s2_4168:
  18798 0c100213  addi tp, x0, 193
  18799 00452223  sw tp, 4(a0)
  18800 00000073  ecall
  18801 02053823  sd x0, 48(a0)
  18802 02053c23  sd x0, 56(a0)
c0_24_s3_4169:
  18803 0c200213  addi tp, x0, 194
  18804 00452223  sw tp, 4(a0)
  18805 00000073  ecall
  18806 02053823  sd x0, 48(a0)
  18807 02053c23  sd x0, 56(a0)
c0_24_s4_4170:
  18808 0c300213  addi tp, x0, 195
  18809 00452223  sw tp, 4(a0)
  18810 00000073  ecall
  18811 02053823  sd x0, 48(a0)
  18812 02053c23  sd x0, 56(a0)
c0_24_s5_4171:
  18813 0c400213  addi tp, x0, 196
  18814 00452223  sw tp, 4(a0)
  18815 00000073  ecall
  18816 02053823  sd x0, 48(a0)
  18817 02053c23  sd x0, 56(a0)
c0_24_s6_4172:
  18818 0c500213  addi tp, x0, 197
  18819 00452223  sw tp, 4(a0)
  18820 00000073  ecall
  18821 02053823  sd x0, 48(a0)
  18822 02053c23  sd x0, 56(a0)
c0_24_s7_4173:
  18823 0c600213  addi tp, x0, 198
  18824 00452223  sw tp, 4(a0)
  18825 4e000613  addi a2, x0, 1248
  18826 00000073  ecall
  18827 02050613  addi a2, a0, 32
        ; chain lay=0 i=25
c0_24_next_4174:
c0_25_4196:
  18828 03189193  slli gp, a7, 49
  18829 3409b083  ld ra, 832(s3)
  18830 3489b103  ld sp, 840(s3)
  18831 0e103023  sd ra, 224(x0)
  18832 0e203423  sd sp, 232(x0)
  18833 46f1f663  bgeu gp, a5, +1132
  18834 4491f263  bgeu gp, s1, +1092
  18835 4481f863  bgeu gp, s0, +1104
  18836 4471f463  bgeu gp, t2, +1096
  18837 0061fc63  bgeu gp, t1, +24
c0_25_s1_4182:
  18838 0c800213  addi tp, x0, 200
  18839 00452223  sw tp, 4(a0)
  18840 00000073  ecall
  18841 02053823  sd x0, 48(a0)
  18842 02053c23  sd x0, 56(a0)
c0_25_s2_4183:
  18843 0c900213  addi tp, x0, 201
  18844 00452223  sw tp, 4(a0)
  18845 00000073  ecall
  18846 02053823  sd x0, 48(a0)
  18847 02053c23  sd x0, 56(a0)
c0_25_s3_4184:
  18848 0ca00213  addi tp, x0, 202
  18849 00452223  sw tp, 4(a0)
  18850 00000073  ecall
  18851 02053823  sd x0, 48(a0)
  18852 02053c23  sd x0, 56(a0)
c0_25_s4_4185:
  18853 0cb00213  addi tp, x0, 203
  18854 00452223  sw tp, 4(a0)
  18855 00000073  ecall
  18856 02053823  sd x0, 48(a0)
  18857 02053c23  sd x0, 56(a0)
c0_25_s5_4186:
  18858 0cc00213  addi tp, x0, 204
  18859 00452223  sw tp, 4(a0)
  18860 00000073  ecall
  18861 02053823  sd x0, 48(a0)
  18862 02053c23  sd x0, 56(a0)
c0_25_s6_4187:
  18863 0cd00213  addi tp, x0, 205
  18864 00452223  sw tp, 4(a0)
  18865 00000073  ecall
  18866 02053823  sd x0, 48(a0)
  18867 02053c23  sd x0, 56(a0)
c0_25_s7_4188:
  18868 0ce00213  addi tp, x0, 206
  18869 00452223  sw tp, 4(a0)
  18870 4f000613  addi a2, x0, 1264
  18871 00000073  ecall
  18872 02050613  addi a2, a0, 32
        ; chain lay=0 i=26
c0_25_next_4189:
c0_26_4211:
  18873 02e89193  slli gp, a7, 46
  18874 3509b083  ld ra, 848(s3)
  18875 3589b103  ld sp, 856(s3)
  18876 0e103023  sd ra, 224(x0)
  18877 0e203423  sd sp, 232(x0)
  18878 3ef1f663  bgeu gp, a5, +1004
  18879 3c91f263  bgeu gp, s1, +964
  18880 3c81f863  bgeu gp, s0, +976
  18881 3c71f463  bgeu gp, t2, +968
  18882 0061fc63  bgeu gp, t1, +24
c0_26_s1_4197:
  18883 0d000213  addi tp, x0, 208
  18884 00452223  sw tp, 4(a0)
  18885 00000073  ecall
  18886 02053823  sd x0, 48(a0)
  18887 02053c23  sd x0, 56(a0)
c0_26_s2_4198:
  18888 0d100213  addi tp, x0, 209
  18889 00452223  sw tp, 4(a0)
  18890 00000073  ecall
  18891 02053823  sd x0, 48(a0)
  18892 02053c23  sd x0, 56(a0)
c0_26_s3_4199:
  18893 0d200213  addi tp, x0, 210
  18894 00452223  sw tp, 4(a0)
  18895 00000073  ecall
  18896 02053823  sd x0, 48(a0)
  18897 02053c23  sd x0, 56(a0)
c0_26_s4_4200:
  18898 0d300213  addi tp, x0, 211
  18899 00452223  sw tp, 4(a0)
  18900 00000073  ecall
  18901 02053823  sd x0, 48(a0)
  18902 02053c23  sd x0, 56(a0)
c0_26_s5_4201:
  18903 0d400213  addi tp, x0, 212
  18904 00452223  sw tp, 4(a0)
  18905 00000073  ecall
  18906 02053823  sd x0, 48(a0)
  18907 02053c23  sd x0, 56(a0)
c0_26_s6_4202:
  18908 0d500213  addi tp, x0, 213
  18909 00452223  sw tp, 4(a0)
  18910 00000073  ecall
  18911 02053823  sd x0, 48(a0)
  18912 02053c23  sd x0, 56(a0)
c0_26_s7_4203:
  18913 0d600213  addi tp, x0, 214
  18914 00452223  sw tp, 4(a0)
  18915 50000613  addi a2, x0, 1280
  18916 00000073  ecall
  18917 02050613  addi a2, a0, 32
        ; chain lay=0 i=27
c0_26_next_4204:
c0_27_4226:
  18918 02b89193  slli gp, a7, 43
  18919 3609b083  ld ra, 864(s3)
  18920 3689b103  ld sp, 872(s3)
  18921 0e103023  sd ra, 224(x0)
  18922 0e203423  sd sp, 232(x0)
  18923 36f1f663  bgeu gp, a5, +876
  18924 3491f263  bgeu gp, s1, +836
  18925 3481f863  bgeu gp, s0, +848
  18926 3471f463  bgeu gp, t2, +840
  18927 0061fc63  bgeu gp, t1, +24
c0_27_s1_4212:
  18928 0d800213  addi tp, x0, 216
  18929 00452223  sw tp, 4(a0)
  18930 00000073  ecall
  18931 02053823  sd x0, 48(a0)
  18932 02053c23  sd x0, 56(a0)
c0_27_s2_4213:
  18933 0d900213  addi tp, x0, 217
  18934 00452223  sw tp, 4(a0)
  18935 00000073  ecall
  18936 02053823  sd x0, 48(a0)
  18937 02053c23  sd x0, 56(a0)
c0_27_s3_4214:
  18938 0da00213  addi tp, x0, 218
  18939 00452223  sw tp, 4(a0)
  18940 00000073  ecall
  18941 02053823  sd x0, 48(a0)
  18942 02053c23  sd x0, 56(a0)
c0_27_s4_4215:
  18943 0db00213  addi tp, x0, 219
  18944 00452223  sw tp, 4(a0)
  18945 00000073  ecall
  18946 02053823  sd x0, 48(a0)
  18947 02053c23  sd x0, 56(a0)
c0_27_s5_4216:
  18948 0dc00213  addi tp, x0, 220
  18949 00452223  sw tp, 4(a0)
  18950 00000073  ecall
  18951 02053823  sd x0, 48(a0)
  18952 02053c23  sd x0, 56(a0)
c0_27_s6_4217:
  18953 0dd00213  addi tp, x0, 221
  18954 00452223  sw tp, 4(a0)
  18955 00000073  ecall
  18956 02053823  sd x0, 48(a0)
  18957 02053c23  sd x0, 56(a0)
c0_27_s7_4218:
  18958 0de00213  addi tp, x0, 222
  18959 00452223  sw tp, 4(a0)
  18960 51000613  addi a2, x0, 1296
  18961 00000073  ecall
  18962 02050613  addi a2, a0, 32
c0_27_next_4219:
  18963 2dc0006f  jal x0, +732
c0_14_g4_4026:
  18964 00e1fe63  bgeu gp, a4, +28
  18965 00d1fa63  bgeu gp, a3, +20
  18966 e94ff06f  jal x0, -2412
c0_14_p2_4027:
  18967 e68ff06f  jal x0, -2456
c0_14_p3_4028:
  18968 00000013  addi x0, x0, 0
  18969 e74ff06f  jal x0, -2444
c0_14_p5_4029:
  18970 e98ff06f  jal x0, -2408
c0_14_p6_4030:
  18971 00000013  addi x0, x0, 0
  18972 ea4ff06f  jal x0, -2396
c0_14_h7_4025:
  18973 44103023  sd ra, 1088(x0)
  18974 44203423  sd sp, 1096(x0)
  18975 00000013  addi x0, x0, 0
  18976 ea8ff06f  jal x0, -2392
c0_15_g4_4041:
  18977 00e1fe63  bgeu gp, a4, +28
  18978 00d1fa63  bgeu gp, a3, +20
  18979 f14ff06f  jal x0, -2284
c0_15_p2_4042:
  18980 ee8ff06f  jal x0, -2328
c0_15_p3_4043:
  18981 00000013  addi x0, x0, 0
  18982 ef4ff06f  jal x0, -2316
c0_15_p5_4044:
  18983 f18ff06f  jal x0, -2280
c0_15_p6_4045:
  18984 00000013  addi x0, x0, 0
  18985 f24ff06f  jal x0, -2268
c0_15_h7_4040:
  18986 44103823  sd ra, 1104(x0)
  18987 44203c23  sd sp, 1112(x0)
  18988 00000013  addi x0, x0, 0
  18989 f28ff06f  jal x0, -2264
c0_16_g4_4056:
  18990 00e1fe63  bgeu gp, a4, +28
  18991 00d1fa63  bgeu gp, a3, +20
  18992 f94ff06f  jal x0, -2156
c0_16_p2_4057:
  18993 f68ff06f  jal x0, -2200
c0_16_p3_4058:
  18994 00000013  addi x0, x0, 0
  18995 f74ff06f  jal x0, -2188
c0_16_p5_4059:
  18996 f98ff06f  jal x0, -2152
c0_16_p6_4060:
  18997 00000013  addi x0, x0, 0
  18998 fa4ff06f  jal x0, -2140
c0_16_h7_4055:
  18999 46103023  sd ra, 1120(x0)
  19000 46203423  sd sp, 1128(x0)
  19001 00000013  addi x0, x0, 0
  19002 fa8ff06f  jal x0, -2136
c0_17_g4_4071:
  19003 00e1fe63  bgeu gp, a4, +28
  19004 00d1fa63  bgeu gp, a3, +20
  19005 815ff06f  jal x0, -2028
c0_17_p2_4072:
  19006 fe8ff06f  jal x0, -2072
c0_17_p3_4073:
  19007 00000013  addi x0, x0, 0
  19008 ff4ff06f  jal x0, -2060
c0_17_p5_4074:
  19009 819ff06f  jal x0, -2024
c0_17_p6_4075:
  19010 00000013  addi x0, x0, 0
  19011 825ff06f  jal x0, -2012
c0_17_h7_4070:
  19012 46103823  sd ra, 1136(x0)
  19013 46203c23  sd sp, 1144(x0)
  19014 00000013  addi x0, x0, 0
  19015 829ff06f  jal x0, -2008
c0_18_g4_4086:
  19016 00e1fe63  bgeu gp, a4, +28
  19017 00d1fa63  bgeu gp, a3, +20
  19018 895ff06f  jal x0, -1900
c0_18_p2_4087:
  19019 869ff06f  jal x0, -1944
c0_18_p3_4088:
  19020 00000013  addi x0, x0, 0
  19021 875ff06f  jal x0, -1932
c0_18_p5_4089:
  19022 899ff06f  jal x0, -1896
c0_18_p6_4090:
  19023 00000013  addi x0, x0, 0
  19024 8a5ff06f  jal x0, -1884
c0_18_h7_4085:
  19025 48103023  sd ra, 1152(x0)
  19026 48203423  sd sp, 1160(x0)
  19027 00000013  addi x0, x0, 0
  19028 8a9ff06f  jal x0, -1880
c0_19_g4_4101:
  19029 00e1fe63  bgeu gp, a4, +28
  19030 00d1fa63  bgeu gp, a3, +20
  19031 915ff06f  jal x0, -1772
c0_19_p2_4102:
  19032 8e9ff06f  jal x0, -1816
c0_19_p3_4103:
  19033 00000013  addi x0, x0, 0
  19034 8f5ff06f  jal x0, -1804
c0_19_p5_4104:
  19035 919ff06f  jal x0, -1768
c0_19_p6_4105:
  19036 00000013  addi x0, x0, 0
  19037 925ff06f  jal x0, -1756
c0_19_h7_4100:
  19038 48103823  sd ra, 1168(x0)
  19039 48203c23  sd sp, 1176(x0)
  19040 00000013  addi x0, x0, 0
  19041 929ff06f  jal x0, -1752
c0_20_g4_4116:
  19042 00e1fe63  bgeu gp, a4, +28
  19043 00d1fa63  bgeu gp, a3, +20
  19044 995ff06f  jal x0, -1644
c0_20_p2_4117:
  19045 969ff06f  jal x0, -1688
c0_20_p3_4118:
  19046 00000013  addi x0, x0, 0
  19047 975ff06f  jal x0, -1676
c0_20_p5_4119:
  19048 999ff06f  jal x0, -1640
c0_20_p6_4120:
  19049 00000013  addi x0, x0, 0
  19050 9a5ff06f  jal x0, -1628
c0_20_h7_4115:
  19051 4a103023  sd ra, 1184(x0)
  19052 4a203423  sd sp, 1192(x0)
  19053 00000013  addi x0, x0, 0
  19054 9a9ff06f  jal x0, -1624
c0_21_g4_4131:
  19055 00e1fe63  bgeu gp, a4, +28
  19056 00d1fa63  bgeu gp, a3, +20
  19057 a15ff06f  jal x0, -1516
c0_21_p2_4132:
  19058 9e9ff06f  jal x0, -1560
c0_21_p3_4133:
  19059 00000013  addi x0, x0, 0
  19060 9f5ff06f  jal x0, -1548
c0_21_p5_4134:
  19061 a19ff06f  jal x0, -1512
c0_21_p6_4135:
  19062 00000013  addi x0, x0, 0
  19063 a25ff06f  jal x0, -1500
c0_21_h7_4130:
  19064 4a103823  sd ra, 1200(x0)
  19065 4a203c23  sd sp, 1208(x0)
  19066 00000013  addi x0, x0, 0
  19067 a29ff06f  jal x0, -1496
c0_22_g4_4146:
  19068 00e1fe63  bgeu gp, a4, +28
  19069 00d1fa63  bgeu gp, a3, +20
  19070 a95ff06f  jal x0, -1388
c0_22_p2_4147:
  19071 a69ff06f  jal x0, -1432
c0_22_p3_4148:
  19072 00000013  addi x0, x0, 0
  19073 a75ff06f  jal x0, -1420
c0_22_p5_4149:
  19074 a99ff06f  jal x0, -1384
c0_22_p6_4150:
  19075 00000013  addi x0, x0, 0
  19076 aa5ff06f  jal x0, -1372
c0_22_h7_4145:
  19077 4c103023  sd ra, 1216(x0)
  19078 4c203423  sd sp, 1224(x0)
  19079 00000013  addi x0, x0, 0
  19080 aa9ff06f  jal x0, -1368
c0_23_g4_4161:
  19081 00e1fe63  bgeu gp, a4, +28
  19082 00d1fa63  bgeu gp, a3, +20
  19083 b15ff06f  jal x0, -1260
c0_23_p2_4162:
  19084 ae9ff06f  jal x0, -1304
c0_23_p3_4163:
  19085 00000013  addi x0, x0, 0
  19086 af5ff06f  jal x0, -1292
c0_23_p5_4164:
  19087 b19ff06f  jal x0, -1256
c0_23_p6_4165:
  19088 00000013  addi x0, x0, 0
  19089 b25ff06f  jal x0, -1244
c0_23_h7_4160:
  19090 4c103823  sd ra, 1232(x0)
  19091 4c203c23  sd sp, 1240(x0)
  19092 00000013  addi x0, x0, 0
  19093 b29ff06f  jal x0, -1240
c0_24_g4_4176:
  19094 00e1fe63  bgeu gp, a4, +28
  19095 00d1fa63  bgeu gp, a3, +20
  19096 b95ff06f  jal x0, -1132
c0_24_p2_4177:
  19097 b69ff06f  jal x0, -1176
c0_24_p3_4178:
  19098 00000013  addi x0, x0, 0
  19099 b75ff06f  jal x0, -1164
c0_24_p5_4179:
  19100 b99ff06f  jal x0, -1128
c0_24_p6_4180:
  19101 00000013  addi x0, x0, 0
  19102 ba5ff06f  jal x0, -1116
c0_24_h7_4175:
  19103 4e103023  sd ra, 1248(x0)
  19104 4e203423  sd sp, 1256(x0)
  19105 00000013  addi x0, x0, 0
  19106 ba9ff06f  jal x0, -1112
c0_25_g4_4191:
  19107 00e1fe63  bgeu gp, a4, +28
  19108 00d1fa63  bgeu gp, a3, +20
  19109 c15ff06f  jal x0, -1004
c0_25_p2_4192:
  19110 be9ff06f  jal x0, -1048
c0_25_p3_4193:
  19111 00000013  addi x0, x0, 0
  19112 bf5ff06f  jal x0, -1036
c0_25_p5_4194:
  19113 c19ff06f  jal x0, -1000
c0_25_p6_4195:
  19114 00000013  addi x0, x0, 0
  19115 c25ff06f  jal x0, -988
c0_25_h7_4190:
  19116 4e103823  sd ra, 1264(x0)
  19117 4e203c23  sd sp, 1272(x0)
  19118 00000013  addi x0, x0, 0
  19119 c29ff06f  jal x0, -984
c0_26_g4_4206:
  19120 00e1fe63  bgeu gp, a4, +28
  19121 00d1fa63  bgeu gp, a3, +20
  19122 c95ff06f  jal x0, -876
c0_26_p2_4207:
  19123 c69ff06f  jal x0, -920
c0_26_p3_4208:
  19124 00000013  addi x0, x0, 0
  19125 c75ff06f  jal x0, -908
c0_26_p5_4209:
  19126 c99ff06f  jal x0, -872
c0_26_p6_4210:
  19127 00000013  addi x0, x0, 0
  19128 ca5ff06f  jal x0, -860
c0_26_h7_4205:
  19129 50103023  sd ra, 1280(x0)
  19130 50203423  sd sp, 1288(x0)
  19131 00000013  addi x0, x0, 0
  19132 ca9ff06f  jal x0, -856
c0_27_g4_4221:
  19133 00e1fe63  bgeu gp, a4, +28
  19134 00d1fa63  bgeu gp, a3, +20
  19135 d15ff06f  jal x0, -748
c0_27_p2_4222:
  19136 ce9ff06f  jal x0, -792
c0_27_p3_4223:
  19137 00000013  addi x0, x0, 0
  19138 cf5ff06f  jal x0, -780
c0_27_p5_4224:
  19139 d19ff06f  jal x0, -744
c0_27_p6_4225:
  19140 00000013  addi x0, x0, 0
  19141 d25ff06f  jal x0, -732
c0_27_h7_4220:
  19142 50103823  sd ra, 1296(x0)
  19143 50203c23  sd sp, 1304(x0)
  19144 00000013  addi x0, x0, 0
  19145 d29ff06f  jal x0, -728
        ; chain lay=0 i=28
l0_after1_4227:
c0_28_4242:
  19146 02889193  slli gp, a7, 40
  19147 3709b083  ld ra, 880(s3)
  19148 3789b103  ld sp, 888(s3)
  19149 0e103023  sd ra, 224(x0)
  19150 0e203423  sd sp, 232(x0)
  19151 1ef1f6e3  bgeu gp, a5, +2540
  19152 1c91f2e3  bgeu gp, s1, +2500
  19153 1c81f8e3  bgeu gp, s0, +2512
  19154 1c71f4e3  bgeu gp, t2, +2504
  19155 0061fc63  bgeu gp, t1, +24
c0_28_s1_4228:
  19156 0e000213  addi tp, x0, 224
  19157 00452223  sw tp, 4(a0)
  19158 00000073  ecall
  19159 02053823  sd x0, 48(a0)
  19160 02053c23  sd x0, 56(a0)
c0_28_s2_4229:
  19161 0e100213  addi tp, x0, 225
  19162 00452223  sw tp, 4(a0)
  19163 00000073  ecall
  19164 02053823  sd x0, 48(a0)
  19165 02053c23  sd x0, 56(a0)
c0_28_s3_4230:
  19166 0e200213  addi tp, x0, 226
  19167 00452223  sw tp, 4(a0)
  19168 00000073  ecall
  19169 02053823  sd x0, 48(a0)
  19170 02053c23  sd x0, 56(a0)
c0_28_s4_4231:
  19171 0e300213  addi tp, x0, 227
  19172 00452223  sw tp, 4(a0)
  19173 00000073  ecall
  19174 02053823  sd x0, 48(a0)
  19175 02053c23  sd x0, 56(a0)
c0_28_s5_4232:
  19176 0e400213  addi tp, x0, 228
  19177 00452223  sw tp, 4(a0)
  19178 00000073  ecall
  19179 02053823  sd x0, 48(a0)
  19180 02053c23  sd x0, 56(a0)
c0_28_s6_4233:
  19181 0e500213  addi tp, x0, 229
  19182 00452223  sw tp, 4(a0)
  19183 00000073  ecall
  19184 02053823  sd x0, 48(a0)
  19185 02053c23  sd x0, 56(a0)
c0_28_s7_4234:
  19186 0e600213  addi tp, x0, 230
  19187 00452223  sw tp, 4(a0)
  19188 52000613  addi a2, x0, 1312
  19189 00000073  ecall
  19190 02050613  addi a2, a0, 32
        ; chain lay=0 i=29
c0_28_next_4235:
c0_29_4257:
  19191 02589193  slli gp, a7, 37
  19192 3809b083  ld ra, 896(s3)
  19193 3889b103  ld sp, 904(s3)
  19194 0e103023  sd ra, 224(x0)
  19195 0e203423  sd sp, 232(x0)
  19196 16f1f6e3  bgeu gp, a5, +2412
  19197 1491f2e3  bgeu gp, s1, +2372
  19198 1481f8e3  bgeu gp, s0, +2384
  19199 1471f4e3  bgeu gp, t2, +2376
  19200 0061fc63  bgeu gp, t1, +24
c0_29_s1_4243:
  19201 0e800213  addi tp, x0, 232
  19202 00452223  sw tp, 4(a0)
  19203 00000073  ecall
  19204 02053823  sd x0, 48(a0)
  19205 02053c23  sd x0, 56(a0)
c0_29_s2_4244:
  19206 0e900213  addi tp, x0, 233
  19207 00452223  sw tp, 4(a0)
  19208 00000073  ecall
  19209 02053823  sd x0, 48(a0)
  19210 02053c23  sd x0, 56(a0)
c0_29_s3_4245:
  19211 0ea00213  addi tp, x0, 234
  19212 00452223  sw tp, 4(a0)
  19213 00000073  ecall
  19214 02053823  sd x0, 48(a0)
  19215 02053c23  sd x0, 56(a0)
c0_29_s4_4246:
  19216 0eb00213  addi tp, x0, 235
  19217 00452223  sw tp, 4(a0)
  19218 00000073  ecall
  19219 02053823  sd x0, 48(a0)
  19220 02053c23  sd x0, 56(a0)
c0_29_s5_4247:
  19221 0ec00213  addi tp, x0, 236
  19222 00452223  sw tp, 4(a0)
  19223 00000073  ecall
  19224 02053823  sd x0, 48(a0)
  19225 02053c23  sd x0, 56(a0)
c0_29_s6_4248:
  19226 0ed00213  addi tp, x0, 237
  19227 00452223  sw tp, 4(a0)
  19228 00000073  ecall
  19229 02053823  sd x0, 48(a0)
  19230 02053c23  sd x0, 56(a0)
c0_29_s7_4249:
  19231 0ee00213  addi tp, x0, 238
  19232 00452223  sw tp, 4(a0)
  19233 53000613  addi a2, x0, 1328
  19234 00000073  ecall
  19235 02050613  addi a2, a0, 32
        ; chain lay=0 i=30
c0_29_next_4250:
c0_30_4272:
  19236 02289193  slli gp, a7, 34
  19237 3909b083  ld ra, 912(s3)
  19238 3989b103  ld sp, 920(s3)
  19239 0e103023  sd ra, 224(x0)
  19240 0e203423  sd sp, 232(x0)
  19241 0ef1f6e3  bgeu gp, a5, +2284
  19242 0c91f2e3  bgeu gp, s1, +2244
  19243 0c81f8e3  bgeu gp, s0, +2256
  19244 0c71f4e3  bgeu gp, t2, +2248
  19245 0061fc63  bgeu gp, t1, +24
c0_30_s1_4258:
  19246 0f000213  addi tp, x0, 240
  19247 00452223  sw tp, 4(a0)
  19248 00000073  ecall
  19249 02053823  sd x0, 48(a0)
  19250 02053c23  sd x0, 56(a0)
c0_30_s2_4259:
  19251 0f100213  addi tp, x0, 241
  19252 00452223  sw tp, 4(a0)
  19253 00000073  ecall
  19254 02053823  sd x0, 48(a0)
  19255 02053c23  sd x0, 56(a0)
c0_30_s3_4260:
  19256 0f200213  addi tp, x0, 242
  19257 00452223  sw tp, 4(a0)
  19258 00000073  ecall
  19259 02053823  sd x0, 48(a0)
  19260 02053c23  sd x0, 56(a0)
c0_30_s4_4261:
  19261 0f300213  addi tp, x0, 243
  19262 00452223  sw tp, 4(a0)
  19263 00000073  ecall
  19264 02053823  sd x0, 48(a0)
  19265 02053c23  sd x0, 56(a0)
c0_30_s5_4262:
  19266 0f400213  addi tp, x0, 244
  19267 00452223  sw tp, 4(a0)
  19268 00000073  ecall
  19269 02053823  sd x0, 48(a0)
  19270 02053c23  sd x0, 56(a0)
c0_30_s6_4263:
  19271 0f500213  addi tp, x0, 245
  19272 00452223  sw tp, 4(a0)
  19273 00000073  ecall
  19274 02053823  sd x0, 48(a0)
  19275 02053c23  sd x0, 56(a0)
c0_30_s7_4264:
  19276 0f600213  addi tp, x0, 246
  19277 00452223  sw tp, 4(a0)
  19278 54000613  addi a2, x0, 1344
  19279 00000073  ecall
  19280 02050613  addi a2, a0, 32
        ; chain lay=0 i=31
c0_30_next_4265:
c0_31_4287:
  19281 01f89193  slli gp, a7, 31
  19282 3a09b083  ld ra, 928(s3)
  19283 3a89b103  ld sp, 936(s3)
  19284 0e103023  sd ra, 224(x0)
  19285 0e203423  sd sp, 232(x0)
  19286 06f1f6e3  bgeu gp, a5, +2156
  19287 0491f2e3  bgeu gp, s1, +2116
  19288 0481f8e3  bgeu gp, s0, +2128
  19289 0471f4e3  bgeu gp, t2, +2120
  19290 0061fc63  bgeu gp, t1, +24
c0_31_s1_4273:
  19291 0f800213  addi tp, x0, 248
  19292 00452223  sw tp, 4(a0)
  19293 00000073  ecall
  19294 02053823  sd x0, 48(a0)
  19295 02053c23  sd x0, 56(a0)
c0_31_s2_4274:
  19296 0f900213  addi tp, x0, 249
  19297 00452223  sw tp, 4(a0)
  19298 00000073  ecall
  19299 02053823  sd x0, 48(a0)
  19300 02053c23  sd x0, 56(a0)
c0_31_s3_4275:
  19301 0fa00213  addi tp, x0, 250
  19302 00452223  sw tp, 4(a0)
  19303 00000073  ecall
  19304 02053823  sd x0, 48(a0)
  19305 02053c23  sd x0, 56(a0)
c0_31_s4_4276:
  19306 0fb00213  addi tp, x0, 251
  19307 00452223  sw tp, 4(a0)
  19308 00000073  ecall
  19309 02053823  sd x0, 48(a0)
  19310 02053c23  sd x0, 56(a0)
c0_31_s5_4277:
  19311 0fc00213  addi tp, x0, 252
  19312 00452223  sw tp, 4(a0)
  19313 00000073  ecall
  19314 02053823  sd x0, 48(a0)
  19315 02053c23  sd x0, 56(a0)
c0_31_s6_4278:
  19316 0fd00213  addi tp, x0, 253
  19317 00452223  sw tp, 4(a0)
  19318 00000073  ecall
  19319 02053823  sd x0, 48(a0)
  19320 02053c23  sd x0, 56(a0)
c0_31_s7_4279:
  19321 0fe00213  addi tp, x0, 254
  19322 00452223  sw tp, 4(a0)
  19323 55000613  addi a2, x0, 1360
  19324 00000073  ecall
  19325 02050613  addi a2, a0, 32
        ; chain lay=0 i=32
c0_31_next_4280:
c0_32_4302:
  19326 01c89193  slli gp, a7, 28
  19327 3b09b083  ld ra, 944(s3)
  19328 3b89b103  ld sp, 952(s3)
  19329 0e103023  sd ra, 224(x0)
  19330 0e203423  sd sp, 232(x0)
  19331 7ef1f663  bgeu gp, a5, +2028
  19332 7c91f263  bgeu gp, s1, +1988
  19333 7c81f863  bgeu gp, s0, +2000
  19334 7c71f463  bgeu gp, t2, +1992
  19335 0061fc63  bgeu gp, t1, +24
c0_32_s1_4288:
  19336 10000213  addi tp, x0, 256
  19337 00452223  sw tp, 4(a0)
  19338 00000073  ecall
  19339 02053823  sd x0, 48(a0)
  19340 02053c23  sd x0, 56(a0)
c0_32_s2_4289:
  19341 10100213  addi tp, x0, 257
  19342 00452223  sw tp, 4(a0)
  19343 00000073  ecall
  19344 02053823  sd x0, 48(a0)
  19345 02053c23  sd x0, 56(a0)
c0_32_s3_4290:
  19346 10200213  addi tp, x0, 258
  19347 00452223  sw tp, 4(a0)
  19348 00000073  ecall
  19349 02053823  sd x0, 48(a0)
  19350 02053c23  sd x0, 56(a0)
c0_32_s4_4291:
  19351 10300213  addi tp, x0, 259
  19352 00452223  sw tp, 4(a0)
  19353 00000073  ecall
  19354 02053823  sd x0, 48(a0)
  19355 02053c23  sd x0, 56(a0)
c0_32_s5_4292:
  19356 10400213  addi tp, x0, 260
  19357 00452223  sw tp, 4(a0)
  19358 00000073  ecall
  19359 02053823  sd x0, 48(a0)
  19360 02053c23  sd x0, 56(a0)
c0_32_s6_4293:
  19361 10500213  addi tp, x0, 261
  19362 00452223  sw tp, 4(a0)
  19363 00000073  ecall
  19364 02053823  sd x0, 48(a0)
  19365 02053c23  sd x0, 56(a0)
c0_32_s7_4294:
  19366 10600213  addi tp, x0, 262
  19367 00452223  sw tp, 4(a0)
  19368 56000613  addi a2, x0, 1376
  19369 00000073  ecall
  19370 02050613  addi a2, a0, 32
        ; chain lay=0 i=33
c0_32_next_4295:
c0_33_4317:
  19371 01989193  slli gp, a7, 25
  19372 3c09b083  ld ra, 960(s3)
  19373 3c89b103  ld sp, 968(s3)
  19374 0e103023  sd ra, 224(x0)
  19375 0e203423  sd sp, 232(x0)
  19376 76f1f663  bgeu gp, a5, +1900
  19377 7491f263  bgeu gp, s1, +1860
  19378 7481f863  bgeu gp, s0, +1872
  19379 7471f463  bgeu gp, t2, +1864
  19380 0061fc63  bgeu gp, t1, +24
c0_33_s1_4303:
  19381 10800213  addi tp, x0, 264
  19382 00452223  sw tp, 4(a0)
  19383 00000073  ecall
  19384 02053823  sd x0, 48(a0)
  19385 02053c23  sd x0, 56(a0)
c0_33_s2_4304:
  19386 10900213  addi tp, x0, 265
  19387 00452223  sw tp, 4(a0)
  19388 00000073  ecall
  19389 02053823  sd x0, 48(a0)
  19390 02053c23  sd x0, 56(a0)
c0_33_s3_4305:
  19391 10a00213  addi tp, x0, 266
  19392 00452223  sw tp, 4(a0)
  19393 00000073  ecall
  19394 02053823  sd x0, 48(a0)
  19395 02053c23  sd x0, 56(a0)
c0_33_s4_4306:
  19396 10b00213  addi tp, x0, 267
  19397 00452223  sw tp, 4(a0)
  19398 00000073  ecall
  19399 02053823  sd x0, 48(a0)
  19400 02053c23  sd x0, 56(a0)
c0_33_s5_4307:
  19401 10c00213  addi tp, x0, 268
  19402 00452223  sw tp, 4(a0)
  19403 00000073  ecall
  19404 02053823  sd x0, 48(a0)
  19405 02053c23  sd x0, 56(a0)
c0_33_s6_4308:
  19406 10d00213  addi tp, x0, 269
  19407 00452223  sw tp, 4(a0)
  19408 00000073  ecall
  19409 02053823  sd x0, 48(a0)
  19410 02053c23  sd x0, 56(a0)
c0_33_s7_4309:
  19411 10e00213  addi tp, x0, 270
  19412 00452223  sw tp, 4(a0)
  19413 57000613  addi a2, x0, 1392
  19414 00000073  ecall
  19415 02050613  addi a2, a0, 32
        ; chain lay=0 i=34
c0_33_next_4310:
c0_34_4332:
  19416 01689193  slli gp, a7, 22
  19417 3d09b083  ld ra, 976(s3)
  19418 3d89b103  ld sp, 984(s3)
  19419 0e103023  sd ra, 224(x0)
  19420 0e203423  sd sp, 232(x0)
  19421 6ef1f663  bgeu gp, a5, +1772
  19422 6c91f263  bgeu gp, s1, +1732
  19423 6c81f863  bgeu gp, s0, +1744
  19424 6c71f463  bgeu gp, t2, +1736
  19425 0061fc63  bgeu gp, t1, +24
c0_34_s1_4318:
  19426 11000213  addi tp, x0, 272
  19427 00452223  sw tp, 4(a0)
  19428 00000073  ecall
  19429 02053823  sd x0, 48(a0)
  19430 02053c23  sd x0, 56(a0)
c0_34_s2_4319:
  19431 11100213  addi tp, x0, 273
  19432 00452223  sw tp, 4(a0)
  19433 00000073  ecall
  19434 02053823  sd x0, 48(a0)
  19435 02053c23  sd x0, 56(a0)
c0_34_s3_4320:
  19436 11200213  addi tp, x0, 274
  19437 00452223  sw tp, 4(a0)
  19438 00000073  ecall
  19439 02053823  sd x0, 48(a0)
  19440 02053c23  sd x0, 56(a0)
c0_34_s4_4321:
  19441 11300213  addi tp, x0, 275
  19442 00452223  sw tp, 4(a0)
  19443 00000073  ecall
  19444 02053823  sd x0, 48(a0)
  19445 02053c23  sd x0, 56(a0)
c0_34_s5_4322:
  19446 11400213  addi tp, x0, 276
  19447 00452223  sw tp, 4(a0)
  19448 00000073  ecall
  19449 02053823  sd x0, 48(a0)
  19450 02053c23  sd x0, 56(a0)
c0_34_s6_4323:
  19451 11500213  addi tp, x0, 277
  19452 00452223  sw tp, 4(a0)
  19453 00000073  ecall
  19454 02053823  sd x0, 48(a0)
  19455 02053c23  sd x0, 56(a0)
c0_34_s7_4324:
  19456 11600213  addi tp, x0, 278
  19457 00452223  sw tp, 4(a0)
  19458 58000613  addi a2, x0, 1408
  19459 00000073  ecall
  19460 02050613  addi a2, a0, 32
        ; chain lay=0 i=35
c0_34_next_4325:
c0_35_4347:
  19461 01389193  slli gp, a7, 19
  19462 3e09b083  ld ra, 992(s3)
  19463 3e89b103  ld sp, 1000(s3)
  19464 0e103023  sd ra, 224(x0)
  19465 0e203423  sd sp, 232(x0)
  19466 66f1f663  bgeu gp, a5, +1644
  19467 6491f263  bgeu gp, s1, +1604
  19468 6481f863  bgeu gp, s0, +1616
  19469 6471f463  bgeu gp, t2, +1608
  19470 0061fc63  bgeu gp, t1, +24
c0_35_s1_4333:
  19471 11800213  addi tp, x0, 280
  19472 00452223  sw tp, 4(a0)
  19473 00000073  ecall
  19474 02053823  sd x0, 48(a0)
  19475 02053c23  sd x0, 56(a0)
c0_35_s2_4334:
  19476 11900213  addi tp, x0, 281
  19477 00452223  sw tp, 4(a0)
  19478 00000073  ecall
  19479 02053823  sd x0, 48(a0)
  19480 02053c23  sd x0, 56(a0)
c0_35_s3_4335:
  19481 11a00213  addi tp, x0, 282
  19482 00452223  sw tp, 4(a0)
  19483 00000073  ecall
  19484 02053823  sd x0, 48(a0)
  19485 02053c23  sd x0, 56(a0)
c0_35_s4_4336:
  19486 11b00213  addi tp, x0, 283
  19487 00452223  sw tp, 4(a0)
  19488 00000073  ecall
  19489 02053823  sd x0, 48(a0)
  19490 02053c23  sd x0, 56(a0)
c0_35_s5_4337:
  19491 11c00213  addi tp, x0, 284
  19492 00452223  sw tp, 4(a0)
  19493 00000073  ecall
  19494 02053823  sd x0, 48(a0)
  19495 02053c23  sd x0, 56(a0)
c0_35_s6_4338:
  19496 11d00213  addi tp, x0, 285
  19497 00452223  sw tp, 4(a0)
  19498 00000073  ecall
  19499 02053823  sd x0, 48(a0)
  19500 02053c23  sd x0, 56(a0)
c0_35_s7_4339:
  19501 11e00213  addi tp, x0, 286
  19502 00452223  sw tp, 4(a0)
  19503 59000613  addi a2, x0, 1424
  19504 00000073  ecall
  19505 02050613  addi a2, a0, 32
        ; chain lay=0 i=36
c0_35_next_4340:
c0_36_4362:
  19506 01089193  slli gp, a7, 16
  19507 3f09b083  ld ra, 1008(s3)
  19508 3f89b103  ld sp, 1016(s3)
  19509 0e103023  sd ra, 224(x0)
  19510 0e203423  sd sp, 232(x0)
  19511 5ef1f663  bgeu gp, a5, +1516
  19512 5c91f263  bgeu gp, s1, +1476
  19513 5c81f863  bgeu gp, s0, +1488
  19514 5c71f463  bgeu gp, t2, +1480
  19515 0061fc63  bgeu gp, t1, +24
c0_36_s1_4348:
  19516 12000213  addi tp, x0, 288
  19517 00452223  sw tp, 4(a0)
  19518 00000073  ecall
  19519 02053823  sd x0, 48(a0)
  19520 02053c23  sd x0, 56(a0)
c0_36_s2_4349:
  19521 12100213  addi tp, x0, 289
  19522 00452223  sw tp, 4(a0)
  19523 00000073  ecall
  19524 02053823  sd x0, 48(a0)
  19525 02053c23  sd x0, 56(a0)
c0_36_s3_4350:
  19526 12200213  addi tp, x0, 290
  19527 00452223  sw tp, 4(a0)
  19528 00000073  ecall
  19529 02053823  sd x0, 48(a0)
  19530 02053c23  sd x0, 56(a0)
c0_36_s4_4351:
  19531 12300213  addi tp, x0, 291
  19532 00452223  sw tp, 4(a0)
  19533 00000073  ecall
  19534 02053823  sd x0, 48(a0)
  19535 02053c23  sd x0, 56(a0)
c0_36_s5_4352:
  19536 12400213  addi tp, x0, 292
  19537 00452223  sw tp, 4(a0)
  19538 00000073  ecall
  19539 02053823  sd x0, 48(a0)
  19540 02053c23  sd x0, 56(a0)
c0_36_s6_4353:
  19541 12500213  addi tp, x0, 293
  19542 00452223  sw tp, 4(a0)
  19543 00000073  ecall
  19544 02053823  sd x0, 48(a0)
  19545 02053c23  sd x0, 56(a0)
c0_36_s7_4354:
  19546 12600213  addi tp, x0, 294
  19547 00452223  sw tp, 4(a0)
  19548 5a000613  addi a2, x0, 1440
  19549 00000073  ecall
  19550 02050613  addi a2, a0, 32
        ; chain lay=0 i=37
c0_36_next_4355:
c0_37_4377:
  19551 00d89193  slli gp, a7, 13
  19552 4009b083  ld ra, 1024(s3)
  19553 4089b103  ld sp, 1032(s3)
  19554 0e103023  sd ra, 224(x0)
  19555 0e203423  sd sp, 232(x0)
  19556 56f1f663  bgeu gp, a5, +1388
  19557 5491f263  bgeu gp, s1, +1348
  19558 5481f863  bgeu gp, s0, +1360
  19559 5471f463  bgeu gp, t2, +1352
  19560 0061fc63  bgeu gp, t1, +24
c0_37_s1_4363:
  19561 12800213  addi tp, x0, 296
  19562 00452223  sw tp, 4(a0)
  19563 00000073  ecall
  19564 02053823  sd x0, 48(a0)
  19565 02053c23  sd x0, 56(a0)
c0_37_s2_4364:
  19566 12900213  addi tp, x0, 297
  19567 00452223  sw tp, 4(a0)
  19568 00000073  ecall
  19569 02053823  sd x0, 48(a0)
  19570 02053c23  sd x0, 56(a0)
c0_37_s3_4365:
  19571 12a00213  addi tp, x0, 298
  19572 00452223  sw tp, 4(a0)
  19573 00000073  ecall
  19574 02053823  sd x0, 48(a0)
  19575 02053c23  sd x0, 56(a0)
c0_37_s4_4366:
  19576 12b00213  addi tp, x0, 299
  19577 00452223  sw tp, 4(a0)
  19578 00000073  ecall
  19579 02053823  sd x0, 48(a0)
  19580 02053c23  sd x0, 56(a0)
c0_37_s5_4367:
  19581 12c00213  addi tp, x0, 300
  19582 00452223  sw tp, 4(a0)
  19583 00000073  ecall
  19584 02053823  sd x0, 48(a0)
  19585 02053c23  sd x0, 56(a0)
c0_37_s6_4368:
  19586 12d00213  addi tp, x0, 301
  19587 00452223  sw tp, 4(a0)
  19588 00000073  ecall
  19589 02053823  sd x0, 48(a0)
  19590 02053c23  sd x0, 56(a0)
c0_37_s7_4369:
  19591 12e00213  addi tp, x0, 302
  19592 00452223  sw tp, 4(a0)
  19593 5b000613  addi a2, x0, 1456
  19594 00000073  ecall
  19595 02050613  addi a2, a0, 32
        ; chain lay=0 i=38
c0_37_next_4370:
c0_38_4392:
  19596 00a89193  slli gp, a7, 10
  19597 4109b083  ld ra, 1040(s3)
  19598 4189b103  ld sp, 1048(s3)
  19599 0e103023  sd ra, 224(x0)
  19600 0e203423  sd sp, 232(x0)
  19601 4ef1f663  bgeu gp, a5, +1260
  19602 4c91f263  bgeu gp, s1, +1220
  19603 4c81f863  bgeu gp, s0, +1232
  19604 4c71f463  bgeu gp, t2, +1224
  19605 0061fc63  bgeu gp, t1, +24
c0_38_s1_4378:
  19606 13000213  addi tp, x0, 304
  19607 00452223  sw tp, 4(a0)
  19608 00000073  ecall
  19609 02053823  sd x0, 48(a0)
  19610 02053c23  sd x0, 56(a0)
c0_38_s2_4379:
  19611 13100213  addi tp, x0, 305
  19612 00452223  sw tp, 4(a0)
  19613 00000073  ecall
  19614 02053823  sd x0, 48(a0)
  19615 02053c23  sd x0, 56(a0)
c0_38_s3_4380:
  19616 13200213  addi tp, x0, 306
  19617 00452223  sw tp, 4(a0)
  19618 00000073  ecall
  19619 02053823  sd x0, 48(a0)
  19620 02053c23  sd x0, 56(a0)
c0_38_s4_4381:
  19621 13300213  addi tp, x0, 307
  19622 00452223  sw tp, 4(a0)
  19623 00000073  ecall
  19624 02053823  sd x0, 48(a0)
  19625 02053c23  sd x0, 56(a0)
c0_38_s5_4382:
  19626 13400213  addi tp, x0, 308
  19627 00452223  sw tp, 4(a0)
  19628 00000073  ecall
  19629 02053823  sd x0, 48(a0)
  19630 02053c23  sd x0, 56(a0)
c0_38_s6_4383:
  19631 13500213  addi tp, x0, 309
  19632 00452223  sw tp, 4(a0)
  19633 00000073  ecall
  19634 02053823  sd x0, 48(a0)
  19635 02053c23  sd x0, 56(a0)
c0_38_s7_4384:
  19636 13600213  addi tp, x0, 310
  19637 00452223  sw tp, 4(a0)
  19638 5c000613  addi a2, x0, 1472
  19639 00000073  ecall
  19640 02050613  addi a2, a0, 32
        ; chain lay=0 i=39
c0_38_next_4385:
c0_39_4407:
  19641 00789193  slli gp, a7, 7
  19642 4209b083  ld ra, 1056(s3)
  19643 4289b103  ld sp, 1064(s3)
  19644 0e103023  sd ra, 224(x0)
  19645 0e203423  sd sp, 232(x0)
  19646 46f1f663  bgeu gp, a5, +1132
  19647 4491f263  bgeu gp, s1, +1092
  19648 4481f863  bgeu gp, s0, +1104
  19649 4471f463  bgeu gp, t2, +1096
  19650 0061fc63  bgeu gp, t1, +24
c0_39_s1_4393:
  19651 13800213  addi tp, x0, 312
  19652 00452223  sw tp, 4(a0)
  19653 00000073  ecall
  19654 02053823  sd x0, 48(a0)
  19655 02053c23  sd x0, 56(a0)
c0_39_s2_4394:
  19656 13900213  addi tp, x0, 313
  19657 00452223  sw tp, 4(a0)
  19658 00000073  ecall
  19659 02053823  sd x0, 48(a0)
  19660 02053c23  sd x0, 56(a0)
c0_39_s3_4395:
  19661 13a00213  addi tp, x0, 314
  19662 00452223  sw tp, 4(a0)
  19663 00000073  ecall
  19664 02053823  sd x0, 48(a0)
  19665 02053c23  sd x0, 56(a0)
c0_39_s4_4396:
  19666 13b00213  addi tp, x0, 315
  19667 00452223  sw tp, 4(a0)
  19668 00000073  ecall
  19669 02053823  sd x0, 48(a0)
  19670 02053c23  sd x0, 56(a0)
c0_39_s5_4397:
  19671 13c00213  addi tp, x0, 316
  19672 00452223  sw tp, 4(a0)
  19673 00000073  ecall
  19674 02053823  sd x0, 48(a0)
  19675 02053c23  sd x0, 56(a0)
c0_39_s6_4398:
  19676 13d00213  addi tp, x0, 317
  19677 00452223  sw tp, 4(a0)
  19678 00000073  ecall
  19679 02053823  sd x0, 48(a0)
  19680 02053c23  sd x0, 56(a0)
c0_39_s7_4399:
  19681 13e00213  addi tp, x0, 318
  19682 00452223  sw tp, 4(a0)
  19683 5d000613  addi a2, x0, 1488
  19684 00000073  ecall
  19685 02050613  addi a2, a0, 32
        ; chain lay=0 i=40
c0_39_next_4400:
c0_40_4422:
  19686 00489193  slli gp, a7, 4
  19687 4309b083  ld ra, 1072(s3)
  19688 4389b103  ld sp, 1080(s3)
  19689 0e103023  sd ra, 224(x0)
  19690 0e203423  sd sp, 232(x0)
  19691 3ef1f663  bgeu gp, a5, +1004
  19692 3c91f263  bgeu gp, s1, +964
  19693 3c81f863  bgeu gp, s0, +976
  19694 3c71f463  bgeu gp, t2, +968
  19695 0061fc63  bgeu gp, t1, +24
c0_40_s1_4408:
  19696 14000213  addi tp, x0, 320
  19697 00452223  sw tp, 4(a0)
  19698 00000073  ecall
  19699 02053823  sd x0, 48(a0)
  19700 02053c23  sd x0, 56(a0)
c0_40_s2_4409:
  19701 14100213  addi tp, x0, 321
  19702 00452223  sw tp, 4(a0)
  19703 00000073  ecall
  19704 02053823  sd x0, 48(a0)
  19705 02053c23  sd x0, 56(a0)
c0_40_s3_4410:
  19706 14200213  addi tp, x0, 322
  19707 00452223  sw tp, 4(a0)
  19708 00000073  ecall
  19709 02053823  sd x0, 48(a0)
  19710 02053c23  sd x0, 56(a0)
c0_40_s4_4411:
  19711 14300213  addi tp, x0, 323
  19712 00452223  sw tp, 4(a0)
  19713 00000073  ecall
  19714 02053823  sd x0, 48(a0)
  19715 02053c23  sd x0, 56(a0)
c0_40_s5_4412:
  19716 14400213  addi tp, x0, 324
  19717 00452223  sw tp, 4(a0)
  19718 00000073  ecall
  19719 02053823  sd x0, 48(a0)
  19720 02053c23  sd x0, 56(a0)
c0_40_s6_4413:
  19721 14500213  addi tp, x0, 325
  19722 00452223  sw tp, 4(a0)
  19723 00000073  ecall
  19724 02053823  sd x0, 48(a0)
  19725 02053c23  sd x0, 56(a0)
c0_40_s7_4414:
  19726 14600213  addi tp, x0, 326
  19727 00452223  sw tp, 4(a0)
  19728 5e000613  addi a2, x0, 1504
  19729 00000073  ecall
  19730 02050613  addi a2, a0, 32
        ; chain lay=0 i=41
c0_40_next_4415:
c0_41_4437:
  19731 00189193  slli gp, a7, 1
  19732 4409b083  ld ra, 1088(s3)
  19733 4489b103  ld sp, 1096(s3)
  19734 0e103023  sd ra, 224(x0)
  19735 0e203423  sd sp, 232(x0)
  19736 36f1f663  bgeu gp, a5, +876
  19737 3491f263  bgeu gp, s1, +836
  19738 3481f863  bgeu gp, s0, +848
  19739 3471f463  bgeu gp, t2, +840
  19740 0061fc63  bgeu gp, t1, +24
c0_41_s1_4423:
  19741 14800213  addi tp, x0, 328
  19742 00452223  sw tp, 4(a0)
  19743 00000073  ecall
  19744 02053823  sd x0, 48(a0)
  19745 02053c23  sd x0, 56(a0)
c0_41_s2_4424:
  19746 14900213  addi tp, x0, 329
  19747 00452223  sw tp, 4(a0)
  19748 00000073  ecall
  19749 02053823  sd x0, 48(a0)
  19750 02053c23  sd x0, 56(a0)
c0_41_s3_4425:
  19751 14a00213  addi tp, x0, 330
  19752 00452223  sw tp, 4(a0)
  19753 00000073  ecall
  19754 02053823  sd x0, 48(a0)
  19755 02053c23  sd x0, 56(a0)
c0_41_s4_4426:
  19756 14b00213  addi tp, x0, 331
  19757 00452223  sw tp, 4(a0)
  19758 00000073  ecall
  19759 02053823  sd x0, 48(a0)
  19760 02053c23  sd x0, 56(a0)
c0_41_s5_4427:
  19761 14c00213  addi tp, x0, 332
  19762 00452223  sw tp, 4(a0)
  19763 00000073  ecall
  19764 02053823  sd x0, 48(a0)
  19765 02053c23  sd x0, 56(a0)
c0_41_s6_4428:
  19766 14d00213  addi tp, x0, 333
  19767 00452223  sw tp, 4(a0)
  19768 00000073  ecall
  19769 02053823  sd x0, 48(a0)
  19770 02053c23  sd x0, 56(a0)
c0_41_s7_4429:
  19771 14e00213  addi tp, x0, 334
  19772 00452223  sw tp, 4(a0)
  19773 5f000613  addi a2, x0, 1520
  19774 00000073  ecall
  19775 02050613  addi a2, a0, 32
c0_41_next_4430:
  19776 2dc0006f  jal x0, +732
c0_28_g4_4237:
  19777 00e1fe63  bgeu gp, a4, +28
  19778 00d1fa63  bgeu gp, a3, +20
  19779 e94ff06f  jal x0, -2412
c0_28_p2_4238:
  19780 e68ff06f  jal x0, -2456
c0_28_p3_4239:
  19781 00000013  addi x0, x0, 0
  19782 e74ff06f  jal x0, -2444
c0_28_p5_4240:
  19783 e98ff06f  jal x0, -2408
c0_28_p6_4241:
  19784 00000013  addi x0, x0, 0
  19785 ea4ff06f  jal x0, -2396
c0_28_h7_4236:
  19786 52103023  sd ra, 1312(x0)
  19787 52203423  sd sp, 1320(x0)
  19788 00000013  addi x0, x0, 0
  19789 ea8ff06f  jal x0, -2392
c0_29_g4_4252:
  19790 00e1fe63  bgeu gp, a4, +28
  19791 00d1fa63  bgeu gp, a3, +20
  19792 f14ff06f  jal x0, -2284
c0_29_p2_4253:
  19793 ee8ff06f  jal x0, -2328
c0_29_p3_4254:
  19794 00000013  addi x0, x0, 0
  19795 ef4ff06f  jal x0, -2316
c0_29_p5_4255:
  19796 f18ff06f  jal x0, -2280
c0_29_p6_4256:
  19797 00000013  addi x0, x0, 0
  19798 f24ff06f  jal x0, -2268
c0_29_h7_4251:
  19799 52103823  sd ra, 1328(x0)
  19800 52203c23  sd sp, 1336(x0)
  19801 00000013  addi x0, x0, 0
  19802 f28ff06f  jal x0, -2264
c0_30_g4_4267:
  19803 00e1fe63  bgeu gp, a4, +28
  19804 00d1fa63  bgeu gp, a3, +20
  19805 f94ff06f  jal x0, -2156
c0_30_p2_4268:
  19806 f68ff06f  jal x0, -2200
c0_30_p3_4269:
  19807 00000013  addi x0, x0, 0
  19808 f74ff06f  jal x0, -2188
c0_30_p5_4270:
  19809 f98ff06f  jal x0, -2152
c0_30_p6_4271:
  19810 00000013  addi x0, x0, 0
  19811 fa4ff06f  jal x0, -2140
c0_30_h7_4266:
  19812 54103023  sd ra, 1344(x0)
  19813 54203423  sd sp, 1352(x0)
  19814 00000013  addi x0, x0, 0
  19815 fa8ff06f  jal x0, -2136
c0_31_g4_4282:
  19816 00e1fe63  bgeu gp, a4, +28
  19817 00d1fa63  bgeu gp, a3, +20
  19818 815ff06f  jal x0, -2028
c0_31_p2_4283:
  19819 fe8ff06f  jal x0, -2072
c0_31_p3_4284:
  19820 00000013  addi x0, x0, 0
  19821 ff4ff06f  jal x0, -2060
c0_31_p5_4285:
  19822 819ff06f  jal x0, -2024
c0_31_p6_4286:
  19823 00000013  addi x0, x0, 0
  19824 825ff06f  jal x0, -2012
c0_31_h7_4281:
  19825 54103823  sd ra, 1360(x0)
  19826 54203c23  sd sp, 1368(x0)
  19827 00000013  addi x0, x0, 0
  19828 829ff06f  jal x0, -2008
c0_32_g4_4297:
  19829 00e1fe63  bgeu gp, a4, +28
  19830 00d1fa63  bgeu gp, a3, +20
  19831 895ff06f  jal x0, -1900
c0_32_p2_4298:
  19832 869ff06f  jal x0, -1944
c0_32_p3_4299:
  19833 00000013  addi x0, x0, 0
  19834 875ff06f  jal x0, -1932
c0_32_p5_4300:
  19835 899ff06f  jal x0, -1896
c0_32_p6_4301:
  19836 00000013  addi x0, x0, 0
  19837 8a5ff06f  jal x0, -1884
c0_32_h7_4296:
  19838 56103023  sd ra, 1376(x0)
  19839 56203423  sd sp, 1384(x0)
  19840 00000013  addi x0, x0, 0
  19841 8a9ff06f  jal x0, -1880
c0_33_g4_4312:
  19842 00e1fe63  bgeu gp, a4, +28
  19843 00d1fa63  bgeu gp, a3, +20
  19844 915ff06f  jal x0, -1772
c0_33_p2_4313:
  19845 8e9ff06f  jal x0, -1816
c0_33_p3_4314:
  19846 00000013  addi x0, x0, 0
  19847 8f5ff06f  jal x0, -1804
c0_33_p5_4315:
  19848 919ff06f  jal x0, -1768
c0_33_p6_4316:
  19849 00000013  addi x0, x0, 0
  19850 925ff06f  jal x0, -1756
c0_33_h7_4311:
  19851 56103823  sd ra, 1392(x0)
  19852 56203c23  sd sp, 1400(x0)
  19853 00000013  addi x0, x0, 0
  19854 929ff06f  jal x0, -1752
c0_34_g4_4327:
  19855 00e1fe63  bgeu gp, a4, +28
  19856 00d1fa63  bgeu gp, a3, +20
  19857 995ff06f  jal x0, -1644
c0_34_p2_4328:
  19858 969ff06f  jal x0, -1688
c0_34_p3_4329:
  19859 00000013  addi x0, x0, 0
  19860 975ff06f  jal x0, -1676
c0_34_p5_4330:
  19861 999ff06f  jal x0, -1640
c0_34_p6_4331:
  19862 00000013  addi x0, x0, 0
  19863 9a5ff06f  jal x0, -1628
c0_34_h7_4326:
  19864 58103023  sd ra, 1408(x0)
  19865 58203423  sd sp, 1416(x0)
  19866 00000013  addi x0, x0, 0
  19867 9a9ff06f  jal x0, -1624
c0_35_g4_4342:
  19868 00e1fe63  bgeu gp, a4, +28
  19869 00d1fa63  bgeu gp, a3, +20
  19870 a15ff06f  jal x0, -1516
c0_35_p2_4343:
  19871 9e9ff06f  jal x0, -1560
c0_35_p3_4344:
  19872 00000013  addi x0, x0, 0
  19873 9f5ff06f  jal x0, -1548
c0_35_p5_4345:
  19874 a19ff06f  jal x0, -1512
c0_35_p6_4346:
  19875 00000013  addi x0, x0, 0
  19876 a25ff06f  jal x0, -1500
c0_35_h7_4341:
  19877 58103823  sd ra, 1424(x0)
  19878 58203c23  sd sp, 1432(x0)
  19879 00000013  addi x0, x0, 0
  19880 a29ff06f  jal x0, -1496
c0_36_g4_4357:
  19881 00e1fe63  bgeu gp, a4, +28
  19882 00d1fa63  bgeu gp, a3, +20
  19883 a95ff06f  jal x0, -1388
c0_36_p2_4358:
  19884 a69ff06f  jal x0, -1432
c0_36_p3_4359:
  19885 00000013  addi x0, x0, 0
  19886 a75ff06f  jal x0, -1420
c0_36_p5_4360:
  19887 a99ff06f  jal x0, -1384
c0_36_p6_4361:
  19888 00000013  addi x0, x0, 0
  19889 aa5ff06f  jal x0, -1372
c0_36_h7_4356:
  19890 5a103023  sd ra, 1440(x0)
  19891 5a203423  sd sp, 1448(x0)
  19892 00000013  addi x0, x0, 0
  19893 aa9ff06f  jal x0, -1368
c0_37_g4_4372:
  19894 00e1fe63  bgeu gp, a4, +28
  19895 00d1fa63  bgeu gp, a3, +20
  19896 b15ff06f  jal x0, -1260
c0_37_p2_4373:
  19897 ae9ff06f  jal x0, -1304
c0_37_p3_4374:
  19898 00000013  addi x0, x0, 0
  19899 af5ff06f  jal x0, -1292
c0_37_p5_4375:
  19900 b19ff06f  jal x0, -1256
c0_37_p6_4376:
  19901 00000013  addi x0, x0, 0
  19902 b25ff06f  jal x0, -1244
c0_37_h7_4371:
  19903 5a103823  sd ra, 1456(x0)
  19904 5a203c23  sd sp, 1464(x0)
  19905 00000013  addi x0, x0, 0
  19906 b29ff06f  jal x0, -1240
c0_38_g4_4387:
  19907 00e1fe63  bgeu gp, a4, +28
  19908 00d1fa63  bgeu gp, a3, +20
  19909 b95ff06f  jal x0, -1132
c0_38_p2_4388:
  19910 b69ff06f  jal x0, -1176
c0_38_p3_4389:
  19911 00000013  addi x0, x0, 0
  19912 b75ff06f  jal x0, -1164
c0_38_p5_4390:
  19913 b99ff06f  jal x0, -1128
c0_38_p6_4391:
  19914 00000013  addi x0, x0, 0
  19915 ba5ff06f  jal x0, -1116
c0_38_h7_4386:
  19916 5c103023  sd ra, 1472(x0)
  19917 5c203423  sd sp, 1480(x0)
  19918 00000013  addi x0, x0, 0
  19919 ba9ff06f  jal x0, -1112
c0_39_g4_4402:
  19920 00e1fe63  bgeu gp, a4, +28
  19921 00d1fa63  bgeu gp, a3, +20
  19922 c15ff06f  jal x0, -1004
c0_39_p2_4403:
  19923 be9ff06f  jal x0, -1048
c0_39_p3_4404:
  19924 00000013  addi x0, x0, 0
  19925 bf5ff06f  jal x0, -1036
c0_39_p5_4405:
  19926 c19ff06f  jal x0, -1000
c0_39_p6_4406:
  19927 00000013  addi x0, x0, 0
  19928 c25ff06f  jal x0, -988
c0_39_h7_4401:
  19929 5c103823  sd ra, 1488(x0)
  19930 5c203c23  sd sp, 1496(x0)
  19931 00000013  addi x0, x0, 0
  19932 c29ff06f  jal x0, -984
c0_40_g4_4417:
  19933 00e1fe63  bgeu gp, a4, +28
  19934 00d1fa63  bgeu gp, a3, +20
  19935 c95ff06f  jal x0, -876
c0_40_p2_4418:
  19936 c69ff06f  jal x0, -920
c0_40_p3_4419:
  19937 00000013  addi x0, x0, 0
  19938 c75ff06f  jal x0, -908
c0_40_p5_4420:
  19939 c99ff06f  jal x0, -872
c0_40_p6_4421:
  19940 00000013  addi x0, x0, 0
  19941 ca5ff06f  jal x0, -860
c0_40_h7_4416:
  19942 5e103023  sd ra, 1504(x0)
  19943 5e203423  sd sp, 1512(x0)
  19944 00000013  addi x0, x0, 0
  19945 ca9ff06f  jal x0, -856
c0_41_g4_4432:
  19946 00e1fe63  bgeu gp, a4, +28
  19947 00d1fa63  bgeu gp, a3, +20
  19948 d15ff06f  jal x0, -748
c0_41_p2_4433:
  19949 ce9ff06f  jal x0, -792
c0_41_p3_4434:
  19950 00000013  addi x0, x0, 0
  19951 cf5ff06f  jal x0, -780
c0_41_p5_4435:
  19952 d19ff06f  jal x0, -744
c0_41_p6_4436:
  19953 00000013  addi x0, x0, 0
  19954 d25ff06f  jal x0, -732
c0_41_h7_4431:
  19955 5e103823  sd ra, 1520(x0)
  19956 5e203c23  sd sp, 1528(x0)
  19957 00000013  addi x0, x0, 0
  19958 d29ff06f  jal x0, -728
        ; layer 0: leaf
l0_after2_4438:
  19959 20100193  addi gp, x0, 513
  19960 34303023  sd gp, 832(x0)
  19961 35f03423  sd t6, 840(x0)
  19962 34000513  addi a0, x0, 832
  19963 2c000593  addi a1, x0, 704
  19964 004b9c13  slli s8, s7, 4
  19965 010c7193  andi gp, s8, 16
  19966 1e018613  addi a2, gp, 480
  19967 00000073  ecall
        ; layer 0: tree fold
  19968 30100193  addi gp, x0, 769
  19969 1c302023  sw gp, 448(x0)
  19970 1de02423  sw t5, 456(x0)
  19971 1c000513  addi a0, x0, 448
  19972 04000593  addi a1, x0, 64
        ; fold level 1
  19973 01064193  xori gp, a2, 16
  19974 4509b083  ld ra, 1104(s3)
  19975 4589b103  ld sp, 1112(s3)
  19976 0011b023  sd ra, 0(gp)
  19977 0021b423  sd sp, 8(gp)
  19978 00100213  addi tp, x0, 1
  19979 1c402223  sw tp, 452(x0)
  19980 001bd213  srli tp, s7, 1
  19981 1c402623  sw tp, 460(x0)
  19982 001c5193  srli gp, s8, 1
  19983 0101f193  andi gp, gp, 16
  19984 1e018613  addi a2, gp, 480
  19985 00000073  ecall
        ; fold level 2
  19986 01064193  xori gp, a2, 16
  19987 4609b083  ld ra, 1120(s3)
  19988 4689b103  ld sp, 1128(s3)
  19989 0011b023  sd ra, 0(gp)
  19990 0021b423  sd sp, 8(gp)
  19991 00200213  addi tp, x0, 2
  19992 1c402223  sw tp, 452(x0)
  19993 002bd213  srli tp, s7, 2
  19994 1c402623  sw tp, 460(x0)
  19995 002c5193  srli gp, s8, 2
  19996 0101f193  andi gp, gp, 16
  19997 1e018613  addi a2, gp, 480
  19998 00000073  ecall
        ; fold level 3
  19999 01064193  xori gp, a2, 16
  20000 4709b083  ld ra, 1136(s3)
  20001 4789b103  ld sp, 1144(s3)
  20002 0011b023  sd ra, 0(gp)
  20003 0021b423  sd sp, 8(gp)
  20004 00300213  addi tp, x0, 3
  20005 1c402223  sw tp, 452(x0)
  20006 003bd213  srli tp, s7, 3
  20007 1c402623  sw tp, 460(x0)
  20008 003c5193  srli gp, s8, 3
  20009 0101f193  andi gp, gp, 16
  20010 1e018613  addi a2, gp, 480
  20011 00000073  ecall
        ; fold level 4
  20012 01064193  xori gp, a2, 16
  20013 4809b083  ld ra, 1152(s3)
  20014 4889b103  ld sp, 1160(s3)
  20015 0011b023  sd ra, 0(gp)
  20016 0021b423  sd sp, 8(gp)
  20017 00400213  addi tp, x0, 4
  20018 1c402223  sw tp, 452(x0)
  20019 004bd213  srli tp, s7, 4
  20020 1c402623  sw tp, 460(x0)
  20021 010bf193  andi gp, s7, 16
  20022 1e018613  addi a2, gp, 480
  20023 00000073  ecall
        ; fold level 5
  20024 01064193  xori gp, a2, 16
  20025 4909b083  ld ra, 1168(s3)
  20026 4989b103  ld sp, 1176(s3)
  20027 0011b023  sd ra, 0(gp)
  20028 0021b423  sd sp, 8(gp)
  20029 00500213  addi tp, x0, 5
  20030 1c402223  sw tp, 452(x0)
  20031 1c002623  sw x0, 460(x0)
  20032 18000613  addi a2, x0, 384
  20033 00000073  ecall
        ; final comparison with the public key
compare:
  20034 18003083  ld ra, 384(x0)
  20035 0a003103  ld sp, 160(x0)
  20036 00209e63  bne ra, sp, +28
  20037 18803083  ld ra, 392(x0)
  20038 0a803103  ld sp, 168(x0)
  20039 00209863  bne ra, sp, +16
accept:
  20040 00100293  addi t0, x0, 1
  20041 00000513  addi a0, x0, 0
  20042 00000073  ecall
reject_final:
  20043 00100293  addi t0, x0, 1
  20044 00100513  addi a0, x0, 1
  20045 00000073  ecall
